bucket,match_id,status,error_category,video_id,lane_id,class_name,direction,gt_event_id,pred_event_id,gt_track_id,pred_track_id,gt_crossing_frame,pred_crossing_frame,frame_error,time_error_s
development,tp-MVI_20012-lane_2-car-forward-3-3,tp,matched,MVI_20012,lane_2,car,forward,gt-MVI_20012-lane_2-car-forward-8-3,pred-MVI_20012-lane_2-car-forward-8-3,8,8,3,3,0,0.0
development,tp-MVI_20012-lane_1-car-forward-77-77,tp,matched,MVI_20012,lane_1,car,forward,gt-MVI_20012-lane_1-car-forward-6-77,pred-MVI_20012-lane_1-car-forward-6-77,6,6,77,77,0,0.0
development,tp-MVI_20012-lane_1-bus-forward-98-98,tp,matched,MVI_20012,lane_1,bus,forward,gt-MVI_20012-lane_1-bus-forward-42-98,pred-MVI_20012-lane_1-bus-forward-42-98,42,42,98,98,0,0.0
development,tp-MVI_20012-lane_1-car-forward-104-104,tp,matched,MVI_20012,lane_1,car,forward,gt-MVI_20012-lane_1-car-forward-7-104,pred-MVI_20012-lane_1-car-forward-7-104,7,7,104,104,0,0.0
development,tp-MVI_20012-lane_1-truck-forward-106-106,tp,matched,MVI_20012,lane_1,truck,forward,gt-MVI_20012-lane_1-truck-forward-4-106,pred-MVI_20012-lane_1-truck-forward-4-106,4,4,106,106,0,0.0
development,tp-MVI_20012-lane_1-car-forward-147-147,tp,matched,MVI_20012,lane_1,car,forward,gt-MVI_20012-lane_1-car-forward-5-147,pred-MVI_20012-lane_1-car-forward-5-147,5,5,147,147,0,0.0
development,tp-MVI_20012-lane_2-car-forward-171-171,tp,matched,MVI_20012,lane_2,car,forward,gt-MVI_20012-lane_2-car-forward-17-171,pred-MVI_20012-lane_2-car-forward-17-171,17,17,171,171,0,0.0
development,tp-MVI_20012-lane_1-car-forward-186-186,tp,matched,MVI_20012,lane_1,car,forward,gt-MVI_20012-lane_1-car-forward-11-186,pred-MVI_20012-lane_1-car-forward-11-186,11,11,186,186,0,0.0
development,tp-MVI_20012-lane_2-car-forward-221-221,tp,matched,MVI_20012,lane_2,car,forward,gt-MVI_20012-lane_2-car-forward-20-221,pred-MVI_20012-lane_2-car-forward-20-221,20,20,221,221,0,0.0
development,tp-MVI_20012-lane_1-car-forward-230-230,tp,matched,MVI_20012,lane_1,car,forward,gt-MVI_20012-lane_1-car-forward-13-230,pred-MVI_20012-lane_1-car-forward-13-230,13,13,230,230,0,0.0
development,tp-MVI_20012-lane_2-car-forward-270-270,tp,matched,MVI_20012,lane_2,car,forward,gt-MVI_20012-lane_2-car-forward-23-270,pred-MVI_20012-lane_2-car-forward-23-270,23,23,270,270,0,0.0
development,tp-MVI_20012-lane_1-car-forward-274-274,tp,matched,MVI_20012,lane_1,car,forward,gt-MVI_20012-lane_1-car-forward-19-274,pred-MVI_20012-lane_1-car-forward-19-274,19,19,274,274,0,0.0
development,tp-MVI_20012-lane_1-car-forward-323-323,tp,matched,MVI_20012,lane_1,car,forward,gt-MVI_20012-lane_1-car-forward-12-323,pred-MVI_20012-lane_1-car-forward-12-323,12,12,323,323,0,0.0
development,tp-MVI_20012-lane_2-car-forward-328-328,tp,matched,MVI_20012,lane_2,car,forward,gt-MVI_20012-lane_2-car-forward-26-328,pred-MVI_20012-lane_2-car-forward-26-328,26,26,328,328,0,0.0
development,tp-MVI_20012-lane_1-car-forward-333-333,tp,matched,MVI_20012,lane_1,car,forward,gt-MVI_20012-lane_1-car-forward-18-333,pred-MVI_20012-lane_1-car-forward-18-333,18,18,333,333,0,0.0
development,tp-MVI_20012-lane_1-truck-forward-377-377,tp,matched,MVI_20012,lane_1,truck,forward,gt-MVI_20012-lane_1-truck-forward-14-377,pred-MVI_20012-lane_1-truck-forward-14-377,14,14,377,377,0,0.0
development,tp-MVI_20012-lane_2-car-forward-392-392,tp,matched,MVI_20012,lane_2,car,forward,gt-MVI_20012-lane_2-car-forward-30-392,pred-MVI_20012-lane_2-car-forward-30-392,30,30,392,392,0,0.0
development,tp-MVI_20012-lane_1-car-forward-403-403,tp,matched,MVI_20012,lane_1,car,forward,gt-MVI_20012-lane_1-car-forward-21-403,pred-MVI_20012-lane_1-car-forward-21-403,21,21,403,403,0,0.0
development,tp-MVI_20012-lane_1-car-forward-415-415,tp,matched,MVI_20012,lane_1,car,forward,gt-MVI_20012-lane_1-car-forward-15-415,pred-MVI_20012-lane_1-car-forward-15-415,15,15,415,415,0,0.0
development,tp-MVI_20012-lane_1-car-forward-441-441,tp,matched,MVI_20012,lane_1,car,forward,gt-MVI_20012-lane_1-car-forward-25-441,pred-MVI_20012-lane_1-car-forward-25-441,25,25,441,441,0,0.0
development,tp-MVI_20012-lane_2-car-forward-456-456,tp,matched,MVI_20012,lane_2,car,forward,gt-MVI_20012-lane_2-car-forward-33-456,pred-MVI_20012-lane_2-car-forward-33-456,33,33,456,456,0,0.0
development,tp-MVI_20012-lane_1-car-forward-464-464,tp,matched,MVI_20012,lane_1,car,forward,gt-MVI_20012-lane_1-car-forward-3-464,pred-MVI_20012-lane_1-car-forward-3-464,3,3,464,464,0,0.0
development,tp-MVI_20012-lane_2-car-forward-494-494,tp,matched,MVI_20012,lane_2,car,forward,gt-MVI_20012-lane_2-car-forward-34-494,pred-MVI_20012-lane_2-car-forward-34-494,34,34,494,494,0,0.0
development,tp-MVI_20012-lane_1-car-forward-499-499,tp,matched,MVI_20012,lane_1,car,forward,gt-MVI_20012-lane_1-car-forward-27-499,pred-MVI_20012-lane_1-car-forward-27-499,27,27,499,499,0,0.0
development,tp-MVI_20012-lane_1-car-forward-513-513,tp,matched,MVI_20012,lane_1,car,forward,gt-MVI_20012-lane_1-car-forward-24-513,pred-MVI_20012-lane_1-car-forward-24-513,24,24,513,513,0,0.0
development,tp-MVI_20012-lane_2-car-forward-516-516,tp,matched,MVI_20012,lane_2,car,forward,gt-MVI_20012-lane_2-car-forward-37-516,pred-MVI_20012-lane_2-car-forward-37-516,37,37,516,516,0,0.0
development,tp-MVI_20012-lane_1-truck-forward-532-532,tp,matched,MVI_20012,lane_1,truck,forward,gt-MVI_20012-lane_1-truck-forward-28-532,pred-MVI_20012-lane_1-truck-forward-28-532,28,28,532,532,0,0.0
development,tp-MVI_20012-lane_2-car-forward-541-541,tp,matched,MVI_20012,lane_2,car,forward,gt-MVI_20012-lane_2-car-forward-39-541,pred-MVI_20012-lane_2-car-forward-39-541,39,39,541,541,0,0.0
development,tp-MVI_20012-lane_1-car-forward-555-555,tp,matched,MVI_20012,lane_1,car,forward,gt-MVI_20012-lane_1-car-forward-29-555,pred-MVI_20012-lane_1-car-forward-29-555,29,29,555,555,0,0.0
development,tp-MVI_20012-lane_1-car-forward-591-591,tp,matched,MVI_20012,lane_1,car,forward,gt-MVI_20012-lane_1-car-forward-31-591,pred-MVI_20012-lane_1-car-forward-31-591,31,31,591,591,0,0.0
development,tp-MVI_20012-lane_1-car-forward-651-651,tp,matched,MVI_20012,lane_1,car,forward,gt-MVI_20012-lane_1-car-forward-32-651,pred-MVI_20012-lane_1-car-forward-32-651,32,32,651,651,0,0.0
development,tp-MVI_20012-lane_1-car-forward-667-667,tp,matched,MVI_20012,lane_1,car,forward,gt-MVI_20012-lane_1-car-forward-35-667,pred-MVI_20012-lane_1-car-forward-35-667,35,35,667,667,0,0.0
development,tp-MVI_20012-lane_1-bus-forward-673-673,tp,matched,MVI_20012,lane_1,bus,forward,gt-MVI_20012-lane_1-bus-forward-22-673,pred-MVI_20012-lane_1-bus-forward-22-673,22,22,673,673,0,0.0
development,tp-MVI_20012-lane_2-car-forward-683-683,tp,matched,MVI_20012,lane_2,car,forward,gt-MVI_20012-lane_2-car-forward-40-683,pred-MVI_20012-lane_2-car-forward-40-683,40,40,683,683,0,0.0
development,tp-MVI_20012-lane_1-car-forward-739-739,tp,matched,MVI_20012,lane_1,car,forward,gt-MVI_20012-lane_1-car-forward-38-739,pred-MVI_20012-lane_1-car-forward-38-739,38,38,739,739,0,0.0
development,tp-MVI_20035-lane_1-car-forward-20-20,tp,matched,MVI_20035,lane_1,car,forward,gt-MVI_20035-lane_1-car-forward-31-20,pred-MVI_20035-lane_1-car-forward-31-20,31,31,20,20,0,0.0
development,tp-MVI_20035-lane_2-car-forward-24-24,tp,matched,MVI_20035,lane_2,car,forward,gt-MVI_20035-lane_2-car-forward-1-24,pred-MVI_20035-lane_2-car-forward-1-24,1,1,24,24,0,0.0
development,tp-MVI_20035-lane_1-car-forward-36-36,tp,matched,MVI_20035,lane_1,car,forward,gt-MVI_20035-lane_1-car-forward-32-36,pred-MVI_20035-lane_1-car-forward-32-36,32,32,36,36,0,0.0
development,tp-MVI_20035-lane_2-truck-forward-68-68,tp,matched,MVI_20035,lane_2,truck,forward,gt-MVI_20035-lane_2-truck-forward-6-68,pred-MVI_20035-lane_2-truck-forward-6-68,6,6,68,68,0,0.0
development,tp-MVI_20035-lane_1-car-forward-87-87,tp,matched,MVI_20035,lane_1,car,forward,gt-MVI_20035-lane_1-car-forward-33-87,pred-MVI_20035-lane_1-car-forward-33-87,33,33,87,87,0,0.0
development,tp-MVI_20035-lane_1-car-forward-111-111,tp,matched,MVI_20035,lane_1,car,forward,gt-MVI_20035-lane_1-car-forward-35-111,pred-MVI_20035-lane_1-car-forward-35-111,35,35,111,111,0,0.0
development,tp-MVI_20035-lane_1-car-forward-123-123,tp,matched,MVI_20035,lane_1,car,forward,gt-MVI_20035-lane_1-car-forward-34-123,pred-MVI_20035-lane_1-car-forward-34-123,34,34,123,123,0,0.0
development,tp-MVI_20035-lane_2-car-forward-131-131,tp,matched,MVI_20035,lane_2,car,forward,gt-MVI_20035-lane_2-car-forward-7-131,pred-MVI_20035-lane_2-car-forward-7-131,7,7,131,131,0,0.0
development,tp-MVI_20035-lane_1-car-forward-140-140,tp,matched,MVI_20035,lane_1,car,forward,gt-MVI_20035-lane_1-car-forward-39-140,pred-MVI_20035-lane_1-car-forward-39-140,39,39,140,140,0,0.0
development,tp-MVI_20035-lane_1-car-forward-179-179,tp,matched,MVI_20035,lane_1,car,forward,gt-MVI_20035-lane_1-car-forward-36-179,pred-MVI_20035-lane_1-car-forward-36-179,36,36,179,179,0,0.0
development,tp-MVI_20035-lane_2-car-forward-196-196,tp,matched,MVI_20035,lane_2,car,forward,gt-MVI_20035-lane_2-car-forward-8-196,pred-MVI_20035-lane_2-car-forward-8-196,8,8,196,196,0,0.0
development,tp-MVI_20035-lane_1-car-forward-202-202,tp,matched,MVI_20035,lane_1,car,forward,gt-MVI_20035-lane_1-car-forward-37-202,pred-MVI_20035-lane_1-car-forward-37-202,37,37,202,202,0,0.0
development,tp-MVI_20035-lane_1-car-forward-216-216,tp,matched,MVI_20035,lane_1,car,forward,gt-MVI_20035-lane_1-car-forward-42-216,pred-MVI_20035-lane_1-car-forward-42-216,42,42,216,216,0,0.0
development,tp-MVI_20035-lane_2-car-forward-240-240,tp,matched,MVI_20035,lane_2,car,forward,gt-MVI_20035-lane_2-car-forward-9-240,pred-MVI_20035-lane_2-car-forward-9-240,9,9,240,240,0,0.0
development,tp-MVI_20035-lane_1-car-forward-243-243,tp,matched,MVI_20035,lane_1,car,forward,gt-MVI_20035-lane_1-car-forward-38-243,pred-MVI_20035-lane_1-car-forward-38-243,38,38,243,243,0,0.0
development,tp-MVI_20035-lane_1-car-forward-262-262,tp,matched,MVI_20035,lane_1,car,forward,gt-MVI_20035-lane_1-car-forward-40-262,pred-MVI_20035-lane_1-car-forward-40-262,40,40,262,262,0,0.0
development,tp-MVI_20035-lane_1-truck-forward-302-302,tp,matched,MVI_20035,lane_1,truck,forward,gt-MVI_20035-lane_1-truck-forward-43-302,pred-MVI_20035-lane_1-truck-forward-43-302,43,43,302,302,0,0.0
development,tp-MVI_20035-lane_1-car-forward-304-304,tp,matched,MVI_20035,lane_1,car,forward,gt-MVI_20035-lane_1-car-forward-41-304,pred-MVI_20035-lane_1-car-forward-41-304,41,41,304,304,0,0.0
development,tp-MVI_20035-lane_2-car-forward-318-318,tp,matched,MVI_20035,lane_2,car,forward,gt-MVI_20035-lane_2-car-forward-10-318,pred-MVI_20035-lane_2-car-forward-10-318,10,10,318,318,0,0.0
development,tp-MVI_20035-lane_2-truck-forward-323-323,tp,matched,MVI_20035,lane_2,truck,forward,gt-MVI_20035-lane_2-truck-forward-11-323,pred-MVI_20035-lane_2-truck-forward-11-323,11,11,323,323,0,0.0
development,tp-MVI_20035-lane_1-car-forward-336-336,tp,matched,MVI_20035,lane_1,car,forward,gt-MVI_20035-lane_1-car-forward-45-336,pred-MVI_20035-lane_1-car-forward-45-336,45,45,336,336,0,0.0
development,tp-MVI_20035-lane_1-car-forward-346-346,tp,matched,MVI_20035,lane_1,car,forward,gt-MVI_20035-lane_1-car-forward-44-346,pred-MVI_20035-lane_1-car-forward-44-346,44,44,346,346,0,0.0
development,tp-MVI_20035-lane_2-car-forward-359-359,tp,matched,MVI_20035,lane_2,car,forward,gt-MVI_20035-lane_2-car-forward-12-359,pred-MVI_20035-lane_2-car-forward-12-359,12,12,359,359,0,0.0
development,tp-MVI_20035-lane_1-car-forward-377-377,tp,matched,MVI_20035,lane_1,car,forward,gt-MVI_20035-lane_1-car-forward-46-377,pred-MVI_20035-lane_1-car-forward-46-377,46,46,377,377,0,0.0
development,tp-MVI_20035-lane_2-car-forward-390-390,tp,matched,MVI_20035,lane_2,car,forward,gt-MVI_20035-lane_2-car-forward-13-390,pred-MVI_20035-lane_2-car-forward-13-390,13,13,390,390,0,0.0
development,tp-MVI_20035-lane_1-car-forward-398-398,tp,matched,MVI_20035,lane_1,car,forward,gt-MVI_20035-lane_1-car-forward-47-398,pred-MVI_20035-lane_1-car-forward-47-398,47,47,398,398,0,0.0
development,tp-MVI_20035-lane_2-car-forward-417-417,tp,matched,MVI_20035,lane_2,car,forward,gt-MVI_20035-lane_2-car-forward-14-417,pred-MVI_20035-lane_2-car-forward-14-417,14,14,417,417,0,0.0
development,tp-MVI_20035-lane_1-car-forward-422-422,tp,matched,MVI_20035,lane_1,car,forward,gt-MVI_20035-lane_1-car-forward-48-422,pred-MVI_20035-lane_1-car-forward-48-422,48,48,422,422,0,0.0
development,tp-MVI_20035-lane_1-truck-forward-428-428,tp,matched,MVI_20035,lane_1,truck,forward,gt-MVI_20035-lane_1-truck-forward-49-428,pred-MVI_20035-lane_1-truck-forward-49-428,49,49,428,428,0,0.0
development,tp-MVI_20035-lane_1-car-forward-450-450,tp,matched,MVI_20035,lane_1,car,forward,gt-MVI_20035-lane_1-car-forward-50-450,pred-MVI_20035-lane_1-car-forward-50-450,50,50,450,450,0,0.0
development,tp-MVI_20035-lane_2-car-forward-470-470,tp,matched,MVI_20035,lane_2,car,forward,gt-MVI_20035-lane_2-car-forward-15-470,pred-MVI_20035-lane_2-car-forward-15-470,15,15,470,470,0,0.0
development,tp-MVI_20035-lane_1-truck-forward-476-476,tp,matched,MVI_20035,lane_1,truck,forward,gt-MVI_20035-lane_1-truck-forward-52-476,pred-MVI_20035-lane_1-truck-forward-52-476,52,52,476,476,0,0.0
development,tp-MVI_20035-lane_2-car-forward-495-495,tp,matched,MVI_20035,lane_2,car,forward,gt-MVI_20035-lane_2-car-forward-16-495,pred-MVI_20035-lane_2-car-forward-16-495,16,16,495,495,0,0.0
development,tp-MVI_20035-lane_2-car-forward-499-499,tp,matched,MVI_20035,lane_2,car,forward,gt-MVI_20035-lane_2-car-forward-17-499,pred-MVI_20035-lane_2-car-forward-17-499,17,17,499,499,0,0.0
development,tp-MVI_20035-lane_1-car-forward-505-505,tp,matched,MVI_20035,lane_1,car,forward,gt-MVI_20035-lane_1-car-forward-53-505,pred-MVI_20035-lane_1-car-forward-53-505,53,53,505,505,0,0.0
development,tp-MVI_20035-lane_2-car-forward-536-536,tp,matched,MVI_20035,lane_2,car,forward,gt-MVI_20035-lane_2-car-forward-18-536,pred-MVI_20035-lane_2-car-forward-18-536,18,18,536,536,0,0.0
development,tp-MVI_20035-lane_1-car-forward-539-539,tp,matched,MVI_20035,lane_1,car,forward,gt-MVI_20035-lane_1-car-forward-55-539,pred-MVI_20035-lane_1-car-forward-55-539,55,55,539,539,0,0.0
development,tp-MVI_20035-lane_2-car-forward-559-559,tp,matched,MVI_20035,lane_2,car,forward,gt-MVI_20035-lane_2-car-forward-19-559,pred-MVI_20035-lane_2-car-forward-19-559,19,19,559,559,0,0.0
development,tp-MVI_20035-lane_2-car-forward-563-563,tp,matched,MVI_20035,lane_2,car,forward,gt-MVI_20035-lane_2-car-forward-20-563,pred-MVI_20035-lane_2-car-forward-20-563,20,20,563,563,0,0.0
development,tp-MVI_20035-lane_1-car-forward-589-589,tp,matched,MVI_20035,lane_1,car,forward,gt-MVI_20035-lane_1-car-forward-54-589,pred-MVI_20035-lane_1-car-forward-54-589,54,54,589,589,0,0.0
development,tp-MVI_20035-lane_1-car-forward-591-591,tp,matched,MVI_20035,lane_1,car,forward,gt-MVI_20035-lane_1-car-forward-57-591,pred-MVI_20035-lane_1-car-forward-57-591,57,57,591,591,0,0.0
development,tp-MVI_20035-lane_2-car-forward-595-595,tp,matched,MVI_20035,lane_2,car,forward,gt-MVI_20035-lane_2-car-forward-21-595,pred-MVI_20035-lane_2-car-forward-21-595,21,21,595,595,0,0.0
development,tp-MVI_20035-lane_2-car-forward-597-597,tp,matched,MVI_20035,lane_2,car,forward,gt-MVI_20035-lane_2-car-forward-22-597,pred-MVI_20035-lane_2-car-forward-22-597,22,22,597,597,0,0.0
development,tp-MVI_20035-lane_1-truck-forward-627-627,tp,matched,MVI_20035,lane_1,truck,forward,gt-MVI_20035-lane_1-truck-forward-56-627,pred-MVI_20035-lane_1-truck-forward-56-627,56,56,627,627,0,0.0
development,tp-MVI_20035-lane_2-car-forward-634-634,tp,matched,MVI_20035,lane_2,car,forward,gt-MVI_20035-lane_2-car-forward-23-634,pred-MVI_20035-lane_2-car-forward-23-634,23,23,634,634,0,0.0
development,tp-MVI_20035-lane_1-car-forward-640-640,tp,matched,MVI_20035,lane_1,car,forward,gt-MVI_20035-lane_1-car-forward-59-640,pred-MVI_20035-lane_1-car-forward-59-640,59,59,640,640,0,0.0
development,tp-MVI_20035-lane_2-car-forward-642-642,tp,matched,MVI_20035,lane_2,car,forward,gt-MVI_20035-lane_2-car-forward-24-642,pred-MVI_20035-lane_2-car-forward-24-642,24,24,642,642,0,0.0
development,tp-MVI_20035-lane_2-car-forward-669-669,tp,matched,MVI_20035,lane_2,car,forward,gt-MVI_20035-lane_2-car-forward-25-669,pred-MVI_20035-lane_2-car-forward-25-669,25,25,669,669,0,0.0
development,tp-MVI_20035-lane_1-car-forward-696-696,tp,matched,MVI_20035,lane_1,car,forward,gt-MVI_20035-lane_1-car-forward-61-696,pred-MVI_20035-lane_1-car-forward-61-696,61,61,696,696,0,0.0
development,tp-MVI_20035-lane_2-truck-forward-696-696,tp,matched,MVI_20035,lane_2,truck,forward,gt-MVI_20035-lane_2-truck-forward-26-696,pred-MVI_20035-lane_2-truck-forward-26-696,26,26,696,696,0,0.0
development,tp-MVI_20035-lane_2-car-forward-716-716,tp,matched,MVI_20035,lane_2,car,forward,gt-MVI_20035-lane_2-car-forward-27-716,pred-MVI_20035-lane_2-car-forward-27-716,27,27,716,716,0,0.0
development,tp-MVI_20035-lane_1-car-forward-719-719,tp,matched,MVI_20035,lane_1,car,forward,gt-MVI_20035-lane_1-car-forward-60-719,pred-MVI_20035-lane_1-car-forward-60-719,60,60,719,719,0,0.0
development,tp-MVI_20035-lane_1-car-forward-739-739,tp,matched,MVI_20035,lane_1,car,forward,gt-MVI_20035-lane_1-car-forward-62-739,pred-MVI_20035-lane_1-car-forward-62-739,62,62,739,739,0,0.0
development,tp-MVI_20035-lane_2-car-forward-739-739,tp,matched,MVI_20035,lane_2,car,forward,gt-MVI_20035-lane_2-car-forward-28-739,pred-MVI_20035-lane_2-car-forward-28-739,28,28,739,739,0,0.0
development,tp-MVI_20035-lane_1-car-forward-768-768,tp,matched,MVI_20035,lane_1,car,forward,gt-MVI_20035-lane_1-car-forward-51-768,pred-MVI_20035-lane_1-car-forward-51-768,51,51,768,768,0,0.0
development,tp-MVI_20035-lane_2-car-forward-768-768,tp,matched,MVI_20035,lane_2,car,forward,gt-MVI_20035-lane_2-car-forward-29-768,pred-MVI_20035-lane_2-car-forward-29-768,29,29,768,768,0,0.0
development,tp-MVI_40213-lane_1-car-forward-9-9,tp,matched,MVI_40213,lane_1,car,forward,gt-MVI_40213-lane_1-car-forward-4-9,pred-MVI_40213-lane_1-car-forward-4-9,4,4,9,9,0,0.0
development,tp-MVI_40213-lane_1-car-forward-12-12,tp,matched,MVI_40213,lane_1,car,forward,gt-MVI_40213-lane_1-car-forward-5-12,pred-MVI_40213-lane_1-car-forward-5-12,5,5,12,12,0,0.0
development,tp-MVI_40213-lane_2-car-forward-32-32,tp,matched,MVI_40213,lane_2,car,forward,gt-MVI_40213-lane_2-car-forward-7-32,pred-MVI_40213-lane_2-car-forward-7-32,7,7,32,32,0,0.0
development,tp-MVI_40213-lane_2-car-forward-37-37,tp,matched,MVI_40213,lane_2,car,forward,gt-MVI_40213-lane_2-car-forward-9-37,pred-MVI_40213-lane_2-car-forward-9-37,9,9,37,37,0,0.0
development,tp-MVI_40213-lane_1-car-forward-46-46,tp,matched,MVI_40213,lane_1,car,forward,gt-MVI_40213-lane_1-car-forward-6-46,pred-MVI_40213-lane_1-car-forward-6-46,6,6,46,46,0,0.0
development,tp-MVI_40213-lane_1-car-forward-57-57,tp,matched,MVI_40213,lane_1,car,forward,gt-MVI_40213-lane_1-car-forward-8-57,pred-MVI_40213-lane_1-car-forward-8-57,8,8,57,57,0,0.0
development,tp-MVI_40213-lane_1-truck-forward-73-73,tp,matched,MVI_40213,lane_1,truck,forward,gt-MVI_40213-lane_1-truck-forward-13-73,pred-MVI_40213-lane_1-truck-forward-13-73,13,13,73,73,0,0.0
development,tp-MVI_40213-lane_1-car-forward-78-78,tp,matched,MVI_40213,lane_1,car,forward,gt-MVI_40213-lane_1-car-forward-12-78,pred-MVI_40213-lane_1-car-forward-12-78,12,12,78,78,0,0.0
development,tp-MVI_40213-lane_1-car-forward-82-82,tp,matched,MVI_40213,lane_1,car,forward,gt-MVI_40213-lane_1-car-forward-11-82,pred-MVI_40213-lane_1-car-forward-11-82,11,11,82,82,0,0.0
development,tp-MVI_40213-lane_2-car-forward-84-84,tp,matched,MVI_40213,lane_2,car,forward,gt-MVI_40213-lane_2-car-forward-18-84,pred-MVI_40213-lane_2-car-forward-18-84,18,18,84,84,0,0.0
development,tp-MVI_40213-lane_2-car-forward-88-88,tp,matched,MVI_40213,lane_2,car,forward,gt-MVI_40213-lane_2-car-forward-19-88,pred-MVI_40213-lane_2-car-forward-19-88,19,19,88,88,0,0.0
development,tp-MVI_40213-lane_1-car-forward-102-102,tp,matched,MVI_40213,lane_1,car,forward,gt-MVI_40213-lane_1-car-forward-14-102,pred-MVI_40213-lane_1-car-forward-14-102,14,14,102,102,0,0.0
development,tp-MVI_40213-lane_1-car-forward-104-104,tp,matched,MVI_40213,lane_1,car,forward,gt-MVI_40213-lane_1-car-forward-17-104,pred-MVI_40213-lane_1-car-forward-17-104,17,17,104,104,0,0.0
development,tp-MVI_40213-lane_2-truck-forward-109-109,tp,matched,MVI_40213,lane_2,truck,forward,gt-MVI_40213-lane_2-truck-forward-21-109,pred-MVI_40213-lane_2-truck-forward-21-109,21,21,109,109,0,0.0
development,tp-MVI_40213-lane_1-car-forward-113-113,tp,matched,MVI_40213,lane_1,car,forward,gt-MVI_40213-lane_1-car-forward-15-113,pred-MVI_40213-lane_1-car-forward-15-113,15,15,113,113,0,0.0
development,tp-MVI_40213-lane_2-car-forward-129-129,tp,matched,MVI_40213,lane_2,car,forward,gt-MVI_40213-lane_2-car-forward-22-129,pred-MVI_40213-lane_2-car-forward-22-129,22,22,129,129,0,0.0
development,tp-MVI_40213-lane_2-truck-forward-130-130,tp,matched,MVI_40213,lane_2,truck,forward,gt-MVI_40213-lane_2-truck-forward-24-130,pred-MVI_40213-lane_2-truck-forward-24-130,24,24,130,130,0,0.0
development,tp-MVI_40213-lane_1-car-forward-156-156,tp,matched,MVI_40213,lane_1,car,forward,gt-MVI_40213-lane_1-car-forward-23-156,pred-MVI_40213-lane_1-car-forward-23-156,23,23,156,156,0,0.0
development,tp-MVI_40213-lane_1-truck-forward-181-181,tp,matched,MVI_40213,lane_1,truck,forward,gt-MVI_40213-lane_1-truck-forward-27-181,pred-MVI_40213-lane_1-truck-forward-27-181,27,27,181,181,0,0.0
development,tp-MVI_40213-lane_1-car-forward-194-194,tp,matched,MVI_40213,lane_1,car,forward,gt-MVI_40213-lane_1-car-forward-28-194,pred-MVI_40213-lane_1-car-forward-28-194,28,28,194,194,0,0.0
development,tp-MVI_40213-lane_1-car-forward-222-222,tp,matched,MVI_40213,lane_1,car,forward,gt-MVI_40213-lane_1-car-forward-30-222,pred-MVI_40213-lane_1-car-forward-30-222,30,30,222,222,0,0.0
development,tp-MVI_40213-lane_2-car-forward-236-236,tp,matched,MVI_40213,lane_2,car,forward,gt-MVI_40213-lane_2-car-forward-33-236,pred-MVI_40213-lane_2-car-forward-33-236,33,33,236,236,0,0.0
development,tp-MVI_40213-lane_2-car-forward-250-250,tp,matched,MVI_40213,lane_2,car,forward,gt-MVI_40213-lane_2-car-forward-34-250,pred-MVI_40213-lane_2-car-forward-34-250,34,34,250,250,0,0.0
development,tp-MVI_40213-lane_2-car-forward-253-253,tp,matched,MVI_40213,lane_2,car,forward,gt-MVI_40213-lane_2-car-forward-35-253,pred-MVI_40213-lane_2-car-forward-35-253,35,35,253,253,0,0.0
development,tp-MVI_40213-lane_1-car-forward-255-255,tp,matched,MVI_40213,lane_1,car,forward,gt-MVI_40213-lane_1-car-forward-32-255,pred-MVI_40213-lane_1-car-forward-32-255,32,32,255,255,0,0.0
development,tp-MVI_40213-lane_1-car-forward-280-280,tp,matched,MVI_40213,lane_1,car,forward,gt-MVI_40213-lane_1-car-forward-36-280,pred-MVI_40213-lane_1-car-forward-36-280,36,36,280,280,0,0.0
development,tp-MVI_40213-lane_2-car-forward-281-281,tp,matched,MVI_40213,lane_2,car,forward,gt-MVI_40213-lane_2-car-forward-40-281,pred-MVI_40213-lane_2-car-forward-40-281,40,40,281,281,0,0.0
development,tp-MVI_40213-lane_2-car-forward-289-289,tp,matched,MVI_40213,lane_2,car,forward,gt-MVI_40213-lane_2-car-forward-41-289,pred-MVI_40213-lane_2-car-forward-41-289,41,41,289,289,0,0.0
development,tp-MVI_40213-lane_1-car-forward-291-291,tp,matched,MVI_40213,lane_1,car,forward,gt-MVI_40213-lane_1-car-forward-39-291,pred-MVI_40213-lane_1-car-forward-39-291,39,39,291,291,0,0.0
development,tp-MVI_40213-lane_1-truck-forward-296-296,tp,matched,MVI_40213,lane_1,truck,forward,gt-MVI_40213-lane_1-truck-forward-38-296,pred-MVI_40213-lane_1-truck-forward-38-296,38,38,296,296,0,0.0
development,tp-MVI_40213-lane_2-car-forward-339-339,tp,matched,MVI_40213,lane_2,car,forward,gt-MVI_40213-lane_2-car-forward-46-339,pred-MVI_40213-lane_2-car-forward-46-339,46,46,339,339,0,0.0
development,tp-MVI_40213-lane_1-car-forward-348-348,tp,matched,MVI_40213,lane_1,car,forward,gt-MVI_40213-lane_1-car-forward-43-348,pred-MVI_40213-lane_1-car-forward-43-348,43,43,348,348,0,0.0
development,tp-MVI_40213-lane_1-car-forward-353-353,tp,matched,MVI_40213,lane_1,car,forward,gt-MVI_40213-lane_1-car-forward-45-353,pred-MVI_40213-lane_1-car-forward-45-353,45,45,353,353,0,0.0
development,tp-MVI_40213-lane_2-car-forward-369-369,tp,matched,MVI_40213,lane_2,car,forward,gt-MVI_40213-lane_2-car-forward-50-369,pred-MVI_40213-lane_2-car-forward-50-369,50,50,369,369,0,0.0
development,tp-MVI_40213-lane_2-truck-forward-370-370,tp,matched,MVI_40213,lane_2,truck,forward,gt-MVI_40213-lane_2-truck-forward-49-370,pred-MVI_40213-lane_2-truck-forward-49-370,49,49,370,370,0,0.0
development,tp-MVI_40213-lane_1-car-forward-386-386,tp,matched,MVI_40213,lane_1,car,forward,gt-MVI_40213-lane_1-car-forward-47-386,pred-MVI_40213-lane_1-car-forward-47-386,47,47,386,386,0,0.0
development,tp-MVI_40213-lane_2-car-forward-390-390,tp,matched,MVI_40213,lane_2,car,forward,gt-MVI_40213-lane_2-car-forward-53-390,pred-MVI_40213-lane_2-car-forward-53-390,53,53,390,390,0,0.0
development,tp-MVI_40213-lane_2-car-forward-396-396,tp,matched,MVI_40213,lane_2,car,forward,gt-MVI_40213-lane_2-car-forward-54-396,pred-MVI_40213-lane_2-car-forward-54-396,54,54,396,396,0,0.0
development,tp-MVI_40213-lane_1-car-forward-415-415,tp,matched,MVI_40213,lane_1,car,forward,gt-MVI_40213-lane_1-car-forward-55-415,pred-MVI_40213-lane_1-car-forward-55-415,55,55,415,415,0,0.0
development,tp-MVI_40213-lane_1-car-forward-420-420,tp,matched,MVI_40213,lane_1,car,forward,gt-MVI_40213-lane_1-car-forward-57-420,pred-MVI_40213-lane_1-car-forward-57-420,57,57,420,420,0,0.0
development,tp-MVI_40213-lane_2-car-forward-424-424,tp,matched,MVI_40213,lane_2,car,forward,gt-MVI_40213-lane_2-car-forward-59-424,pred-MVI_40213-lane_2-car-forward-59-424,59,59,424,424,0,0.0
development,tp-MVI_40213-lane_1-car-forward-425-425,tp,matched,MVI_40213,lane_1,car,forward,gt-MVI_40213-lane_1-car-forward-56-425,pred-MVI_40213-lane_1-car-forward-56-425,56,56,425,425,0,0.0
development,tp-MVI_40213-lane_2-car-forward-437-437,tp,matched,MVI_40213,lane_2,car,forward,gt-MVI_40213-lane_2-car-forward-60-437,pred-MVI_40213-lane_2-car-forward-60-437,60,60,437,437,0,0.0
development,tp-MVI_40213-lane_2-car-forward-459-459,tp,matched,MVI_40213,lane_2,car,forward,gt-MVI_40213-lane_2-car-forward-63-459,pred-MVI_40213-lane_2-car-forward-63-459,63,63,459,459,0,0.0
development,tp-MVI_40213-lane_2-truck-forward-474-474,tp,matched,MVI_40213,lane_2,truck,forward,gt-MVI_40213-lane_2-truck-forward-64-474,pred-MVI_40213-lane_2-truck-forward-64-474,64,64,474,474,0,0.0
development,tp-MVI_40213-lane_2-car-forward-479-479,tp,matched,MVI_40213,lane_2,car,forward,gt-MVI_40213-lane_2-car-forward-67-479,pred-MVI_40213-lane_2-car-forward-67-479,67,67,479,479,0,0.0
development,tp-MVI_40213-lane_1-truck-forward-480-480,tp,matched,MVI_40213,lane_1,truck,forward,gt-MVI_40213-lane_1-truck-forward-61-480,pred-MVI_40213-lane_1-truck-forward-61-480,61,61,480,480,0,0.0
development,tp-MVI_40213-lane_1-car-forward-497-497,tp,matched,MVI_40213,lane_1,car,forward,gt-MVI_40213-lane_1-car-forward-66-497,pred-MVI_40213-lane_1-car-forward-66-497,66,66,497,497,0,0.0
development,tp-MVI_40213-lane_2-car-forward-504-504,tp,matched,MVI_40213,lane_2,car,forward,gt-MVI_40213-lane_2-car-forward-70-504,pred-MVI_40213-lane_2-car-forward-70-504,70,70,504,504,0,0.0
development,tp-MVI_40213-lane_2-car-forward-507-507,tp,matched,MVI_40213,lane_2,car,forward,gt-MVI_40213-lane_2-car-forward-71-507,pred-MVI_40213-lane_2-car-forward-71-507,71,71,507,507,0,0.0
development,tp-MVI_40213-lane_2-car-forward-535-535,tp,matched,MVI_40213,lane_2,car,forward,gt-MVI_40213-lane_2-car-forward-73-535,pred-MVI_40213-lane_2-car-forward-73-535,73,73,535,535,0,0.0
development,tp-MVI_40213-lane_2-car-forward-538-538,tp,matched,MVI_40213,lane_2,car,forward,gt-MVI_40213-lane_2-car-forward-74-538,pred-MVI_40213-lane_2-car-forward-74-538,74,74,538,538,0,0.0
development,tp-MVI_40213-lane_1-car-forward-556-556,tp,matched,MVI_40213,lane_1,car,forward,gt-MVI_40213-lane_1-car-forward-72-556,pred-MVI_40213-lane_1-car-forward-72-556,72,72,556,556,0,0.0
development,tp-MVI_40213-lane_1-car-forward-560-560,tp,matched,MVI_40213,lane_1,car,forward,gt-MVI_40213-lane_1-car-forward-75-560,pred-MVI_40213-lane_1-car-forward-75-560,75,75,560,560,0,0.0
development,tp-MVI_40213-lane_1-car-forward-570-570,tp,matched,MVI_40213,lane_1,car,forward,gt-MVI_40213-lane_1-car-forward-76-570,pred-MVI_40213-lane_1-car-forward-76-570,76,76,570,570,0,0.0
development,tp-MVI_40213-lane_2-car-forward-576-576,tp,matched,MVI_40213,lane_2,car,forward,gt-MVI_40213-lane_2-car-forward-81-576,pred-MVI_40213-lane_2-car-forward-81-576,81,81,576,576,0,0.0
development,tp-MVI_40213-lane_2-car-forward-582-582,tp,matched,MVI_40213,lane_2,car,forward,gt-MVI_40213-lane_2-car-forward-82-582,pred-MVI_40213-lane_2-car-forward-82-582,82,82,582,582,0,0.0
development,tp-MVI_40213-lane_1-car-forward-584-584,tp,matched,MVI_40213,lane_1,car,forward,gt-MVI_40213-lane_1-car-forward-77-584,pred-MVI_40213-lane_1-car-forward-77-584,77,77,584,584,0,0.0
development,tp-MVI_40213-lane_1-car-forward-593-593,tp,matched,MVI_40213,lane_1,car,forward,gt-MVI_40213-lane_1-car-forward-78-593,pred-MVI_40213-lane_1-car-forward-78-593,78,78,593,593,0,0.0
development,tp-MVI_40213-lane_2-car-forward-599-599,tp,matched,MVI_40213,lane_2,car,forward,gt-MVI_40213-lane_2-car-forward-86-599,pred-MVI_40213-lane_2-car-forward-86-599,86,86,599,599,0,0.0
development,tp-MVI_40213-lane_1-car-forward-611-611,tp,matched,MVI_40213,lane_1,car,forward,gt-MVI_40213-lane_1-car-forward-80-611,pred-MVI_40213-lane_1-car-forward-80-611,80,80,611,611,0,0.0
development,tp-MVI_40213-lane_1-car-forward-617-617,tp,matched,MVI_40213,lane_1,car,forward,gt-MVI_40213-lane_1-car-forward-84-617,pred-MVI_40213-lane_1-car-forward-84-617,84,84,617,617,0,0.0
development,tp-MVI_40213-lane_1-car-forward-632-632,tp,matched,MVI_40213,lane_1,car,forward,gt-MVI_40213-lane_1-car-forward-89-632,pred-MVI_40213-lane_1-car-forward-89-632,89,89,632,632,0,0.0
development,tp-MVI_40213-lane_1-car-forward-634-634,tp,matched,MVI_40213,lane_1,car,forward,gt-MVI_40213-lane_1-car-forward-87-634,pred-MVI_40213-lane_1-car-forward-87-634,87,87,634,634,0,0.0
development,tp-MVI_40213-lane_2-car-forward-635-635,tp,matched,MVI_40213,lane_2,car,forward,gt-MVI_40213-lane_2-car-forward-92-635,pred-MVI_40213-lane_2-car-forward-92-635,92,92,635,635,0,0.0
development,tp-MVI_40213-lane_2-car-forward-637-637,tp,matched,MVI_40213,lane_2,car,forward,gt-MVI_40213-lane_2-car-forward-94-637,pred-MVI_40213-lane_2-car-forward-94-637,94,94,637,637,0,0.0
development,tp-MVI_40213-lane_1-car-forward-642-642,tp,matched,MVI_40213,lane_1,car,forward,gt-MVI_40213-lane_1-car-forward-85-642,pred-MVI_40213-lane_1-car-forward-85-642,85,85,642,642,0,0.0
development,tp-MVI_40213-lane_1-car-forward-674-674,tp,matched,MVI_40213,lane_1,car,forward,gt-MVI_40213-lane_1-car-forward-95-674,pred-MVI_40213-lane_1-car-forward-95-674,95,95,674,674,0,0.0
development,tp-MVI_40213-lane_2-car-forward-676-676,tp,matched,MVI_40213,lane_2,car,forward,gt-MVI_40213-lane_2-car-forward-97-676,pred-MVI_40213-lane_2-car-forward-97-676,97,97,676,676,0,0.0
development,tp-MVI_40213-lane_1-car-forward-690-690,tp,matched,MVI_40213,lane_1,car,forward,gt-MVI_40213-lane_1-car-forward-96-690,pred-MVI_40213-lane_1-car-forward-96-690,96,96,690,690,0,0.0
development,tp-MVI_40213-lane_1-truck-forward-705-705,tp,matched,MVI_40213,lane_1,truck,forward,gt-MVI_40213-lane_1-truck-forward-99-705,pred-MVI_40213-lane_1-truck-forward-99-705,99,99,705,705,0,0.0
development,tp-MVI_40213-lane_1-car-forward-710-710,tp,matched,MVI_40213,lane_1,car,forward,gt-MVI_40213-lane_1-car-forward-98-710,pred-MVI_40213-lane_1-car-forward-98-710,98,98,710,710,0,0.0
development,tp-MVI_40213-lane_2-truck-forward-712-712,tp,matched,MVI_40213,lane_2,truck,forward,gt-MVI_40213-lane_2-truck-forward-102-712,pred-MVI_40213-lane_2-truck-forward-102-712,102,102,712,712,0,0.0
development,tp-MVI_40213-lane_2-car-forward-735-735,tp,matched,MVI_40213,lane_2,car,forward,gt-MVI_40213-lane_2-car-forward-105-735,pred-MVI_40213-lane_2-car-forward-105-735,105,105,735,735,0,0.0
development,tp-MVI_40213-lane_1-car-forward-762-762,tp,matched,MVI_40213,lane_1,car,forward,gt-MVI_40213-lane_1-car-forward-103-762,pred-MVI_40213-lane_1-car-forward-103-762,103,103,762,762,0,0.0
development,tp-MVI_40213-lane_2-car-forward-762-762,tp,matched,MVI_40213,lane_2,car,forward,gt-MVI_40213-lane_2-car-forward-108-762,pred-MVI_40213-lane_2-car-forward-108-762,108,108,762,762,0,0.0
development,tp-MVI_40213-lane_2-car-forward-769-769,tp,matched,MVI_40213,lane_2,car,forward,gt-MVI_40213-lane_2-car-forward-109-769,pred-MVI_40213-lane_2-car-forward-109-769,109,109,769,769,0,0.0
development,tp-MVI_40213-lane_1-bus-forward-778-778,tp,matched,MVI_40213,lane_1,bus,forward,gt-MVI_40213-lane_1-bus-forward-104-778,pred-MVI_40213-lane_1-bus-forward-104-778,104,104,778,778,0,0.0
development,tp-MVI_40213-lane_1-truck-forward-788-788,tp,matched,MVI_40213,lane_1,truck,forward,gt-MVI_40213-lane_1-truck-forward-107-788,pred-MVI_40213-lane_1-truck-forward-107-788,107,107,788,788,0,0.0
development,tp-MVI_40213-lane_2-car-forward-790-790,tp,matched,MVI_40213,lane_2,car,forward,gt-MVI_40213-lane_2-car-forward-113-790,pred-MVI_40213-lane_2-car-forward-113-790,113,113,790,790,0,0.0
development,tp-MVI_40213-lane_2-car-forward-791-791,tp,matched,MVI_40213,lane_2,car,forward,gt-MVI_40213-lane_2-car-forward-115-791,pred-MVI_40213-lane_2-car-forward-115-791,115,115,791,791,0,0.0
development,tp-MVI_40213-lane_1-truck-forward-795-795,tp,matched,MVI_40213,lane_1,truck,forward,gt-MVI_40213-lane_1-truck-forward-106-795,pred-MVI_40213-lane_1-truck-forward-106-795,106,106,795,795,0,0.0
development,tp-MVI_40213-lane_1-car-forward-808-808,tp,matched,MVI_40213,lane_1,car,forward,gt-MVI_40213-lane_1-car-forward-112-808,pred-MVI_40213-lane_1-car-forward-112-808,112,112,808,808,0,0.0
development,tp-MVI_40213-lane_1-truck-forward-809-809,tp,matched,MVI_40213,lane_1,truck,forward,gt-MVI_40213-lane_1-truck-forward-110-809,pred-MVI_40213-lane_1-truck-forward-110-809,110,110,809,809,0,0.0
development,tp-MVI_40213-lane_1-car-forward-811-811,tp,matched,MVI_40213,lane_1,car,forward,gt-MVI_40213-lane_1-car-forward-114-811,pred-MVI_40213-lane_1-car-forward-114-811,114,114,811,811,0,0.0
development,tp-MVI_40213-lane_2-car-forward-814-814,tp,matched,MVI_40213,lane_2,car,forward,gt-MVI_40213-lane_2-car-forward-117-814,pred-MVI_40213-lane_2-car-forward-117-814,117,117,814,814,0,0.0
development,tp-MVI_40213-lane_1-car-forward-819-819,tp,matched,MVI_40213,lane_1,car,forward,gt-MVI_40213-lane_1-car-forward-111-819,pred-MVI_40213-lane_1-car-forward-111-819,111,111,819,819,0,0.0
development,tp-MVI_40213-lane_2-truck-forward-821-821,tp,matched,MVI_40213,lane_2,truck,forward,gt-MVI_40213-lane_2-truck-forward-118-821,pred-MVI_40213-lane_2-truck-forward-118-821,118,118,821,821,0,0.0
development,tp-MVI_40213-lane_1-car-forward-829-829,tp,matched,MVI_40213,lane_1,car,forward,gt-MVI_40213-lane_1-car-forward-116-829,pred-MVI_40213-lane_1-car-forward-116-829,116,116,829,829,0,0.0
development,tp-MVI_40213-lane_2-car-forward-853-853,tp,matched,MVI_40213,lane_2,car,forward,gt-MVI_40213-lane_2-car-forward-123-853,pred-MVI_40213-lane_2-car-forward-123-853,123,123,853,853,0,0.0
development,tp-MVI_40213-lane_2-car-forward-854-854,tp,matched,MVI_40213,lane_2,car,forward,gt-MVI_40213-lane_2-car-forward-124-854,pred-MVI_40213-lane_2-car-forward-124-854,124,124,854,854,0,0.0
development,tp-MVI_40213-lane_1-car-forward-865-865,tp,matched,MVI_40213,lane_1,car,forward,gt-MVI_40213-lane_1-car-forward-122-865,pred-MVI_40213-lane_1-car-forward-122-865,122,122,865,865,0,0.0
development,tp-MVI_40213-lane_1-truck-forward-890-890,tp,matched,MVI_40213,lane_1,truck,forward,gt-MVI_40213-lane_1-truck-forward-126-890,pred-MVI_40213-lane_1-truck-forward-126-890,126,126,890,890,0,0.0
development,tp-MVI_40213-lane_1-car-forward-896-896,tp,matched,MVI_40213,lane_1,car,forward,gt-MVI_40213-lane_1-car-forward-127-896,pred-MVI_40213-lane_1-car-forward-127-896,127,127,896,896,0,0.0
development,tp-MVI_40213-lane_1-car-forward-899-899,tp,matched,MVI_40213,lane_1,car,forward,gt-MVI_40213-lane_1-car-forward-128-899,pred-MVI_40213-lane_1-car-forward-128-899,128,128,899,899,0,0.0
development,tp-MVI_40213-lane_2-car-forward-902-902,tp,matched,MVI_40213,lane_2,car,forward,gt-MVI_40213-lane_2-car-forward-130-902,pred-MVI_40213-lane_2-car-forward-130-902,130,130,902,902,0,0.0
development,tp-MVI_40213-lane_2-car-forward-917-917,tp,matched,MVI_40213,lane_2,car,forward,gt-MVI_40213-lane_2-car-forward-133-917,pred-MVI_40213-lane_2-car-forward-133-917,133,133,917,917,0,0.0
development,tp-MVI_40213-lane_1-car-forward-935-935,tp,matched,MVI_40213,lane_1,car,forward,gt-MVI_40213-lane_1-car-forward-131-935,pred-MVI_40213-lane_1-car-forward-131-935,131,131,935,935,0,0.0
development,tp-MVI_40213-lane_2-car-forward-935-935,tp,matched,MVI_40213,lane_2,car,forward,gt-MVI_40213-lane_2-car-forward-134-935,pred-MVI_40213-lane_2-car-forward-134-935,134,134,935,935,0,0.0
development,tp-MVI_40213-lane_2-car-forward-947-947,tp,matched,MVI_40213,lane_2,car,forward,gt-MVI_40213-lane_2-car-forward-136-947,pred-MVI_40213-lane_2-car-forward-136-947,136,136,947,947,0,0.0
development,tp-MVI_40213-lane_2-car-forward-966-966,tp,matched,MVI_40213,lane_2,car,forward,gt-MVI_40213-lane_2-car-forward-141-966,pred-MVI_40213-lane_2-car-forward-141-966,141,141,966,966,0,0.0
development,tp-MVI_40213-lane_1-truck-forward-971-971,tp,matched,MVI_40213,lane_1,truck,forward,gt-MVI_40213-lane_1-truck-forward-135-971,pred-MVI_40213-lane_1-truck-forward-135-971,135,135,971,971,0,0.0
development,tp-MVI_40213-lane_1-car-forward-975-975,tp,matched,MVI_40213,lane_1,car,forward,gt-MVI_40213-lane_1-car-forward-138-975,pred-MVI_40213-lane_1-car-forward-138-975,138,138,975,975,0,0.0
development,tp-MVI_40213-lane_1-car-forward-983-983,tp,matched,MVI_40213,lane_1,car,forward,gt-MVI_40213-lane_1-car-forward-140-983,pred-MVI_40213-lane_1-car-forward-140-983,140,140,983,983,0,0.0
development,tp-MVI_40213-lane_2-truck-forward-985-985,tp,matched,MVI_40213,lane_2,truck,forward,gt-MVI_40213-lane_2-truck-forward-144-985,pred-MVI_40213-lane_2-truck-forward-144-985,144,144,985,985,0,0.0
development,tp-MVI_40213-lane_1-car-forward-1002-1002,tp,matched,MVI_40213,lane_1,car,forward,gt-MVI_40213-lane_1-car-forward-142-1002,pred-MVI_40213-lane_1-car-forward-142-1002,142,142,1002,1002,0,0.0
development,tp-MVI_40213-lane_1-truck-forward-1017-1017,tp,matched,MVI_40213,lane_1,truck,forward,gt-MVI_40213-lane_1-truck-forward-145-1017,pred-MVI_40213-lane_1-truck-forward-145-1017,145,145,1017,1017,0,0.0
development,tp-MVI_40213-lane_2-car-forward-1025-1025,tp,matched,MVI_40213,lane_2,car,forward,gt-MVI_40213-lane_2-car-forward-149-1025,pred-MVI_40213-lane_2-car-forward-149-1025,149,149,1025,1025,0,0.0
development,tp-MVI_40213-lane_1-car-forward-1029-1029,tp,matched,MVI_40213,lane_1,car,forward,gt-MVI_40213-lane_1-car-forward-146-1029,pred-MVI_40213-lane_1-car-forward-146-1029,146,146,1029,1029,0,0.0
development,tp-MVI_40213-lane_1-car-forward-1030-1030,tp,matched,MVI_40213,lane_1,car,forward,gt-MVI_40213-lane_1-car-forward-147-1030,pred-MVI_40213-lane_1-car-forward-147-1030,147,147,1030,1030,0,0.0
development,tp-MVI_40213-lane_2-truck-forward-1062-1062,tp,matched,MVI_40213,lane_2,truck,forward,gt-MVI_40213-lane_2-truck-forward-151-1062,pred-MVI_40213-lane_2-truck-forward-151-1062,151,151,1062,1062,0,0.0
development,tp-MVI_40213-lane_1-car-forward-1094-1094,tp,matched,MVI_40213,lane_1,car,forward,gt-MVI_40213-lane_1-car-forward-153-1094,pred-MVI_40213-lane_1-car-forward-153-1094,153,153,1094,1094,0,0.0
development,tp-MVI_40213-lane_2-car-forward-1098-1098,tp,matched,MVI_40213,lane_2,car,forward,gt-MVI_40213-lane_2-car-forward-156-1098,pred-MVI_40213-lane_2-car-forward-156-1098,156,156,1098,1098,0,0.0
development,tp-MVI_40213-lane_1-car-forward-1103-1103,tp,matched,MVI_40213,lane_1,car,forward,gt-MVI_40213-lane_1-car-forward-154-1103,pred-MVI_40213-lane_1-car-forward-154-1103,154,154,1103,1103,0,0.0
development,tp-MVI_40213-lane_2-car-forward-1116-1116,tp,matched,MVI_40213,lane_2,car,forward,gt-MVI_40213-lane_2-car-forward-160-1116,pred-MVI_40213-lane_2-car-forward-160-1116,160,160,1116,1116,0,0.0
development,tp-MVI_40213-lane_1-truck-forward-1127-1127,tp,matched,MVI_40213,lane_1,truck,forward,gt-MVI_40213-lane_1-truck-forward-157-1127,pred-MVI_40213-lane_1-truck-forward-157-1127,157,157,1127,1127,0,0.0
development,tp-MVI_40213-lane_1-car-forward-1136-1136,tp,matched,MVI_40213,lane_1,car,forward,gt-MVI_40213-lane_1-car-forward-158-1136,pred-MVI_40213-lane_1-car-forward-158-1136,158,158,1136,1136,0,0.0
development,tp-MVI_40213-lane_2-car-forward-1153-1153,tp,matched,MVI_40213,lane_2,car,forward,gt-MVI_40213-lane_2-car-forward-162-1153,pred-MVI_40213-lane_2-car-forward-162-1153,162,162,1153,1153,0,0.0
development,tp-MVI_40213-lane_2-car-forward-1191-1191,tp,matched,MVI_40213,lane_2,car,forward,gt-MVI_40213-lane_2-car-forward-164-1191,pred-MVI_40213-lane_2-car-forward-164-1191,164,164,1191,1191,0,0.0
development,tp-MVI_40213-lane_2-car-forward-1193-1193,tp,matched,MVI_40213,lane_2,car,forward,gt-MVI_40213-lane_2-car-forward-165-1193,pred-MVI_40213-lane_2-car-forward-165-1193,165,165,1193,1193,0,0.0
development,tp-MVI_40213-lane_1-car-forward-1217-1217,tp,matched,MVI_40213,lane_1,car,forward,gt-MVI_40213-lane_1-car-forward-166-1217,pred-MVI_40213-lane_1-car-forward-166-1217,166,166,1217,1217,0,0.0
development,tp-MVI_40213-lane_2-car-forward-1226-1226,tp,matched,MVI_40213,lane_2,car,forward,gt-MVI_40213-lane_2-car-forward-169-1226,pred-MVI_40213-lane_2-car-forward-169-1226,169,169,1226,1226,0,0.0
development,tp-MVI_40213-lane_1-car-forward-1234-1234,tp,matched,MVI_40213,lane_1,car,forward,gt-MVI_40213-lane_1-car-forward-167-1234,pred-MVI_40213-lane_1-car-forward-167-1234,167,167,1234,1234,0,0.0
development,tp-MVI_40213-lane_2-car-forward-1238-1238,tp,matched,MVI_40213,lane_2,car,forward,gt-MVI_40213-lane_2-car-forward-170-1238,pred-MVI_40213-lane_2-car-forward-170-1238,170,170,1238,1238,0,0.0
development,tp-MVI_40213-lane_1-car-forward-1242-1242,tp,matched,MVI_40213,lane_1,car,forward,gt-MVI_40213-lane_1-car-forward-168-1242,pred-MVI_40213-lane_1-car-forward-168-1242,168,168,1242,1242,0,0.0
development,tp-MVI_40213-lane_2-car-forward-1258-1258,tp,matched,MVI_40213,lane_2,car,forward,gt-MVI_40213-lane_2-car-forward-172-1258,pred-MVI_40213-lane_2-car-forward-172-1258,172,172,1258,1258,0,0.0
development,tp-MVI_40213-lane_2-car-forward-1276-1276,tp,matched,MVI_40213,lane_2,car,forward,gt-MVI_40213-lane_2-car-forward-173-1276,pred-MVI_40213-lane_2-car-forward-173-1276,173,173,1276,1276,0,0.0
development,tp-MVI_40213-lane_2-truck-forward-1308-1308,tp,matched,MVI_40213,lane_2,truck,forward,gt-MVI_40213-lane_2-truck-forward-176-1308,pred-MVI_40213-lane_2-truck-forward-176-1308,176,176,1308,1308,0,0.0
development,tp-MVI_40213-lane_2-car-forward-1316-1316,tp,matched,MVI_40213,lane_2,car,forward,gt-MVI_40213-lane_2-car-forward-178-1316,pred-MVI_40213-lane_2-car-forward-178-1316,178,178,1316,1316,0,0.0
development,tp-MVI_40213-lane_1-car-forward-1337-1337,tp,matched,MVI_40213,lane_1,car,forward,gt-MVI_40213-lane_1-car-forward-177-1337,pred-MVI_40213-lane_1-car-forward-177-1337,177,177,1337,1337,0,0.0
development,tp-MVI_40213-lane_2-truck-forward-1337-1337,tp,matched,MVI_40213,lane_2,truck,forward,gt-MVI_40213-lane_2-truck-forward-179-1337,pred-MVI_40213-lane_2-truck-forward-179-1337,179,179,1337,1337,0,0.0
development,tp-MVI_40213-lane_2-car-forward-1340-1340,tp,matched,MVI_40213,lane_2,car,forward,gt-MVI_40213-lane_2-car-forward-183-1340,pred-MVI_40213-lane_2-car-forward-183-1340,183,183,1340,1340,0,0.0
development,tp-MVI_40213-lane_1-car-forward-1356-1356,tp,matched,MVI_40213,lane_1,car,forward,gt-MVI_40213-lane_1-car-forward-181-1356,pred-MVI_40213-lane_1-car-forward-181-1356,181,181,1356,1356,0,0.0
development,tp-MVI_40213-lane_1-car-forward-1358-1358,tp,matched,MVI_40213,lane_1,car,forward,gt-MVI_40213-lane_1-car-forward-180-1358,pred-MVI_40213-lane_1-car-forward-180-1358,180,180,1358,1358,0,0.0
development,tp-MVI_40213-lane_2-car-forward-1384-1384,tp,matched,MVI_40213,lane_2,car,forward,gt-MVI_40213-lane_2-car-forward-184-1384,pred-MVI_40213-lane_2-car-forward-184-1384,184,184,1384,1384,0,0.0
development,tp-MVI_40213-lane_2-bus-forward-1395-1395,tp,matched,MVI_40213,lane_2,bus,forward,gt-MVI_40213-lane_2-bus-forward-186-1395,pred-MVI_40213-lane_2-bus-forward-186-1395,186,186,1395,1395,0,0.0
development,tp-MVI_40213-lane_1-car-forward-1400-1400,tp,matched,MVI_40213,lane_1,car,forward,gt-MVI_40213-lane_1-car-forward-185-1400,pred-MVI_40213-lane_1-car-forward-185-1400,185,185,1400,1400,0,0.0
development,tp-MVI_40213-lane_2-car-forward-1425-1425,tp,matched,MVI_40213,lane_2,car,forward,gt-MVI_40213-lane_2-car-forward-187-1425,pred-MVI_40213-lane_2-car-forward-187-1425,187,187,1425,1425,0,0.0
development,tp-MVI_40213-lane_2-car-forward-1464-1464,tp,matched,MVI_40213,lane_2,car,forward,gt-MVI_40213-lane_2-car-forward-192-1464,pred-MVI_40213-lane_2-car-forward-192-1464,192,192,1464,1464,0,0.0
development,tp-MVI_40213-lane_2-car-forward-1478-1478,tp,matched,MVI_40213,lane_2,car,forward,gt-MVI_40213-lane_2-car-forward-194-1478,pred-MVI_40213-lane_2-car-forward-194-1478,194,194,1478,1478,0,0.0
development,tp-MVI_40213-lane_1-car-forward-1483-1483,tp,matched,MVI_40213,lane_1,car,forward,gt-MVI_40213-lane_1-car-forward-190-1483,pred-MVI_40213-lane_1-car-forward-190-1483,190,190,1483,1483,0,0.0
development,tp-MVI_40213-lane_1-car-forward-1499-1499,tp,matched,MVI_40213,lane_1,car,forward,gt-MVI_40213-lane_1-car-forward-193-1499,pred-MVI_40213-lane_1-car-forward-193-1499,193,193,1499,1499,0,0.0
development,tp-MVI_40213-lane_1-car-forward-1541-1541,tp,matched,MVI_40213,lane_1,car,forward,gt-MVI_40213-lane_1-car-forward-198-1541,pred-MVI_40213-lane_1-car-forward-198-1541,198,198,1541,1541,0,0.0
development,tp-MVI_40213-lane_2-car-forward-1544-1544,tp,matched,MVI_40213,lane_2,car,forward,gt-MVI_40213-lane_2-car-forward-200-1544,pred-MVI_40213-lane_2-car-forward-200-1544,200,200,1544,1544,0,0.0
development,tp-MVI_40213-lane_2-truck-forward-1549-1549,tp,matched,MVI_40213,lane_2,truck,forward,gt-MVI_40213-lane_2-truck-forward-201-1549,pred-MVI_40213-lane_2-truck-forward-201-1549,201,201,1549,1549,0,0.0
development,tp-MVI_40213-lane_1-truck-forward-1572-1572,tp,matched,MVI_40213,lane_1,truck,forward,gt-MVI_40213-lane_1-truck-forward-202-1572,pred-MVI_40213-lane_1-truck-forward-202-1572,202,202,1572,1572,0,0.0
development,tp-MVI_40213-lane_1-car-forward-1578-1578,tp,matched,MVI_40213,lane_1,car,forward,gt-MVI_40213-lane_1-car-forward-204-1578,pred-MVI_40213-lane_1-car-forward-204-1578,204,204,1578,1578,0,0.0
development,tp-MVI_40213-lane_2-car-forward-1581-1581,tp,matched,MVI_40213,lane_2,car,forward,gt-MVI_40213-lane_2-car-forward-208-1581,pred-MVI_40213-lane_2-car-forward-208-1581,208,208,1581,1581,0,0.0
development,tp-MVI_40213-lane_1-car-forward-1598-1598,tp,matched,MVI_40213,lane_1,car,forward,gt-MVI_40213-lane_1-car-forward-206-1598,pred-MVI_40213-lane_1-car-forward-206-1598,206,206,1598,1598,0,0.0
development,tp-MVI_40213-lane_2-car-forward-1622-1622,tp,matched,MVI_40213,lane_2,car,forward,gt-MVI_40213-lane_2-car-forward-212-1622,pred-MVI_40213-lane_2-car-forward-212-1622,212,212,1622,1622,0,0.0
development,tp-MVI_40213-lane_1-car-forward-1630-1630,tp,matched,MVI_40213,lane_1,car,forward,gt-MVI_40213-lane_1-car-forward-210-1630,pred-MVI_40213-lane_1-car-forward-210-1630,210,210,1630,1630,0,0.0
development,tp-MVI_40213-lane_1-car-forward-1638-1638,tp,matched,MVI_40213,lane_1,car,forward,gt-MVI_40213-lane_1-car-forward-209-1638,pred-MVI_40213-lane_1-car-forward-209-1638,209,209,1638,1638,0,0.0
development,tp-MVI_40213-lane_1-car-forward-1645-1645,tp,matched,MVI_40213,lane_1,car,forward,gt-MVI_40213-lane_1-car-forward-211-1645,pred-MVI_40213-lane_1-car-forward-211-1645,211,211,1645,1645,0,0.0
development,tp-MVI_40213-lane_1-car-forward-1669-1669,tp,matched,MVI_40213,lane_1,car,forward,gt-MVI_40213-lane_1-car-forward-213-1669,pred-MVI_40213-lane_1-car-forward-213-1669,213,213,1669,1669,0,0.0
development,tp-MVI_40213-lane_1-truck-forward-1680-1680,tp,matched,MVI_40213,lane_1,truck,forward,gt-MVI_40213-lane_1-truck-forward-215-1680,pred-MVI_40213-lane_1-truck-forward-215-1680,215,215,1680,1680,0,0.0
development,tp-MVI_40213-lane_2-car-forward-1685-1685,tp,matched,MVI_40213,lane_2,car,forward,gt-MVI_40213-lane_2-car-forward-220-1685,pred-MVI_40213-lane_2-car-forward-220-1685,220,220,1685,1685,0,0.0
development,tp-MVI_40213-lane_1-car-forward-1705-1705,tp,matched,MVI_40213,lane_1,car,forward,gt-MVI_40213-lane_1-car-forward-219-1705,pred-MVI_40213-lane_1-car-forward-219-1705,219,219,1705,1705,0,0.0
development,tp-MVI_40213-lane_1-car-forward-1707-1707,tp,matched,MVI_40213,lane_1,car,forward,gt-MVI_40213-lane_1-car-forward-218-1707,pred-MVI_40213-lane_1-car-forward-218-1707,218,218,1707,1707,0,0.0
development,tp-MVI_40213-lane_2-car-forward-1707-1707,tp,matched,MVI_40213,lane_2,car,forward,gt-MVI_40213-lane_2-car-forward-221-1707,pred-MVI_40213-lane_2-car-forward-221-1707,221,221,1707,1707,0,0.0
development,tp-MVI_40213-lane_2-car-forward-1710-1710,tp,matched,MVI_40213,lane_2,car,forward,gt-MVI_40213-lane_2-car-forward-222-1710,pred-MVI_40213-lane_2-car-forward-222-1710,222,222,1710,1710,0,0.0
development,tp-MVI_40213-lane_2-car-forward-1731-1731,tp,matched,MVI_40213,lane_2,car,forward,gt-MVI_40213-lane_2-car-forward-224-1731,pred-MVI_40213-lane_2-car-forward-224-1731,224,224,1731,1731,0,0.0
development,tp-MVI_40213-lane_1-car-forward-1756-1756,tp,matched,MVI_40213,lane_1,car,forward,gt-MVI_40213-lane_1-car-forward-225-1756,pred-MVI_40213-lane_1-car-forward-225-1756,225,225,1756,1756,0,0.0
development,tp-MVI_40213-lane_2-car-forward-1756-1756,tp,matched,MVI_40213,lane_2,car,forward,gt-MVI_40213-lane_2-car-forward-227-1756,pred-MVI_40213-lane_2-car-forward-227-1756,227,227,1756,1756,0,0.0
development,tp-MVI_40213-lane_1-car-forward-1771-1771,tp,matched,MVI_40213,lane_1,car,forward,gt-MVI_40213-lane_1-car-forward-226-1771,pred-MVI_40213-lane_1-car-forward-226-1771,226,226,1771,1771,0,0.0
development,tp-MVI_40241-lane_2-car-forward-2-2,tp,matched,MVI_40241,lane_2,car,forward,gt-MVI_40241-lane_2-car-forward-2-2,pred-MVI_40241-lane_2-car-forward-2-2,2,2,2,2,0,0.0
development,tp-MVI_40241-lane_2-car-forward-11-11,tp,matched,MVI_40241,lane_2,car,forward,gt-MVI_40241-lane_2-car-forward-3-11,pred-MVI_40241-lane_2-car-forward-3-11,3,3,11,11,0,0.0
development,tp-MVI_40241-lane_1-car-forward-12-12,tp,matched,MVI_40241,lane_1,car,forward,gt-MVI_40241-lane_1-car-forward-9-12,pred-MVI_40241-lane_1-car-forward-9-12,9,9,12,12,0,0.0
development,tp-MVI_40241-lane_1-car-forward-14-14,tp,matched,MVI_40241,lane_1,car,forward,gt-MVI_40241-lane_1-car-forward-8-14,pred-MVI_40241-lane_1-car-forward-8-14,8,8,14,14,0,0.0
development,tp-MVI_40241-lane_1-car-forward-19-19,tp,matched,MVI_40241,lane_1,car,forward,gt-MVI_40241-lane_1-car-forward-11-19,pred-MVI_40241-lane_1-car-forward-11-19,11,11,19,19,0,0.0
development,tp-MVI_40241-lane_2-car-forward-20-20,tp,matched,MVI_40241,lane_2,car,forward,gt-MVI_40241-lane_2-car-forward-4-20,pred-MVI_40241-lane_2-car-forward-4-20,4,4,20,20,0,0.0
development,tp-MVI_40241-lane_2-car-forward-21-21,tp,matched,MVI_40241,lane_2,car,forward,gt-MVI_40241-lane_2-car-forward-5-21,pred-MVI_40241-lane_2-car-forward-5-21,5,5,21,21,0,0.0
development,tp-MVI_40241-lane_2-car-forward-29-29,tp,matched,MVI_40241,lane_2,car,forward,gt-MVI_40241-lane_2-car-forward-6-29,pred-MVI_40241-lane_2-car-forward-6-29,6,6,29,29,0,0.0
development,tp-MVI_40241-lane_1-car-forward-48-48,tp,matched,MVI_40241,lane_1,car,forward,gt-MVI_40241-lane_1-car-forward-12-48,pred-MVI_40241-lane_1-car-forward-12-48,12,12,48,48,0,0.0
development,tp-MVI_40241-lane_2-truck-forward-49-49,tp,matched,MVI_40241,lane_2,truck,forward,gt-MVI_40241-lane_2-truck-forward-13-49,pred-MVI_40241-lane_2-truck-forward-13-49,13,13,49,49,0,0.0
development,tp-MVI_40241-lane_2-car-forward-53-53,tp,matched,MVI_40241,lane_2,car,forward,gt-MVI_40241-lane_2-car-forward-15-53,pred-MVI_40241-lane_2-car-forward-15-53,15,15,53,53,0,0.0
development,tp-MVI_40241-lane_1-car-forward-74-74,tp,matched,MVI_40241,lane_1,car,forward,gt-MVI_40241-lane_1-car-forward-16-74,pred-MVI_40241-lane_1-car-forward-16-74,16,16,74,74,0,0.0
development,tp-MVI_40241-lane_2-car-forward-74-74,tp,matched,MVI_40241,lane_2,car,forward,gt-MVI_40241-lane_2-car-forward-18-74,pred-MVI_40241-lane_2-car-forward-18-74,18,18,74,74,0,0.0
development,tp-MVI_40241-lane_2-car-forward-78-78,tp,matched,MVI_40241,lane_2,car,forward,gt-MVI_40241-lane_2-car-forward-20-78,pred-MVI_40241-lane_2-car-forward-20-78,20,20,78,78,0,0.0
development,tp-MVI_40241-lane_1-car-forward-94-94,tp,matched,MVI_40241,lane_1,car,forward,gt-MVI_40241-lane_1-car-forward-19-94,pred-MVI_40241-lane_1-car-forward-19-94,19,19,94,94,0,0.0
development,tp-MVI_40241-lane_2-car-forward-100-100,tp,matched,MVI_40241,lane_2,car,forward,gt-MVI_40241-lane_2-car-forward-22-100,pred-MVI_40241-lane_2-car-forward-22-100,22,22,100,100,0,0.0
development,tp-MVI_40241-lane_2-car-forward-101-101,tp,matched,MVI_40241,lane_2,car,forward,gt-MVI_40241-lane_2-car-forward-23-101,pred-MVI_40241-lane_2-car-forward-23-101,23,23,101,101,0,0.0
development,tp-MVI_40241-lane_1-car-forward-127-127,tp,matched,MVI_40241,lane_1,car,forward,gt-MVI_40241-lane_1-car-forward-26-127,pred-MVI_40241-lane_1-car-forward-26-127,26,26,127,127,0,0.0
development,tp-MVI_40241-lane_1-car-forward-130-130,tp,matched,MVI_40241,lane_1,car,forward,gt-MVI_40241-lane_1-car-forward-24-130,pred-MVI_40241-lane_1-car-forward-24-130,24,24,130,130,0,0.0
development,tp-MVI_40241-lane_1-car-forward-133-133,tp,matched,MVI_40241,lane_1,car,forward,gt-MVI_40241-lane_1-car-forward-25-133,pred-MVI_40241-lane_1-car-forward-25-133,25,25,133,133,0,0.0
development,tp-MVI_40241-lane_2-car-forward-141-141,tp,matched,MVI_40241,lane_2,car,forward,gt-MVI_40241-lane_2-car-forward-28-141,pred-MVI_40241-lane_2-car-forward-28-141,28,28,141,141,0,0.0
development,tp-MVI_40241-lane_1-car-forward-145-145,tp,matched,MVI_40241,lane_1,car,forward,gt-MVI_40241-lane_1-car-forward-27-145,pred-MVI_40241-lane_1-car-forward-27-145,27,27,145,145,0,0.0
development,tp-MVI_40241-lane_2-truck-forward-148-148,tp,matched,MVI_40241,lane_2,truck,forward,gt-MVI_40241-lane_2-truck-forward-29-148,pred-MVI_40241-lane_2-truck-forward-29-148,29,29,148,148,0,0.0
development,tp-MVI_40241-lane_2-car-forward-162-162,tp,matched,MVI_40241,lane_2,car,forward,gt-MVI_40241-lane_2-car-forward-30-162,pred-MVI_40241-lane_2-car-forward-30-162,30,30,162,162,0,0.0
development,tp-MVI_40241-lane_1-car-forward-172-172,tp,matched,MVI_40241,lane_1,car,forward,gt-MVI_40241-lane_1-car-forward-31-172,pred-MVI_40241-lane_1-car-forward-31-172,31,31,172,172,0,0.0
development,tp-MVI_40241-lane_1-car-forward-191-191,tp,matched,MVI_40241,lane_1,car,forward,gt-MVI_40241-lane_1-car-forward-33-191,pred-MVI_40241-lane_1-car-forward-33-191,33,33,191,191,0,0.0
development,tp-MVI_40241-lane_2-car-forward-199-199,tp,matched,MVI_40241,lane_2,car,forward,gt-MVI_40241-lane_2-car-forward-36-199,pred-MVI_40241-lane_2-car-forward-36-199,36,36,199,199,0,0.0
development,tp-MVI_40241-lane_2-car-forward-202-202,tp,matched,MVI_40241,lane_2,car,forward,gt-MVI_40241-lane_2-car-forward-37-202,pred-MVI_40241-lane_2-car-forward-37-202,37,37,202,202,0,0.0
development,tp-MVI_40241-lane_1-car-forward-209-209,tp,matched,MVI_40241,lane_1,car,forward,gt-MVI_40241-lane_1-car-forward-34-209,pred-MVI_40241-lane_1-car-forward-34-209,34,34,209,209,0,0.0
development,tp-MVI_40241-lane_2-truck-forward-211-211,tp,matched,MVI_40241,lane_2,truck,forward,gt-MVI_40241-lane_2-truck-forward-40-211,pred-MVI_40241-lane_2-truck-forward-40-211,40,40,211,211,0,0.0
development,tp-MVI_40241-lane_1-car-forward-217-217,tp,matched,MVI_40241,lane_1,car,forward,gt-MVI_40241-lane_1-car-forward-35-217,pred-MVI_40241-lane_1-car-forward-35-217,35,35,217,217,0,0.0
development,tp-MVI_40241-lane_1-car-forward-229-229,tp,matched,MVI_40241,lane_1,car,forward,gt-MVI_40241-lane_1-car-forward-39-229,pred-MVI_40241-lane_1-car-forward-39-229,39,39,229,229,0,0.0
development,tp-MVI_40241-lane_2-car-forward-255-255,tp,matched,MVI_40241,lane_2,car,forward,gt-MVI_40241-lane_2-car-forward-45-255,pred-MVI_40241-lane_2-car-forward-45-255,45,45,255,255,0,0.0
development,tp-MVI_40241-lane_1-car-forward-256-256,tp,matched,MVI_40241,lane_1,car,forward,gt-MVI_40241-lane_1-car-forward-43-256,pred-MVI_40241-lane_1-car-forward-43-256,43,43,256,256,0,0.0
development,tp-MVI_40241-lane_1-car-forward-258-258,tp,matched,MVI_40241,lane_1,car,forward,gt-MVI_40241-lane_1-car-forward-44-258,pred-MVI_40241-lane_1-car-forward-44-258,44,44,258,258,0,0.0
development,tp-MVI_40241-lane_1-car-forward-260-260,tp,matched,MVI_40241,lane_1,car,forward,gt-MVI_40241-lane_1-car-forward-42-260,pred-MVI_40241-lane_1-car-forward-42-260,42,42,260,260,0,0.0
development,tp-MVI_40241-lane_1-car-forward-284-284,tp,matched,MVI_40241,lane_1,car,forward,gt-MVI_40241-lane_1-car-forward-46-284,pred-MVI_40241-lane_1-car-forward-46-284,46,46,284,284,0,0.0
development,tp-MVI_40241-lane_1-truck-forward-315-315,tp,matched,MVI_40241,lane_1,truck,forward,gt-MVI_40241-lane_1-truck-forward-48-315,pred-MVI_40241-lane_1-truck-forward-48-315,48,48,315,315,0,0.0
development,tp-MVI_40241-lane_2-car-forward-315-315,tp,matched,MVI_40241,lane_2,car,forward,gt-MVI_40241-lane_2-car-forward-49-315,pred-MVI_40241-lane_2-car-forward-49-315,49,49,315,315,0,0.0
development,tp-MVI_40241-lane_2-truck-forward-331-331,tp,matched,MVI_40241,lane_2,truck,forward,gt-MVI_40241-lane_2-truck-forward-52-331,pred-MVI_40241-lane_2-truck-forward-52-331,52,52,331,331,0,0.0
development,tp-MVI_40241-lane_1-car-forward-346-346,tp,matched,MVI_40241,lane_1,car,forward,gt-MVI_40241-lane_1-car-forward-51-346,pred-MVI_40241-lane_1-car-forward-51-346,51,51,346,346,0,0.0
development,tp-MVI_40241-lane_1-car-forward-368-368,tp,matched,MVI_40241,lane_1,car,forward,gt-MVI_40241-lane_1-car-forward-53-368,pred-MVI_40241-lane_1-car-forward-53-368,53,53,368,368,0,0.0
development,tp-MVI_40241-lane_1-car-forward-379-379,tp,matched,MVI_40241,lane_1,car,forward,gt-MVI_40241-lane_1-car-forward-54-379,pred-MVI_40241-lane_1-car-forward-54-379,54,54,379,379,0,0.0
development,tp-MVI_40241-lane_2-car-forward-382-382,tp,matched,MVI_40241,lane_2,car,forward,gt-MVI_40241-lane_2-car-forward-56-382,pred-MVI_40241-lane_2-car-forward-56-382,56,56,382,382,0,0.0
development,tp-MVI_40241-lane_1-car-forward-391-391,tp,matched,MVI_40241,lane_1,car,forward,gt-MVI_40241-lane_1-car-forward-55-391,pred-MVI_40241-lane_1-car-forward-55-391,55,55,391,391,0,0.0
development,tp-MVI_40241-lane_2-car-forward-396-396,tp,matched,MVI_40241,lane_2,car,forward,gt-MVI_40241-lane_2-car-forward-58-396,pred-MVI_40241-lane_2-car-forward-58-396,58,58,396,396,0,0.0
development,tp-MVI_40241-lane_1-car-forward-403-403,tp,matched,MVI_40241,lane_1,car,forward,gt-MVI_40241-lane_1-car-forward-57-403,pred-MVI_40241-lane_1-car-forward-57-403,57,57,403,403,0,0.0
development,tp-MVI_40241-lane_2-car-forward-404-404,tp,matched,MVI_40241,lane_2,car,forward,gt-MVI_40241-lane_2-car-forward-66-404,pred-MVI_40241-lane_2-car-forward-66-404,66,66,404,404,0,0.0
development,tp-MVI_40241-lane_2-truck-forward-409-409,tp,matched,MVI_40241,lane_2,truck,forward,gt-MVI_40241-lane_2-truck-forward-61-409,pred-MVI_40241-lane_2-truck-forward-61-409,61,61,409,409,0,0.0
development,tp-MVI_40241-lane_2-car-forward-417-417,tp,matched,MVI_40241,lane_2,car,forward,gt-MVI_40241-lane_2-car-forward-64-417,pred-MVI_40241-lane_2-car-forward-64-417,64,64,417,417,0,0.0
development,tp-MVI_40241-lane_2-car-forward-419-419,tp,matched,MVI_40241,lane_2,car,forward,gt-MVI_40241-lane_2-car-forward-63-419,pred-MVI_40241-lane_2-car-forward-63-419,63,63,419,419,0,0.0
development,tp-MVI_40241-lane_1-truck-forward-423-423,tp,matched,MVI_40241,lane_1,truck,forward,gt-MVI_40241-lane_1-truck-forward-62-423,pred-MVI_40241-lane_1-truck-forward-62-423,62,62,423,423,0,0.0
development,tp-MVI_40241-lane_1-car-forward-426-426,tp,matched,MVI_40241,lane_1,car,forward,gt-MVI_40241-lane_1-car-forward-59-426,pred-MVI_40241-lane_1-car-forward-59-426,59,59,426,426,0,0.0
development,tp-MVI_40241-lane_2-car-forward-428-428,tp,matched,MVI_40241,lane_2,car,forward,gt-MVI_40241-lane_2-car-forward-67-428,pred-MVI_40241-lane_2-car-forward-67-428,67,67,428,428,0,0.0
development,tp-MVI_40241-lane_1-car-forward-451-451,tp,matched,MVI_40241,lane_1,car,forward,gt-MVI_40241-lane_1-car-forward-65-451,pred-MVI_40241-lane_1-car-forward-65-451,65,65,451,451,0,0.0
development,tp-MVI_40241-lane_2-car-forward-459-459,tp,matched,MVI_40241,lane_2,car,forward,gt-MVI_40241-lane_2-car-forward-68-459,pred-MVI_40241-lane_2-car-forward-68-459,68,68,459,459,0,0.0
development,tp-MVI_40241-lane_1-car-forward-471-471,tp,matched,MVI_40241,lane_1,car,forward,gt-MVI_40241-lane_1-car-forward-69-471,pred-MVI_40241-lane_1-car-forward-69-471,69,69,471,471,0,0.0
development,tp-MVI_40241-lane_2-car-forward-471-471,tp,matched,MVI_40241,lane_2,car,forward,gt-MVI_40241-lane_2-car-forward-70-471,pred-MVI_40241-lane_2-car-forward-70-471,70,70,471,471,0,0.0
development,tp-MVI_40241-lane_1-car-forward-493-493,tp,matched,MVI_40241,lane_1,car,forward,gt-MVI_40241-lane_1-car-forward-71-493,pred-MVI_40241-lane_1-car-forward-71-493,71,71,493,493,0,0.0
development,tp-MVI_40241-lane_1-truck-forward-505-505,tp,matched,MVI_40241,lane_1,truck,forward,gt-MVI_40241-lane_1-truck-forward-73-505,pred-MVI_40241-lane_1-truck-forward-73-505,73,73,505,505,0,0.0
development,tp-MVI_40241-lane_2-car-forward-542-542,tp,matched,MVI_40241,lane_2,car,forward,gt-MVI_40241-lane_2-car-forward-76-542,pred-MVI_40241-lane_2-car-forward-76-542,76,76,542,542,0,0.0
development,tp-MVI_40241-lane_2-car-forward-543-543,tp,matched,MVI_40241,lane_2,car,forward,gt-MVI_40241-lane_2-car-forward-78-543,pred-MVI_40241-lane_2-car-forward-78-543,78,78,543,543,0,0.0
development,tp-MVI_40241-lane_1-truck-forward-545-545,tp,matched,MVI_40241,lane_1,truck,forward,gt-MVI_40241-lane_1-truck-forward-75-545,pred-MVI_40241-lane_1-truck-forward-75-545,75,75,545,545,0,0.0
development,tp-MVI_40241-lane_1-car-forward-556-556,tp,matched,MVI_40241,lane_1,car,forward,gt-MVI_40241-lane_1-car-forward-77-556,pred-MVI_40241-lane_1-car-forward-77-556,77,77,556,556,0,0.0
development,tp-MVI_40241-lane_2-car-forward-557-557,tp,matched,MVI_40241,lane_2,car,forward,gt-MVI_40241-lane_2-car-forward-81-557,pred-MVI_40241-lane_2-car-forward-81-557,81,81,557,557,0,0.0
development,tp-MVI_40241-lane_1-car-forward-578-578,tp,matched,MVI_40241,lane_1,car,forward,gt-MVI_40241-lane_1-car-forward-79-578,pred-MVI_40241-lane_1-car-forward-79-578,79,79,578,578,0,0.0
development,tp-MVI_40241-lane_2-car-forward-582-582,tp,matched,MVI_40241,lane_2,car,forward,gt-MVI_40241-lane_2-car-forward-83-582,pred-MVI_40241-lane_2-car-forward-83-582,83,83,582,582,0,0.0
development,tp-MVI_40241-lane_2-car-forward-582-582,tp,matched,MVI_40241,lane_2,car,forward,gt-MVI_40241-lane_2-car-forward-86-582,pred-MVI_40241-lane_2-car-forward-86-582,86,86,582,582,0,0.0
development,tp-MVI_40241-lane_1-car-forward-583-583,tp,matched,MVI_40241,lane_1,car,forward,gt-MVI_40241-lane_1-car-forward-82-583,pred-MVI_40241-lane_1-car-forward-82-583,82,82,583,583,0,0.0
development,tp-MVI_40241-lane_2-car-forward-603-603,tp,matched,MVI_40241,lane_2,car,forward,gt-MVI_40241-lane_2-car-forward-90-603,pred-MVI_40241-lane_2-car-forward-90-603,90,90,603,603,0,0.0
development,tp-MVI_40241-lane_1-car-forward-604-604,tp,matched,MVI_40241,lane_1,car,forward,gt-MVI_40241-lane_1-car-forward-84-604,pred-MVI_40241-lane_1-car-forward-84-604,84,84,604,604,0,0.0
development,tp-MVI_40241-lane_1-car-forward-607-607,tp,matched,MVI_40241,lane_1,car,forward,gt-MVI_40241-lane_1-car-forward-87-607,pred-MVI_40241-lane_1-car-forward-87-607,87,87,607,607,0,0.0
development,tp-MVI_40241-lane_2-car-forward-622-622,tp,matched,MVI_40241,lane_2,car,forward,gt-MVI_40241-lane_2-car-forward-91-622,pred-MVI_40241-lane_2-car-forward-91-622,91,91,622,622,0,0.0
development,tp-MVI_40241-lane_1-car-forward-624-624,tp,matched,MVI_40241,lane_1,car,forward,gt-MVI_40241-lane_1-car-forward-88-624,pred-MVI_40241-lane_1-car-forward-88-624,88,88,624,624,0,0.0
development,tp-MVI_40241-lane_1-car-forward-627-627,tp,matched,MVI_40241,lane_1,car,forward,gt-MVI_40241-lane_1-car-forward-89-627,pred-MVI_40241-lane_1-car-forward-89-627,89,89,627,627,0,0.0
development,tp-MVI_40241-lane_1-car-forward-635-635,tp,matched,MVI_40241,lane_1,car,forward,gt-MVI_40241-lane_1-car-forward-92-635,pred-MVI_40241-lane_1-car-forward-92-635,92,92,635,635,0,0.0
development,tp-MVI_40241-lane_2-car-forward-640-640,tp,matched,MVI_40241,lane_2,car,forward,gt-MVI_40241-lane_2-car-forward-93-640,pred-MVI_40241-lane_2-car-forward-93-640,93,93,640,640,0,0.0
development,tp-MVI_40241-lane_1-car-forward-672-672,tp,matched,MVI_40241,lane_1,car,forward,gt-MVI_40241-lane_1-car-forward-95-672,pred-MVI_40241-lane_1-car-forward-95-672,95,95,672,672,0,0.0
development,tp-MVI_40241-lane_1-truck-forward-679-679,tp,matched,MVI_40241,lane_1,truck,forward,gt-MVI_40241-lane_1-truck-forward-96-679,pred-MVI_40241-lane_1-truck-forward-96-679,96,96,679,679,0,0.0
development,tp-MVI_40241-lane_1-car-forward-695-695,tp,matched,MVI_40241,lane_1,car,forward,gt-MVI_40241-lane_1-car-forward-97-695,pred-MVI_40241-lane_1-car-forward-97-695,97,97,695,695,0,0.0
development,tp-MVI_40241-lane_2-car-forward-695-695,tp,matched,MVI_40241,lane_2,car,forward,gt-MVI_40241-lane_2-car-forward-98-695,pred-MVI_40241-lane_2-car-forward-98-695,98,98,695,695,0,0.0
development,tp-MVI_40241-lane_2-car-forward-709-709,tp,matched,MVI_40241,lane_2,car,forward,gt-MVI_40241-lane_2-car-forward-100-709,pred-MVI_40241-lane_2-car-forward-100-709,100,100,709,709,0,0.0
development,tp-MVI_40241-lane_2-car-forward-723-723,tp,matched,MVI_40241,lane_2,car,forward,gt-MVI_40241-lane_2-car-forward-101-723,pred-MVI_40241-lane_2-car-forward-101-723,101,101,723,723,0,0.0
development,tp-MVI_40241-lane_2-car-forward-733-733,tp,matched,MVI_40241,lane_2,car,forward,gt-MVI_40241-lane_2-car-forward-102-733,pred-MVI_40241-lane_2-car-forward-102-733,102,102,733,733,0,0.0
development,tp-MVI_40241-lane_1-car-forward-737-737,tp,matched,MVI_40241,lane_1,car,forward,gt-MVI_40241-lane_1-car-forward-103-737,pred-MVI_40241-lane_1-car-forward-103-737,103,103,737,737,0,0.0
development,tp-MVI_40241-lane_1-truck-forward-741-741,tp,matched,MVI_40241,lane_1,truck,forward,gt-MVI_40241-lane_1-truck-forward-104-741,pred-MVI_40241-lane_1-truck-forward-104-741,104,104,741,741,0,0.0
development,tp-MVI_40241-lane_1-car-forward-752-752,tp,matched,MVI_40241,lane_1,car,forward,gt-MVI_40241-lane_1-car-forward-105-752,pred-MVI_40241-lane_1-car-forward-105-752,105,105,752,752,0,0.0
development,tp-MVI_40241-lane_1-car-forward-756-756,tp,matched,MVI_40241,lane_1,car,forward,gt-MVI_40241-lane_1-car-forward-107-756,pred-MVI_40241-lane_1-car-forward-107-756,107,107,756,756,0,0.0
development,tp-MVI_40241-lane_2-car-forward-756-756,tp,matched,MVI_40241,lane_2,car,forward,gt-MVI_40241-lane_2-car-forward-108-756,pred-MVI_40241-lane_2-car-forward-108-756,108,108,756,756,0,0.0
development,tp-MVI_40241-lane_2-car-forward-761-761,tp,matched,MVI_40241,lane_2,car,forward,gt-MVI_40241-lane_2-car-forward-109-761,pred-MVI_40241-lane_2-car-forward-109-761,109,109,761,761,0,0.0
development,tp-MVI_40241-lane_2-car-forward-773-773,tp,matched,MVI_40241,lane_2,car,forward,gt-MVI_40241-lane_2-car-forward-112-773,pred-MVI_40241-lane_2-car-forward-112-773,112,112,773,773,0,0.0
development,tp-MVI_40241-lane_1-car-forward-779-779,tp,matched,MVI_40241,lane_1,car,forward,gt-MVI_40241-lane_1-car-forward-111-779,pred-MVI_40241-lane_1-car-forward-111-779,111,111,779,779,0,0.0
development,tp-MVI_40241-lane_1-car-forward-781-781,tp,matched,MVI_40241,lane_1,car,forward,gt-MVI_40241-lane_1-car-forward-110-781,pred-MVI_40241-lane_1-car-forward-110-781,110,110,781,781,0,0.0
development,tp-MVI_40241-lane_2-car-forward-799-799,tp,matched,MVI_40241,lane_2,car,forward,gt-MVI_40241-lane_2-car-forward-115-799,pred-MVI_40241-lane_2-car-forward-115-799,115,115,799,799,0,0.0
development,tp-MVI_40241-lane_1-car-forward-801-801,tp,matched,MVI_40241,lane_1,car,forward,gt-MVI_40241-lane_1-car-forward-114-801,pred-MVI_40241-lane_1-car-forward-114-801,114,114,801,801,0,0.0
development,tp-MVI_40241-lane_2-car-forward-803-803,tp,matched,MVI_40241,lane_2,car,forward,gt-MVI_40241-lane_2-car-forward-116-803,pred-MVI_40241-lane_2-car-forward-116-803,116,116,803,803,0,0.0
development,tp-MVI_40241-lane_2-car-forward-806-806,tp,matched,MVI_40241,lane_2,car,forward,gt-MVI_40241-lane_2-car-forward-118-806,pred-MVI_40241-lane_2-car-forward-118-806,118,118,806,806,0,0.0
development,tp-MVI_40241-lane_1-car-forward-813-813,tp,matched,MVI_40241,lane_1,car,forward,gt-MVI_40241-lane_1-car-forward-117-813,pred-MVI_40241-lane_1-car-forward-117-813,117,117,813,813,0,0.0
development,tp-MVI_40241-lane_2-car-forward-825-825,tp,matched,MVI_40241,lane_2,car,forward,gt-MVI_40241-lane_2-car-forward-119-825,pred-MVI_40241-lane_2-car-forward-119-825,119,119,825,825,0,0.0
development,tp-MVI_40241-lane_2-car-forward-850-850,tp,matched,MVI_40241,lane_2,car,forward,gt-MVI_40241-lane_2-car-forward-121-850,pred-MVI_40241-lane_2-car-forward-121-850,121,121,850,850,0,0.0
development,tp-MVI_40241-lane_2-car-forward-852-852,tp,matched,MVI_40241,lane_2,car,forward,gt-MVI_40241-lane_2-car-forward-120-852,pred-MVI_40241-lane_2-car-forward-120-852,120,120,852,852,0,0.0
development,tp-MVI_40241-lane_2-car-forward-867-867,tp,matched,MVI_40241,lane_2,car,forward,gt-MVI_40241-lane_2-car-forward-124-867,pred-MVI_40241-lane_2-car-forward-124-867,124,124,867,867,0,0.0
development,tp-MVI_40241-lane_1-car-forward-874-874,tp,matched,MVI_40241,lane_1,car,forward,gt-MVI_40241-lane_1-car-forward-123-874,pred-MVI_40241-lane_1-car-forward-123-874,123,123,874,874,0,0.0
development,tp-MVI_40241-lane_1-car-forward-876-876,tp,matched,MVI_40241,lane_1,car,forward,gt-MVI_40241-lane_1-car-forward-122-876,pred-MVI_40241-lane_1-car-forward-122-876,122,122,876,876,0,0.0
development,tp-MVI_40241-lane_2-car-forward-909-909,tp,matched,MVI_40241,lane_2,car,forward,gt-MVI_40241-lane_2-car-forward-126-909,pred-MVI_40241-lane_2-car-forward-126-909,126,126,909,909,0,0.0
development,tp-MVI_40241-lane_1-car-forward-919-919,tp,matched,MVI_40241,lane_1,car,forward,gt-MVI_40241-lane_1-car-forward-125-919,pred-MVI_40241-lane_1-car-forward-125-919,125,125,919,919,0,0.0
development,tp-MVI_40241-lane_2-car-forward-927-927,tp,matched,MVI_40241,lane_2,car,forward,gt-MVI_40241-lane_2-car-forward-128-927,pred-MVI_40241-lane_2-car-forward-128-927,128,128,927,927,0,0.0
development,tp-MVI_40241-lane_2-car-forward-955-955,tp,matched,MVI_40241,lane_2,car,forward,gt-MVI_40241-lane_2-car-forward-132-955,pred-MVI_40241-lane_2-car-forward-132-955,132,132,955,955,0,0.0
development,tp-MVI_40241-lane_1-car-forward-960-960,tp,matched,MVI_40241,lane_1,car,forward,gt-MVI_40241-lane_1-car-forward-129-960,pred-MVI_40241-lane_1-car-forward-129-960,129,129,960,960,0,0.0
development,tp-MVI_40241-lane_2-car-forward-971-971,tp,matched,MVI_40241,lane_2,car,forward,gt-MVI_40241-lane_2-car-forward-135-971,pred-MVI_40241-lane_2-car-forward-135-971,135,135,971,971,0,0.0
development,tp-MVI_40241-lane_2-car-forward-973-973,tp,matched,MVI_40241,lane_2,car,forward,gt-MVI_40241-lane_2-car-forward-137-973,pred-MVI_40241-lane_2-car-forward-137-973,137,137,973,973,0,0.0
development,tp-MVI_40241-lane_1-car-forward-974-974,tp,matched,MVI_40241,lane_1,car,forward,gt-MVI_40241-lane_1-car-forward-131-974,pred-MVI_40241-lane_1-car-forward-131-974,131,131,974,974,0,0.0
development,tp-MVI_40241-lane_2-truck-forward-979-979,tp,matched,MVI_40241,lane_2,truck,forward,gt-MVI_40241-lane_2-truck-forward-139-979,pred-MVI_40241-lane_2-truck-forward-139-979,139,139,979,979,0,0.0
development,tp-MVI_40241-lane_1-car-forward-985-985,tp,matched,MVI_40241,lane_1,car,forward,gt-MVI_40241-lane_1-car-forward-133-985,pred-MVI_40241-lane_1-car-forward-133-985,133,133,985,985,0,0.0
development,tp-MVI_40241-lane_1-car-forward-986-986,tp,matched,MVI_40241,lane_1,car,forward,gt-MVI_40241-lane_1-car-forward-136-986,pred-MVI_40241-lane_1-car-forward-136-986,136,136,986,986,0,0.0
development,tp-MVI_40241-lane_2-truck-forward-986-986,tp,matched,MVI_40241,lane_2,truck,forward,gt-MVI_40241-lane_2-truck-forward-138-986,pred-MVI_40241-lane_2-truck-forward-138-986,138,138,986,986,0,0.0
development,tp-MVI_40241-lane_2-car-forward-995-995,tp,matched,MVI_40241,lane_2,car,forward,gt-MVI_40241-lane_2-car-forward-142-995,pred-MVI_40241-lane_2-car-forward-142-995,142,142,995,995,0,0.0
development,tp-MVI_40241-lane_1-car-forward-1010-1010,tp,matched,MVI_40241,lane_1,car,forward,gt-MVI_40241-lane_1-car-forward-140-1010,pred-MVI_40241-lane_1-car-forward-140-1010,140,140,1010,1010,0,0.0
development,tp-MVI_40241-lane_2-truck-forward-1020-1020,tp,matched,MVI_40241,lane_2,truck,forward,gt-MVI_40241-lane_2-truck-forward-144-1020,pred-MVI_40241-lane_2-truck-forward-144-1020,144,144,1020,1020,0,0.0
development,tp-MVI_40241-lane_1-car-forward-1029-1029,tp,matched,MVI_40241,lane_1,car,forward,gt-MVI_40241-lane_1-car-forward-141-1029,pred-MVI_40241-lane_1-car-forward-141-1029,141,141,1029,1029,0,0.0
development,tp-MVI_40241-lane_2-car-forward-1044-1044,tp,matched,MVI_40241,lane_2,car,forward,gt-MVI_40241-lane_2-car-forward-148-1044,pred-MVI_40241-lane_2-car-forward-148-1044,148,148,1044,1044,0,0.0
development,tp-MVI_40241-lane_1-car-forward-1054-1054,tp,matched,MVI_40241,lane_1,car,forward,gt-MVI_40241-lane_1-car-forward-146-1054,pred-MVI_40241-lane_1-car-forward-146-1054,146,146,1054,1054,0,0.0
development,tp-MVI_40241-lane_2-car-forward-1059-1059,tp,matched,MVI_40241,lane_2,car,forward,gt-MVI_40241-lane_2-car-forward-151-1059,pred-MVI_40241-lane_2-car-forward-151-1059,151,151,1059,1059,0,0.0
development,tp-MVI_40241-lane_1-car-forward-1062-1062,tp,matched,MVI_40241,lane_1,car,forward,gt-MVI_40241-lane_1-car-forward-145-1062,pred-MVI_40241-lane_1-car-forward-145-1062,145,145,1062,1062,0,0.0
development,tp-MVI_40241-lane_1-car-forward-1079-1079,tp,matched,MVI_40241,lane_1,car,forward,gt-MVI_40241-lane_1-car-forward-149-1079,pred-MVI_40241-lane_1-car-forward-149-1079,149,149,1079,1079,0,0.0
development,tp-MVI_40241-lane_2-car-forward-1082-1082,tp,matched,MVI_40241,lane_2,car,forward,gt-MVI_40241-lane_2-car-forward-155-1082,pred-MVI_40241-lane_2-car-forward-155-1082,155,155,1082,1082,0,0.0
development,tp-MVI_40241-lane_1-car-forward-1083-1083,tp,matched,MVI_40241,lane_1,car,forward,gt-MVI_40241-lane_1-car-forward-150-1083,pred-MVI_40241-lane_1-car-forward-150-1083,150,150,1083,1083,0,0.0
development,tp-MVI_40241-lane_1-truck-forward-1085-1085,tp,matched,MVI_40241,lane_1,truck,forward,gt-MVI_40241-lane_1-truck-forward-152-1085,pred-MVI_40241-lane_1-truck-forward-152-1085,152,152,1085,1085,0,0.0
development,tp-MVI_40241-lane_2-car-forward-1088-1088,tp,matched,MVI_40241,lane_2,car,forward,gt-MVI_40241-lane_2-car-forward-154-1088,pred-MVI_40241-lane_2-car-forward-154-1088,154,154,1088,1088,0,0.0
development,tp-MVI_40241-lane_2-truck-forward-1100-1100,tp,matched,MVI_40241,lane_2,truck,forward,gt-MVI_40241-lane_2-truck-forward-156-1100,pred-MVI_40241-lane_2-truck-forward-156-1100,156,156,1100,1100,0,0.0
development,tp-MVI_40241-lane_1-truck-forward-1111-1111,tp,matched,MVI_40241,lane_1,truck,forward,gt-MVI_40241-lane_1-truck-forward-157-1111,pred-MVI_40241-lane_1-truck-forward-157-1111,157,157,1111,1111,0,0.0
development,tp-MVI_40241-lane_1-truck-forward-1114-1114,tp,matched,MVI_40241,lane_1,truck,forward,gt-MVI_40241-lane_1-truck-forward-158-1114,pred-MVI_40241-lane_1-truck-forward-158-1114,158,158,1114,1114,0,0.0
development,tp-MVI_40241-lane_2-car-forward-1120-1120,tp,matched,MVI_40241,lane_2,car,forward,gt-MVI_40241-lane_2-car-forward-163-1120,pred-MVI_40241-lane_2-car-forward-163-1120,163,163,1120,1120,0,0.0
development,tp-MVI_40241-lane_1-car-forward-1126-1126,tp,matched,MVI_40241,lane_1,car,forward,gt-MVI_40241-lane_1-car-forward-159-1126,pred-MVI_40241-lane_1-car-forward-159-1126,159,159,1126,1126,0,0.0
development,tp-MVI_40241-lane_2-car-forward-1126-1126,tp,matched,MVI_40241,lane_2,car,forward,gt-MVI_40241-lane_2-car-forward-162-1126,pred-MVI_40241-lane_2-car-forward-162-1126,162,162,1126,1126,0,0.0
development,tp-MVI_40241-lane_1-car-forward-1143-1143,tp,matched,MVI_40241,lane_1,car,forward,gt-MVI_40241-lane_1-car-forward-161-1143,pred-MVI_40241-lane_1-car-forward-161-1143,161,161,1143,1143,0,0.0
development,tp-MVI_40241-lane_1-car-forward-1155-1155,tp,matched,MVI_40241,lane_1,car,forward,gt-MVI_40241-lane_1-car-forward-164-1155,pred-MVI_40241-lane_1-car-forward-164-1155,164,164,1155,1155,0,0.0
development,tp-MVI_40241-lane_1-car-forward-1155-1155,tp,matched,MVI_40241,lane_1,car,forward,gt-MVI_40241-lane_1-car-forward-166-1155,pred-MVI_40241-lane_1-car-forward-166-1155,166,166,1155,1155,0,0.0
development,tp-MVI_40241-lane_2-car-forward-1171-1171,tp,matched,MVI_40241,lane_2,car,forward,gt-MVI_40241-lane_2-car-forward-167-1171,pred-MVI_40241-lane_2-car-forward-167-1171,167,167,1171,1171,0,0.0
development,tp-MVI_40241-lane_1-car-forward-1172-1172,tp,matched,MVI_40241,lane_1,car,forward,gt-MVI_40241-lane_1-car-forward-165-1172,pred-MVI_40241-lane_1-car-forward-165-1172,165,165,1172,1172,0,0.0
development,tp-MVI_40241-lane_2-car-forward-1196-1196,tp,matched,MVI_40241,lane_2,car,forward,gt-MVI_40241-lane_2-car-forward-171-1196,pred-MVI_40241-lane_2-car-forward-171-1196,171,171,1196,1196,0,0.0
development,tp-MVI_40241-lane_2-truck-forward-1196-1196,tp,matched,MVI_40241,lane_2,truck,forward,gt-MVI_40241-lane_2-truck-forward-170-1196,pred-MVI_40241-lane_2-truck-forward-170-1196,170,170,1196,1196,0,0.0
development,tp-MVI_40241-lane_1-truck-forward-1209-1209,tp,matched,MVI_40241,lane_1,truck,forward,gt-MVI_40241-lane_1-truck-forward-169-1209,pred-MVI_40241-lane_1-truck-forward-169-1209,169,169,1209,1209,0,0.0
development,tp-MVI_40241-lane_2-car-forward-1225-1225,tp,matched,MVI_40241,lane_2,car,forward,gt-MVI_40241-lane_2-car-forward-176-1225,pred-MVI_40241-lane_2-car-forward-176-1225,176,176,1225,1225,0,0.0
development,tp-MVI_40241-lane_2-car-forward-1227-1227,tp,matched,MVI_40241,lane_2,car,forward,gt-MVI_40241-lane_2-car-forward-175-1227,pred-MVI_40241-lane_2-car-forward-175-1227,175,175,1227,1227,0,0.0
development,tp-MVI_40241-lane_1-car-forward-1228-1228,tp,matched,MVI_40241,lane_1,car,forward,gt-MVI_40241-lane_1-car-forward-172-1228,pred-MVI_40241-lane_1-car-forward-172-1228,172,172,1228,1228,0,0.0
development,tp-MVI_40241-lane_1-car-forward-1238-1238,tp,matched,MVI_40241,lane_1,car,forward,gt-MVI_40241-lane_1-car-forward-174-1238,pred-MVI_40241-lane_1-car-forward-174-1238,174,174,1238,1238,0,0.0
development,tp-MVI_40241-lane_1-truck-forward-1248-1248,tp,matched,MVI_40241,lane_1,truck,forward,gt-MVI_40241-lane_1-truck-forward-177-1248,pred-MVI_40241-lane_1-truck-forward-177-1248,177,177,1248,1248,0,0.0
development,tp-MVI_40241-lane_2-car-forward-1252-1252,tp,matched,MVI_40241,lane_2,car,forward,gt-MVI_40241-lane_2-car-forward-181-1252,pred-MVI_40241-lane_2-car-forward-181-1252,181,181,1252,1252,0,0.0
development,tp-MVI_40241-lane_1-car-forward-1264-1264,tp,matched,MVI_40241,lane_1,car,forward,gt-MVI_40241-lane_1-car-forward-178-1264,pred-MVI_40241-lane_1-car-forward-178-1264,178,178,1264,1264,0,0.0
development,tp-MVI_40241-lane_1-car-forward-1267-1267,tp,matched,MVI_40241,lane_1,car,forward,gt-MVI_40241-lane_1-car-forward-180-1267,pred-MVI_40241-lane_1-car-forward-180-1267,180,180,1267,1267,0,0.0
development,tp-MVI_40241-lane_2-car-forward-1273-1273,tp,matched,MVI_40241,lane_2,car,forward,gt-MVI_40241-lane_2-car-forward-184-1273,pred-MVI_40241-lane_2-car-forward-184-1273,184,184,1273,1273,0,0.0
development,tp-MVI_40241-lane_1-truck-forward-1292-1292,tp,matched,MVI_40241,lane_1,truck,forward,gt-MVI_40241-lane_1-truck-forward-182-1292,pred-MVI_40241-lane_1-truck-forward-182-1292,182,182,1292,1292,0,0.0
development,tp-MVI_40241-lane_1-car-forward-1296-1296,tp,matched,MVI_40241,lane_1,car,forward,gt-MVI_40241-lane_1-car-forward-183-1296,pred-MVI_40241-lane_1-car-forward-183-1296,183,183,1296,1296,0,0.0
development,tp-MVI_40241-lane_2-car-forward-1297-1297,tp,matched,MVI_40241,lane_2,car,forward,gt-MVI_40241-lane_2-car-forward-185-1297,pred-MVI_40241-lane_2-car-forward-185-1297,185,185,1297,1297,0,0.0
development,tp-MVI_40241-lane_2-car-forward-1300-1300,tp,matched,MVI_40241,lane_2,car,forward,gt-MVI_40241-lane_2-car-forward-187-1300,pred-MVI_40241-lane_2-car-forward-187-1300,187,187,1300,1300,0,0.0
development,tp-MVI_40241-lane_2-car-forward-1311-1311,tp,matched,MVI_40241,lane_2,car,forward,gt-MVI_40241-lane_2-car-forward-188-1311,pred-MVI_40241-lane_2-car-forward-188-1311,188,188,1311,1311,0,0.0
development,tp-MVI_40241-lane_1-car-forward-1317-1317,tp,matched,MVI_40241,lane_1,car,forward,gt-MVI_40241-lane_1-car-forward-186-1317,pred-MVI_40241-lane_1-car-forward-186-1317,186,186,1317,1317,0,0.0
development,tp-MVI_40241-lane_2-car-forward-1319-1319,tp,matched,MVI_40241,lane_2,car,forward,gt-MVI_40241-lane_2-car-forward-194-1319,pred-MVI_40241-lane_2-car-forward-194-1319,194,194,1319,1319,0,0.0
development,tp-MVI_40241-lane_1-car-forward-1324-1324,tp,matched,MVI_40241,lane_1,car,forward,gt-MVI_40241-lane_1-car-forward-190-1324,pred-MVI_40241-lane_1-car-forward-190-1324,190,190,1324,1324,0,0.0
development,tp-MVI_40241-lane_2-car-forward-1328-1328,tp,matched,MVI_40241,lane_2,car,forward,gt-MVI_40241-lane_2-car-forward-192-1328,pred-MVI_40241-lane_2-car-forward-192-1328,192,192,1328,1328,0,0.0
development,tp-MVI_40241-lane_1-car-forward-1329-1329,tp,matched,MVI_40241,lane_1,car,forward,gt-MVI_40241-lane_1-car-forward-189-1329,pred-MVI_40241-lane_1-car-forward-189-1329,189,189,1329,1329,0,0.0
development,tp-MVI_40241-lane_1-car-forward-1348-1348,tp,matched,MVI_40241,lane_1,car,forward,gt-MVI_40241-lane_1-car-forward-193-1348,pred-MVI_40241-lane_1-car-forward-193-1348,193,193,1348,1348,0,0.0
development,tp-MVI_40241-lane_1-car-forward-1357-1357,tp,matched,MVI_40241,lane_1,car,forward,gt-MVI_40241-lane_1-car-forward-195-1357,pred-MVI_40241-lane_1-car-forward-195-1357,195,195,1357,1357,0,0.0
development,tp-MVI_40241-lane_2-car-forward-1360-1360,tp,matched,MVI_40241,lane_2,car,forward,gt-MVI_40241-lane_2-car-forward-198-1360,pred-MVI_40241-lane_2-car-forward-198-1360,198,198,1360,1360,0,0.0
development,tp-MVI_40241-lane_2-car-forward-1377-1377,tp,matched,MVI_40241,lane_2,car,forward,gt-MVI_40241-lane_2-car-forward-200-1377,pred-MVI_40241-lane_2-car-forward-200-1377,200,200,1377,1377,0,0.0
development,tp-MVI_40241-lane_1-car-forward-1383-1383,tp,matched,MVI_40241,lane_1,car,forward,gt-MVI_40241-lane_1-car-forward-196-1383,pred-MVI_40241-lane_1-car-forward-196-1383,196,196,1383,1383,0,0.0
development,tp-MVI_40241-lane_1-car-forward-1383-1383,tp,matched,MVI_40241,lane_1,car,forward,gt-MVI_40241-lane_1-car-forward-199-1383,pred-MVI_40241-lane_1-car-forward-199-1383,199,199,1383,1383,0,0.0
development,tp-MVI_40241-lane_2-car-forward-1393-1393,tp,matched,MVI_40241,lane_2,car,forward,gt-MVI_40241-lane_2-car-forward-204-1393,pred-MVI_40241-lane_2-car-forward-204-1393,204,204,1393,1393,0,0.0
development,tp-MVI_40241-lane_1-car-forward-1395-1395,tp,matched,MVI_40241,lane_1,car,forward,gt-MVI_40241-lane_1-car-forward-197-1395,pred-MVI_40241-lane_1-car-forward-197-1395,197,197,1395,1395,0,0.0
development,tp-MVI_40241-lane_2-car-forward-1399-1399,tp,matched,MVI_40241,lane_2,car,forward,gt-MVI_40241-lane_2-car-forward-205-1399,pred-MVI_40241-lane_2-car-forward-205-1399,205,205,1399,1399,0,0.0
development,tp-MVI_40241-lane_2-car-forward-1404-1404,tp,matched,MVI_40241,lane_2,car,forward,gt-MVI_40241-lane_2-car-forward-206-1404,pred-MVI_40241-lane_2-car-forward-206-1404,206,206,1404,1404,0,0.0
development,tp-MVI_40241-lane_1-car-forward-1408-1408,tp,matched,MVI_40241,lane_1,car,forward,gt-MVI_40241-lane_1-car-forward-202-1408,pred-MVI_40241-lane_1-car-forward-202-1408,202,202,1408,1408,0,0.0
development,tp-MVI_40241-lane_1-car-forward-1411-1411,tp,matched,MVI_40241,lane_1,car,forward,gt-MVI_40241-lane_1-car-forward-203-1411,pred-MVI_40241-lane_1-car-forward-203-1411,203,203,1411,1411,0,0.0
development,tp-MVI_40241-lane_2-car-forward-1435-1435,tp,matched,MVI_40241,lane_2,car,forward,gt-MVI_40241-lane_2-car-forward-209-1435,pred-MVI_40241-lane_2-car-forward-209-1435,209,209,1435,1435,0,0.0
development,tp-MVI_40241-lane_2-car-forward-1436-1436,tp,matched,MVI_40241,lane_2,car,forward,gt-MVI_40241-lane_2-car-forward-210-1436,pred-MVI_40241-lane_2-car-forward-210-1436,210,210,1436,1436,0,0.0
development,tp-MVI_40241-lane_2-car-forward-1437-1437,tp,matched,MVI_40241,lane_2,car,forward,gt-MVI_40241-lane_2-car-forward-211-1437,pred-MVI_40241-lane_2-car-forward-211-1437,211,211,1437,1437,0,0.0
development,tp-MVI_40241-lane_1-car-forward-1439-1439,tp,matched,MVI_40241,lane_1,car,forward,gt-MVI_40241-lane_1-car-forward-207-1439,pred-MVI_40241-lane_1-car-forward-207-1439,207,207,1439,1439,0,0.0
development,tp-MVI_40241-lane_1-car-forward-1468-1468,tp,matched,MVI_40241,lane_1,car,forward,gt-MVI_40241-lane_1-car-forward-212-1468,pred-MVI_40241-lane_1-car-forward-212-1468,212,212,1468,1468,0,0.0
development,tp-MVI_40241-lane_2-car-forward-1479-1479,tp,matched,MVI_40241,lane_2,car,forward,gt-MVI_40241-lane_2-car-forward-214-1479,pred-MVI_40241-lane_2-car-forward-214-1479,214,214,1479,1479,0,0.0
development,tp-MVI_40241-lane_1-truck-forward-1496-1496,tp,matched,MVI_40241,lane_1,truck,forward,gt-MVI_40241-lane_1-truck-forward-213-1496,pred-MVI_40241-lane_1-truck-forward-213-1496,213,213,1496,1496,0,0.0
development,tp-MVI_40241-lane_1-car-forward-1504-1504,tp,matched,MVI_40241,lane_1,car,forward,gt-MVI_40241-lane_1-car-forward-215-1504,pred-MVI_40241-lane_1-car-forward-215-1504,215,215,1504,1504,0,0.0
development,tp-MVI_40241-lane_2-car-forward-1538-1538,tp,matched,MVI_40241,lane_2,car,forward,gt-MVI_40241-lane_2-car-forward-218-1538,pred-MVI_40241-lane_2-car-forward-218-1538,218,218,1538,1538,0,0.0
development,tp-MVI_40241-lane_1-car-forward-1552-1552,tp,matched,MVI_40241,lane_1,car,forward,gt-MVI_40241-lane_1-car-forward-219-1552,pred-MVI_40241-lane_1-car-forward-219-1552,219,219,1552,1552,0,0.0
development,tp-MVI_40241-lane_2-car-forward-1554-1554,tp,matched,MVI_40241,lane_2,car,forward,gt-MVI_40241-lane_2-car-forward-222-1554,pred-MVI_40241-lane_2-car-forward-222-1554,222,222,1554,1554,0,0.0
development,tp-MVI_40241-lane_1-car-forward-1563-1563,tp,matched,MVI_40241,lane_1,car,forward,gt-MVI_40241-lane_1-car-forward-221-1563,pred-MVI_40241-lane_1-car-forward-221-1563,221,221,1563,1563,0,0.0
development,tp-MVI_40241-lane_1-car-forward-1572-1572,tp,matched,MVI_40241,lane_1,car,forward,gt-MVI_40241-lane_1-car-forward-220-1572,pred-MVI_40241-lane_1-car-forward-220-1572,220,220,1572,1572,0,0.0
development,tp-MVI_40241-lane_2-car-forward-1576-1576,tp,matched,MVI_40241,lane_2,car,forward,gt-MVI_40241-lane_2-car-forward-225-1576,pred-MVI_40241-lane_2-car-forward-225-1576,225,225,1576,1576,0,0.0
development,tp-MVI_40241-lane_2-car-forward-1591-1591,tp,matched,MVI_40241,lane_2,car,forward,gt-MVI_40241-lane_2-car-forward-226-1591,pred-MVI_40241-lane_2-car-forward-226-1591,226,226,1591,1591,0,0.0
development,tp-MVI_40241-lane_1-car-forward-1596-1596,tp,matched,MVI_40241,lane_1,car,forward,gt-MVI_40241-lane_1-car-forward-224-1596,pred-MVI_40241-lane_1-car-forward-224-1596,224,224,1596,1596,0,0.0
development,tp-MVI_40241-lane_1-car-forward-1614-1614,tp,matched,MVI_40241,lane_1,car,forward,gt-MVI_40241-lane_1-car-forward-227-1614,pred-MVI_40241-lane_1-car-forward-227-1614,227,227,1614,1614,0,0.0
development,tp-MVI_40241-lane_2-car-forward-1622-1622,tp,matched,MVI_40241,lane_2,car,forward,gt-MVI_40241-lane_2-car-forward-230-1622,pred-MVI_40241-lane_2-car-forward-230-1622,230,230,1622,1622,0,0.0
development,tp-MVI_40241-lane_1-car-forward-1634-1634,tp,matched,MVI_40241,lane_1,car,forward,gt-MVI_40241-lane_1-car-forward-229-1634,pred-MVI_40241-lane_1-car-forward-229-1634,229,229,1634,1634,0,0.0
development,tp-MVI_40241-lane_2-car-forward-1645-1645,tp,matched,MVI_40241,lane_2,car,forward,gt-MVI_40241-lane_2-car-forward-231-1645,pred-MVI_40241-lane_2-car-forward-231-1645,231,231,1645,1645,0,0.0
development,tp-MVI_40241-lane_2-car-forward-1655-1655,tp,matched,MVI_40241,lane_2,car,forward,gt-MVI_40241-lane_2-car-forward-237-1655,pred-MVI_40241-lane_2-car-forward-237-1655,237,237,1655,1655,0,0.0
development,tp-MVI_40241-lane_2-car-forward-1656-1656,tp,matched,MVI_40241,lane_2,car,forward,gt-MVI_40241-lane_2-car-forward-236-1656,pred-MVI_40241-lane_2-car-forward-236-1656,236,236,1656,1656,0,0.0
development,tp-MVI_40241-lane_1-car-forward-1661-1661,tp,matched,MVI_40241,lane_1,car,forward,gt-MVI_40241-lane_1-car-forward-234-1661,pred-MVI_40241-lane_1-car-forward-234-1661,234,234,1661,1661,0,0.0
development,tp-MVI_40241-lane_1-car-forward-1662-1662,tp,matched,MVI_40241,lane_1,car,forward,gt-MVI_40241-lane_1-car-forward-232-1662,pred-MVI_40241-lane_1-car-forward-232-1662,232,232,1662,1662,0,0.0
development,tp-MVI_40241-lane_1-car-forward-1664-1664,tp,matched,MVI_40241,lane_1,car,forward,gt-MVI_40241-lane_1-car-forward-233-1664,pred-MVI_40241-lane_1-car-forward-233-1664,233,233,1664,1664,0,0.0
development,tp-MVI_40241-lane_2-truck-forward-1664-1664,tp,matched,MVI_40241,lane_2,truck,forward,gt-MVI_40241-lane_2-truck-forward-238-1664,pred-MVI_40241-lane_2-truck-forward-238-1664,238,238,1664,1664,0,0.0
development,tp-MVI_40241-lane_1-truck-forward-1679-1679,tp,matched,MVI_40241,lane_1,truck,forward,gt-MVI_40241-lane_1-truck-forward-239-1679,pred-MVI_40241-lane_1-truck-forward-239-1679,239,239,1679,1679,0,0.0
development,tp-MVI_40241-lane_2-car-forward-1680-1680,tp,matched,MVI_40241,lane_2,car,forward,gt-MVI_40241-lane_2-car-forward-241-1680,pred-MVI_40241-lane_2-car-forward-241-1680,241,241,1680,1680,0,0.0
development,tp-MVI_40241-lane_1-car-forward-1692-1692,tp,matched,MVI_40241,lane_1,car,forward,gt-MVI_40241-lane_1-car-forward-240-1692,pred-MVI_40241-lane_1-car-forward-240-1692,240,240,1692,1692,0,0.0
development,tp-MVI_40241-lane_2-car-forward-1697-1697,tp,matched,MVI_40241,lane_2,car,forward,gt-MVI_40241-lane_2-car-forward-243-1697,pred-MVI_40241-lane_2-car-forward-243-1697,243,243,1697,1697,0,0.0
development,tp-MVI_40241-lane_2-bus-forward-1712-1712,tp,matched,MVI_40241,lane_2,bus,forward,gt-MVI_40241-lane_2-bus-forward-244-1712,pred-MVI_40241-lane_2-bus-forward-244-1712,244,244,1712,1712,0,0.0
development,tp-MVI_40241-lane_2-truck-forward-1712-1712,tp,matched,MVI_40241,lane_2,truck,forward,gt-MVI_40241-lane_2-truck-forward-246-1712,pred-MVI_40241-lane_2-truck-forward-246-1712,246,246,1712,1712,0,0.0
development,tp-MVI_40241-lane_1-car-forward-1733-1733,tp,matched,MVI_40241,lane_1,car,forward,gt-MVI_40241-lane_1-car-forward-245-1733,pred-MVI_40241-lane_1-car-forward-245-1733,245,245,1733,1733,0,0.0
development,tp-MVI_40241-lane_2-car-forward-1734-1734,tp,matched,MVI_40241,lane_2,car,forward,gt-MVI_40241-lane_2-car-forward-249-1734,pred-MVI_40241-lane_2-car-forward-249-1734,249,249,1734,1734,0,0.0
development,tp-MVI_40241-lane_2-car-forward-1739-1739,tp,matched,MVI_40241,lane_2,car,forward,gt-MVI_40241-lane_2-car-forward-250-1739,pred-MVI_40241-lane_2-car-forward-250-1739,250,250,1739,1739,0,0.0
development,tp-MVI_40241-lane_2-car-forward-1739-1739,tp,matched,MVI_40241,lane_2,car,forward,gt-MVI_40241-lane_2-car-forward-252-1739,pred-MVI_40241-lane_2-car-forward-252-1739,252,252,1739,1739,0,0.0
development,tp-MVI_40241-lane_1-truck-forward-1753-1753,tp,matched,MVI_40241,lane_1,truck,forward,gt-MVI_40241-lane_1-truck-forward-247-1753,pred-MVI_40241-lane_1-truck-forward-247-1753,247,247,1753,1753,0,0.0
development,tp-MVI_40241-lane_2-car-forward-1756-1756,tp,matched,MVI_40241,lane_2,car,forward,gt-MVI_40241-lane_2-car-forward-253-1756,pred-MVI_40241-lane_2-car-forward-253-1756,253,253,1756,1756,0,0.0
development,tp-MVI_40241-lane_1-car-forward-1763-1763,tp,matched,MVI_40241,lane_1,car,forward,gt-MVI_40241-lane_1-car-forward-251-1763,pred-MVI_40241-lane_1-car-forward-251-1763,251,251,1763,1763,0,0.0
development,tp-MVI_40241-lane_2-car-forward-1776-1776,tp,matched,MVI_40241,lane_2,car,forward,gt-MVI_40241-lane_2-car-forward-256-1776,pred-MVI_40241-lane_2-car-forward-256-1776,256,256,1776,1776,0,0.0
development,tp-MVI_40241-lane_2-car-forward-1780-1780,tp,matched,MVI_40241,lane_2,car,forward,gt-MVI_40241-lane_2-car-forward-255-1780,pred-MVI_40241-lane_2-car-forward-255-1780,255,255,1780,1780,0,0.0
development,tp-MVI_40241-lane_2-car-forward-1790-1790,tp,matched,MVI_40241,lane_2,car,forward,gt-MVI_40241-lane_2-car-forward-258-1790,pred-MVI_40241-lane_2-car-forward-258-1790,258,258,1790,1790,0,0.0
development,tp-MVI_40241-lane_1-car-forward-1801-1801,tp,matched,MVI_40241,lane_1,car,forward,gt-MVI_40241-lane_1-car-forward-257-1801,pred-MVI_40241-lane_1-car-forward-257-1801,257,257,1801,1801,0,0.0
development,tp-MVI_40241-lane_2-car-forward-1803-1803,tp,matched,MVI_40241,lane_2,car,forward,gt-MVI_40241-lane_2-car-forward-263-1803,pred-MVI_40241-lane_2-car-forward-263-1803,263,263,1803,1803,0,0.0
development,tp-MVI_40241-lane_2-truck-forward-1805-1805,tp,matched,MVI_40241,lane_2,truck,forward,gt-MVI_40241-lane_2-truck-forward-261-1805,pred-MVI_40241-lane_2-truck-forward-261-1805,261,261,1805,1805,0,0.0
development,tp-MVI_40241-lane_2-car-forward-1816-1816,tp,matched,MVI_40241,lane_2,car,forward,gt-MVI_40241-lane_2-car-forward-264-1816,pred-MVI_40241-lane_2-car-forward-264-1816,264,264,1816,1816,0,0.0
development,tp-MVI_40241-lane_1-car-forward-1818-1818,tp,matched,MVI_40241,lane_1,car,forward,gt-MVI_40241-lane_1-car-forward-259-1818,pred-MVI_40241-lane_1-car-forward-259-1818,259,259,1818,1818,0,0.0
development,tp-MVI_40241-lane_1-car-forward-1826-1826,tp,matched,MVI_40241,lane_1,car,forward,gt-MVI_40241-lane_1-car-forward-262-1826,pred-MVI_40241-lane_1-car-forward-262-1826,262,262,1826,1826,0,0.0
development,tp-MVI_40241-lane_1-truck-forward-1831-1831,tp,matched,MVI_40241,lane_1,truck,forward,gt-MVI_40241-lane_1-truck-forward-260-1831,pred-MVI_40241-lane_1-truck-forward-260-1831,260,260,1831,1831,0,0.0
development,tp-MVI_40241-lane_1-car-forward-1848-1848,tp,matched,MVI_40241,lane_1,car,forward,gt-MVI_40241-lane_1-car-forward-265-1848,pred-MVI_40241-lane_1-car-forward-265-1848,265,265,1848,1848,0,0.0
development,tp-MVI_40241-lane_2-car-forward-1852-1852,tp,matched,MVI_40241,lane_2,car,forward,gt-MVI_40241-lane_2-car-forward-268-1852,pred-MVI_40241-lane_2-car-forward-268-1852,268,268,1852,1852,0,0.0
development,tp-MVI_40241-lane_1-car-forward-1876-1876,tp,matched,MVI_40241,lane_1,car,forward,gt-MVI_40241-lane_1-car-forward-267-1876,pred-MVI_40241-lane_1-car-forward-267-1876,267,267,1876,1876,0,0.0
development,tp-MVI_40241-lane_2-car-forward-1877-1877,tp,matched,MVI_40241,lane_2,car,forward,gt-MVI_40241-lane_2-car-forward-274-1877,pred-MVI_40241-lane_2-car-forward-274-1877,274,274,1877,1877,0,0.0
development,tp-MVI_40241-lane_2-car-forward-1879-1879,tp,matched,MVI_40241,lane_2,car,forward,gt-MVI_40241-lane_2-car-forward-273-1879,pred-MVI_40241-lane_2-car-forward-273-1879,273,273,1879,1879,0,0.0
development,tp-MVI_40241-lane_1-car-forward-1884-1884,tp,matched,MVI_40241,lane_1,car,forward,gt-MVI_40241-lane_1-car-forward-269-1884,pred-MVI_40241-lane_1-car-forward-269-1884,269,269,1884,1884,0,0.0
development,tp-MVI_40241-lane_2-car-forward-1886-1886,tp,matched,MVI_40241,lane_2,car,forward,gt-MVI_40241-lane_2-car-forward-275-1886,pred-MVI_40241-lane_2-car-forward-275-1886,275,275,1886,1886,0,0.0
development,tp-MVI_40241-lane_1-car-forward-1889-1889,tp,matched,MVI_40241,lane_1,car,forward,gt-MVI_40241-lane_1-car-forward-270-1889,pred-MVI_40241-lane_1-car-forward-270-1889,270,270,1889,1889,0,0.0
development,tp-MVI_40241-lane_1-car-forward-1900-1900,tp,matched,MVI_40241,lane_1,car,forward,gt-MVI_40241-lane_1-car-forward-272-1900,pred-MVI_40241-lane_1-car-forward-272-1900,272,272,1900,1900,0,0.0
development,tp-MVI_40241-lane_2-truck-forward-1901-1901,tp,matched,MVI_40241,lane_2,truck,forward,gt-MVI_40241-lane_2-truck-forward-276-1901,pred-MVI_40241-lane_2-truck-forward-276-1901,276,276,1901,1901,0,0.0
development,tp-MVI_40241-lane_2-car-forward-1903-1903,tp,matched,MVI_40241,lane_2,car,forward,gt-MVI_40241-lane_2-car-forward-278-1903,pred-MVI_40241-lane_2-car-forward-278-1903,278,278,1903,1903,0,0.0
development,tp-MVI_40241-lane_1-car-forward-1925-1925,tp,matched,MVI_40241,lane_1,car,forward,gt-MVI_40241-lane_1-car-forward-277-1925,pred-MVI_40241-lane_1-car-forward-277-1925,277,277,1925,1925,0,0.0
development,tp-MVI_40241-lane_2-car-forward-1932-1932,tp,matched,MVI_40241,lane_2,car,forward,gt-MVI_40241-lane_2-car-forward-280-1932,pred-MVI_40241-lane_2-car-forward-280-1932,280,280,1932,1932,0,0.0
development,tp-MVI_40241-lane_2-car-forward-1934-1934,tp,matched,MVI_40241,lane_2,car,forward,gt-MVI_40241-lane_2-car-forward-281-1934,pred-MVI_40241-lane_2-car-forward-281-1934,281,281,1934,1934,0,0.0
development,tp-MVI_40241-lane_1-car-forward-1953-1953,tp,matched,MVI_40241,lane_1,car,forward,gt-MVI_40241-lane_1-car-forward-279-1953,pred-MVI_40241-lane_1-car-forward-279-1953,279,279,1953,1953,0,0.0
development,tp-MVI_40241-lane_2-car-forward-1962-1962,tp,matched,MVI_40241,lane_2,car,forward,gt-MVI_40241-lane_2-car-forward-285-1962,pred-MVI_40241-lane_2-car-forward-285-1962,285,285,1962,1962,0,0.0
development,tp-MVI_40241-lane_1-car-forward-1967-1967,tp,matched,MVI_40241,lane_1,car,forward,gt-MVI_40241-lane_1-car-forward-283-1967,pred-MVI_40241-lane_1-car-forward-283-1967,283,283,1967,1967,0,0.0
development,tp-MVI_40241-lane_2-car-forward-1968-1968,tp,matched,MVI_40241,lane_2,car,forward,gt-MVI_40241-lane_2-car-forward-286-1968,pred-MVI_40241-lane_2-car-forward-286-1968,286,286,1968,1968,0,0.0
development,tp-MVI_40241-lane_2-car-forward-1971-1971,tp,matched,MVI_40241,lane_2,car,forward,gt-MVI_40241-lane_2-car-forward-287-1971,pred-MVI_40241-lane_2-car-forward-287-1971,287,287,1971,1971,0,0.0
development,tp-MVI_40241-lane_1-car-forward-1991-1991,tp,matched,MVI_40241,lane_1,car,forward,gt-MVI_40241-lane_1-car-forward-284-1991,pred-MVI_40241-lane_1-car-forward-284-1991,284,284,1991,1991,0,0.0
development,tp-MVI_40241-lane_2-car-forward-2002-2002,tp,matched,MVI_40241,lane_2,car,forward,gt-MVI_40241-lane_2-car-forward-292-2002,pred-MVI_40241-lane_2-car-forward-292-2002,292,292,2002,2002,0,0.0
development,tp-MVI_40241-lane_1-car-forward-2009-2009,tp,matched,MVI_40241,lane_1,car,forward,gt-MVI_40241-lane_1-car-forward-288-2009,pred-MVI_40241-lane_1-car-forward-288-2009,288,288,2009,2009,0,0.0
development,tp-MVI_40241-lane_2-car-forward-2009-2009,tp,matched,MVI_40241,lane_2,car,forward,gt-MVI_40241-lane_2-car-forward-293-2009,pred-MVI_40241-lane_2-car-forward-293-2009,293,293,2009,2009,0,0.0
development,tp-MVI_40241-lane_1-car-forward-2030-2030,tp,matched,MVI_40241,lane_1,car,forward,gt-MVI_40241-lane_1-car-forward-290-2030,pred-MVI_40241-lane_1-car-forward-290-2030,290,290,2030,2030,0,0.0
development,tp-MVI_40241-lane_1-car-forward-2033-2033,tp,matched,MVI_40241,lane_1,car,forward,gt-MVI_40241-lane_1-car-forward-291-2033,pred-MVI_40241-lane_1-car-forward-291-2033,291,291,2033,2033,0,0.0
development,tp-MVI_40241-lane_2-car-forward-2034-2034,tp,matched,MVI_40241,lane_2,car,forward,gt-MVI_40241-lane_2-car-forward-296-2034,pred-MVI_40241-lane_2-car-forward-296-2034,296,296,2034,2034,0,0.0
development,tp-MVI_40241-lane_2-car-forward-2043-2043,tp,matched,MVI_40241,lane_2,car,forward,gt-MVI_40241-lane_2-car-forward-298-2043,pred-MVI_40241-lane_2-car-forward-298-2043,298,298,2043,2043,0,0.0
development,tp-MVI_40241-lane_1-truck-forward-2050-2050,tp,matched,MVI_40241,lane_1,truck,forward,gt-MVI_40241-lane_1-truck-forward-295-2050,pred-MVI_40241-lane_1-truck-forward-295-2050,295,295,2050,2050,0,0.0
development,tp-MVI_40241-lane_2-car-forward-2064-2064,tp,matched,MVI_40241,lane_2,car,forward,gt-MVI_40241-lane_2-car-forward-301-2064,pred-MVI_40241-lane_2-car-forward-301-2064,301,301,2064,2064,0,0.0
development,tp-MVI_40241-lane_1-car-forward-2067-2067,tp,matched,MVI_40241,lane_1,car,forward,gt-MVI_40241-lane_1-car-forward-297-2067,pred-MVI_40241-lane_1-car-forward-297-2067,297,297,2067,2067,0,0.0
development,tp-MVI_40241-lane_1-car-forward-2078-2078,tp,matched,MVI_40241,lane_1,car,forward,gt-MVI_40241-lane_1-car-forward-299-2078,pred-MVI_40241-lane_1-car-forward-299-2078,299,299,2078,2078,0,0.0
development,tp-MVI_40241-lane_2-car-forward-2079-2079,tp,matched,MVI_40241,lane_2,car,forward,gt-MVI_40241-lane_2-car-forward-302-2079,pred-MVI_40241-lane_2-car-forward-302-2079,302,302,2079,2079,0,0.0
development,tp-MVI_40241-lane_1-car-forward-2091-2091,tp,matched,MVI_40241,lane_1,car,forward,gt-MVI_40241-lane_1-car-forward-300-2091,pred-MVI_40241-lane_1-car-forward-300-2091,300,300,2091,2091,0,0.0
development,tp-MVI_40241-lane_2-car-forward-2091-2091,tp,matched,MVI_40241,lane_2,car,forward,gt-MVI_40241-lane_2-car-forward-304-2091,pred-MVI_40241-lane_2-car-forward-304-2091,304,304,2091,2091,0,0.0
development,tp-MVI_40241-lane_2-car-forward-2104-2104,tp,matched,MVI_40241,lane_2,car,forward,gt-MVI_40241-lane_2-car-forward-305-2104,pred-MVI_40241-lane_2-car-forward-305-2104,305,305,2104,2104,0,0.0
development,tp-MVI_40241-lane_2-car-forward-2130-2130,tp,matched,MVI_40241,lane_2,car,forward,gt-MVI_40241-lane_2-car-forward-308-2130,pred-MVI_40241-lane_2-car-forward-308-2130,308,308,2130,2130,0,0.0
development,tp-MVI_40241-lane_1-car-forward-2134-2134,tp,matched,MVI_40241,lane_1,car,forward,gt-MVI_40241-lane_1-car-forward-306-2134,pred-MVI_40241-lane_1-car-forward-306-2134,306,306,2134,2134,0,0.0
development,tp-MVI_40241-lane_1-car-forward-2143-2143,tp,matched,MVI_40241,lane_1,car,forward,gt-MVI_40241-lane_1-car-forward-307-2143,pred-MVI_40241-lane_1-car-forward-307-2143,307,307,2143,2143,0,0.0
development,tp-MVI_40241-lane_2-car-forward-2154-2154,tp,matched,MVI_40241,lane_2,car,forward,gt-MVI_40241-lane_2-car-forward-309-2154,pred-MVI_40241-lane_2-car-forward-309-2154,309,309,2154,2154,0,0.0
development,tp-MVI_40241-lane_2-car-forward-2184-2184,tp,matched,MVI_40241,lane_2,car,forward,gt-MVI_40241-lane_2-car-forward-312-2184,pred-MVI_40241-lane_2-car-forward-312-2184,312,312,2184,2184,0,0.0
development,tp-MVI_40241-lane_2-car-forward-2187-2187,tp,matched,MVI_40241,lane_2,car,forward,gt-MVI_40241-lane_2-car-forward-314-2187,pred-MVI_40241-lane_2-car-forward-314-2187,314,314,2187,2187,0,0.0
development,tp-MVI_40241-lane_2-car-forward-2197-2197,tp,matched,MVI_40241,lane_2,car,forward,gt-MVI_40241-lane_2-car-forward-315-2197,pred-MVI_40241-lane_2-car-forward-315-2197,315,315,2197,2197,0,0.0
development,tp-MVI_40241-lane_2-car-forward-2199-2199,tp,matched,MVI_40241,lane_2,car,forward,gt-MVI_40241-lane_2-car-forward-316-2199,pred-MVI_40241-lane_2-car-forward-316-2199,316,316,2199,2199,0,0.0
development,tp-MVI_40241-lane_1-car-forward-2201-2201,tp,matched,MVI_40241,lane_1,car,forward,gt-MVI_40241-lane_1-car-forward-311-2201,pred-MVI_40241-lane_1-car-forward-311-2201,311,311,2201,2201,0,0.0
development,tp-MVI_40241-lane_1-truck-forward-2202-2202,tp,matched,MVI_40241,lane_1,truck,forward,gt-MVI_40241-lane_1-truck-forward-313-2202,pred-MVI_40241-lane_1-truck-forward-313-2202,313,313,2202,2202,0,0.0
development,tp-MVI_40241-lane_1-car-forward-2233-2233,tp,matched,MVI_40241,lane_1,car,forward,gt-MVI_40241-lane_1-car-forward-317-2233,pred-MVI_40241-lane_1-car-forward-317-2233,317,317,2233,2233,0,0.0
development,tp-MVI_40241-lane_2-car-forward-2237-2237,tp,matched,MVI_40241,lane_2,car,forward,gt-MVI_40241-lane_2-car-forward-320-2237,pred-MVI_40241-lane_2-car-forward-320-2237,320,320,2237,2237,0,0.0
development,tp-MVI_40241-lane_2-car-forward-2237-2237,tp,matched,MVI_40241,lane_2,car,forward,gt-MVI_40241-lane_2-car-forward-321-2237,pred-MVI_40241-lane_2-car-forward-321-2237,321,321,2237,2237,0,0.0
development,tp-MVI_40241-lane_1-truck-forward-2259-2259,tp,matched,MVI_40241,lane_1,truck,forward,gt-MVI_40241-lane_1-truck-forward-323-2259,pred-MVI_40241-lane_1-truck-forward-323-2259,323,323,2259,2259,0,0.0
development,tp-MVI_40241-lane_1-truck-forward-2263-2263,tp,matched,MVI_40241,lane_1,truck,forward,gt-MVI_40241-lane_1-truck-forward-319-2263,pred-MVI_40241-lane_1-truck-forward-319-2263,319,319,2263,2263,0,0.0
development,tp-MVI_40241-lane_2-car-forward-2265-2265,tp,matched,MVI_40241,lane_2,car,forward,gt-MVI_40241-lane_2-car-forward-326-2265,pred-MVI_40241-lane_2-car-forward-326-2265,326,326,2265,2265,0,0.0
development,tp-MVI_40241-lane_1-truck-forward-2273-2273,tp,matched,MVI_40241,lane_1,truck,forward,gt-MVI_40241-lane_1-truck-forward-322-2273,pred-MVI_40241-lane_1-truck-forward-322-2273,322,322,2273,2273,0,0.0
development,tp-MVI_40241-lane_2-car-forward-2274-2274,tp,matched,MVI_40241,lane_2,car,forward,gt-MVI_40241-lane_2-car-forward-327-2274,pred-MVI_40241-lane_2-car-forward-327-2274,327,327,2274,2274,0,0.0
development,tp-MVI_40241-lane_2-car-forward-2286-2286,tp,matched,MVI_40241,lane_2,car,forward,gt-MVI_40241-lane_2-car-forward-328-2286,pred-MVI_40241-lane_2-car-forward-328-2286,328,328,2286,2286,0,0.0
development,tp-MVI_40241-lane_1-car-forward-2290-2290,tp,matched,MVI_40241,lane_1,car,forward,gt-MVI_40241-lane_1-car-forward-325-2290,pred-MVI_40241-lane_1-car-forward-325-2290,325,325,2290,2290,0,0.0
development,tp-MVI_40241-lane_2-car-forward-2296-2296,tp,matched,MVI_40241,lane_2,car,forward,gt-MVI_40241-lane_2-car-forward-331-2296,pred-MVI_40241-lane_2-car-forward-331-2296,331,331,2296,2296,0,0.0
development,tp-MVI_40241-lane_2-car-forward-2303-2303,tp,matched,MVI_40241,lane_2,car,forward,gt-MVI_40241-lane_2-car-forward-332-2303,pred-MVI_40241-lane_2-car-forward-332-2303,332,332,2303,2303,0,0.0
development,tp-MVI_40241-lane_1-car-forward-2316-2316,tp,matched,MVI_40241,lane_1,car,forward,gt-MVI_40241-lane_1-car-forward-329-2316,pred-MVI_40241-lane_1-car-forward-329-2316,329,329,2316,2316,0,0.0
development,tp-MVI_40752-lane_1-car-forward-26-26,tp,matched,MVI_40752,lane_1,car,forward,gt-MVI_40752-lane_1-car-forward-2-26,pred-MVI_40752-lane_1-car-forward-2-26,2,2,26,26,0,0.0
development,tp-MVI_40752-lane_1-car-forward-75-75,tp,matched,MVI_40752,lane_1,car,forward,gt-MVI_40752-lane_1-car-forward-4-75,pred-MVI_40752-lane_1-car-forward-4-75,4,4,75,75,0,0.0
development,tp-MVI_40752-lane_2-car-forward-112-112,tp,matched,MVI_40752,lane_2,car,forward,gt-MVI_40752-lane_2-car-forward-9-112,pred-MVI_40752-lane_2-car-forward-9-112,9,9,112,112,0,0.0
development,tp-MVI_40752-lane_1-car-forward-116-116,tp,matched,MVI_40752,lane_1,car,forward,gt-MVI_40752-lane_1-car-forward-6-116,pred-MVI_40752-lane_1-car-forward-6-116,6,6,116,116,0,0.0
development,tp-MVI_40752-lane_2-car-forward-127-127,tp,matched,MVI_40752,lane_2,car,forward,gt-MVI_40752-lane_2-car-forward-12-127,pred-MVI_40752-lane_2-car-forward-12-127,12,12,127,127,0,0.0
development,tp-MVI_40752-lane_1-car-forward-129-129,tp,matched,MVI_40752,lane_1,car,forward,gt-MVI_40752-lane_1-car-forward-7-129,pred-MVI_40752-lane_1-car-forward-7-129,7,7,129,129,0,0.0
development,tp-MVI_40752-lane_1-car-forward-149-149,tp,matched,MVI_40752,lane_1,car,forward,gt-MVI_40752-lane_1-car-forward-10-149,pred-MVI_40752-lane_1-car-forward-10-149,10,10,149,149,0,0.0
development,tp-MVI_40752-lane_1-truck-forward-152-152,tp,matched,MVI_40752,lane_1,truck,forward,gt-MVI_40752-lane_1-truck-forward-8-152,pred-MVI_40752-lane_1-truck-forward-8-152,8,8,152,152,0,0.0
development,tp-MVI_40752-lane_1-car-forward-159-159,tp,matched,MVI_40752,lane_1,car,forward,gt-MVI_40752-lane_1-car-forward-11-159,pred-MVI_40752-lane_1-car-forward-11-159,11,11,159,159,0,0.0
development,tp-MVI_40752-lane_2-car-forward-165-165,tp,matched,MVI_40752,lane_2,car,forward,gt-MVI_40752-lane_2-car-forward-16-165,pred-MVI_40752-lane_2-car-forward-16-165,16,16,165,165,0,0.0
development,tp-MVI_40752-lane_2-car-forward-177-177,tp,matched,MVI_40752,lane_2,car,forward,gt-MVI_40752-lane_2-car-forward-15-177,pred-MVI_40752-lane_2-car-forward-15-177,15,15,177,177,0,0.0
development,tp-MVI_40752-lane_1-car-forward-184-184,tp,matched,MVI_40752,lane_1,car,forward,gt-MVI_40752-lane_1-car-forward-14-184,pred-MVI_40752-lane_1-car-forward-14-184,14,14,184,184,0,0.0
development,tp-MVI_40752-lane_1-car-forward-185-185,tp,matched,MVI_40752,lane_1,car,forward,gt-MVI_40752-lane_1-car-forward-13-185,pred-MVI_40752-lane_1-car-forward-13-185,13,13,185,185,0,0.0
development,tp-MVI_40752-lane_2-car-forward-213-213,tp,matched,MVI_40752,lane_2,car,forward,gt-MVI_40752-lane_2-car-forward-18-213,pred-MVI_40752-lane_2-car-forward-18-213,18,18,213,213,0,0.0
development,tp-MVI_40752-lane_1-car-forward-233-233,tp,matched,MVI_40752,lane_1,car,forward,gt-MVI_40752-lane_1-car-forward-19-233,pred-MVI_40752-lane_1-car-forward-19-233,19,19,233,233,0,0.0
development,tp-MVI_40752-lane_1-car-forward-241-241,tp,matched,MVI_40752,lane_1,car,forward,gt-MVI_40752-lane_1-car-forward-17-241,pred-MVI_40752-lane_1-car-forward-17-241,17,17,241,241,0,0.0
development,tp-MVI_40752-lane_1-car-forward-247-247,tp,matched,MVI_40752,lane_1,car,forward,gt-MVI_40752-lane_1-car-forward-20-247,pred-MVI_40752-lane_1-car-forward-20-247,20,20,247,247,0,0.0
development,tp-MVI_40752-lane_1-car-forward-256-256,tp,matched,MVI_40752,lane_1,car,forward,gt-MVI_40752-lane_1-car-forward-28-256,pred-MVI_40752-lane_1-car-forward-28-256,28,28,256,256,0,0.0
development,tp-MVI_40752-lane_1-car-forward-256-256,tp,matched,MVI_40752,lane_1,car,forward,gt-MVI_40752-lane_1-car-forward-29-256,pred-MVI_40752-lane_1-car-forward-29-256,29,29,256,256,0,0.0
development,tp-MVI_40752-lane_2-car-forward-272-272,tp,matched,MVI_40752,lane_2,car,forward,gt-MVI_40752-lane_2-car-forward-31-272,pred-MVI_40752-lane_2-car-forward-31-272,31,31,272,272,0,0.0
development,tp-MVI_40752-lane_1-car-forward-311-311,tp,matched,MVI_40752,lane_1,car,forward,gt-MVI_40752-lane_1-car-forward-32-311,pred-MVI_40752-lane_1-car-forward-32-311,32,32,311,311,0,0.0
development,tp-MVI_40752-lane_2-car-forward-313-313,tp,matched,MVI_40752,lane_2,car,forward,gt-MVI_40752-lane_2-car-forward-35-313,pred-MVI_40752-lane_2-car-forward-35-313,35,35,313,313,0,0.0
development,tp-MVI_40752-lane_2-car-forward-352-352,tp,matched,MVI_40752,lane_2,car,forward,gt-MVI_40752-lane_2-car-forward-40-352,pred-MVI_40752-lane_2-car-forward-40-352,40,40,352,352,0,0.0
development,tp-MVI_40752-lane_1-car-forward-371-371,tp,matched,MVI_40752,lane_1,car,forward,gt-MVI_40752-lane_1-car-forward-36-371,pred-MVI_40752-lane_1-car-forward-36-371,36,36,371,371,0,0.0
development,tp-MVI_40752-lane_1-car-forward-373-373,tp,matched,MVI_40752,lane_1,car,forward,gt-MVI_40752-lane_1-car-forward-39-373,pred-MVI_40752-lane_1-car-forward-39-373,39,39,373,373,0,0.0
development,tp-MVI_40752-lane_1-truck-forward-376-376,tp,matched,MVI_40752,lane_1,truck,forward,gt-MVI_40752-lane_1-truck-forward-37-376,pred-MVI_40752-lane_1-truck-forward-37-376,37,37,376,376,0,0.0
development,tp-MVI_40752-lane_2-car-forward-386-386,tp,matched,MVI_40752,lane_2,car,forward,gt-MVI_40752-lane_2-car-forward-42-386,pred-MVI_40752-lane_2-car-forward-42-386,42,42,386,386,0,0.0
development,tp-MVI_40752-lane_1-car-forward-413-413,tp,matched,MVI_40752,lane_1,car,forward,gt-MVI_40752-lane_1-car-forward-41-413,pred-MVI_40752-lane_1-car-forward-41-413,41,41,413,413,0,0.0
development,tp-MVI_40752-lane_2-car-forward-413-413,tp,matched,MVI_40752,lane_2,car,forward,gt-MVI_40752-lane_2-car-forward-47-413,pred-MVI_40752-lane_2-car-forward-47-413,47,47,413,413,0,0.0
development,tp-MVI_40752-lane_2-car-forward-423-423,tp,matched,MVI_40752,lane_2,car,forward,gt-MVI_40752-lane_2-car-forward-46-423,pred-MVI_40752-lane_2-car-forward-46-423,46,46,423,423,0,0.0
development,tp-MVI_40752-lane_1-car-forward-446-446,tp,matched,MVI_40752,lane_1,car,forward,gt-MVI_40752-lane_1-car-forward-44-446,pred-MVI_40752-lane_1-car-forward-44-446,44,44,446,446,0,0.0
development,tp-MVI_40752-lane_1-car-forward-450-450,tp,matched,MVI_40752,lane_1,car,forward,gt-MVI_40752-lane_1-car-forward-48-450,pred-MVI_40752-lane_1-car-forward-48-450,48,48,450,450,0,0.0
development,tp-MVI_40752-lane_2-car-forward-468-468,tp,matched,MVI_40752,lane_2,car,forward,gt-MVI_40752-lane_2-car-forward-52-468,pred-MVI_40752-lane_2-car-forward-52-468,52,52,468,468,0,0.0
development,tp-MVI_40752-lane_2-car-forward-469-469,tp,matched,MVI_40752,lane_2,car,forward,gt-MVI_40752-lane_2-car-forward-51-469,pred-MVI_40752-lane_2-car-forward-51-469,51,51,469,469,0,0.0
development,tp-MVI_40752-lane_1-car-forward-484-484,tp,matched,MVI_40752,lane_1,car,forward,gt-MVI_40752-lane_1-car-forward-50-484,pred-MVI_40752-lane_1-car-forward-50-484,50,50,484,484,0,0.0
development,tp-MVI_40752-lane_1-car-forward-489-489,tp,matched,MVI_40752,lane_1,car,forward,gt-MVI_40752-lane_1-car-forward-49-489,pred-MVI_40752-lane_1-car-forward-49-489,49,49,489,489,0,0.0
development,tp-MVI_40752-lane_2-car-forward-511-511,tp,matched,MVI_40752,lane_2,car,forward,gt-MVI_40752-lane_2-car-forward-56-511,pred-MVI_40752-lane_2-car-forward-56-511,56,56,511,511,0,0.0
development,tp-MVI_40752-lane_1-car-forward-513-513,tp,matched,MVI_40752,lane_1,car,forward,gt-MVI_40752-lane_1-car-forward-53-513,pred-MVI_40752-lane_1-car-forward-53-513,53,53,513,513,0,0.0
development,tp-MVI_40752-lane_2-car-forward-536-536,tp,matched,MVI_40752,lane_2,car,forward,gt-MVI_40752-lane_2-car-forward-57-536,pred-MVI_40752-lane_2-car-forward-57-536,57,57,536,536,0,0.0
development,tp-MVI_40752-lane_1-car-forward-544-544,tp,matched,MVI_40752,lane_1,car,forward,gt-MVI_40752-lane_1-car-forward-54-544,pred-MVI_40752-lane_1-car-forward-54-544,54,54,544,544,0,0.0
development,tp-MVI_40752-lane_2-car-forward-555-555,tp,matched,MVI_40752,lane_2,car,forward,gt-MVI_40752-lane_2-car-forward-59-555,pred-MVI_40752-lane_2-car-forward-59-555,59,59,555,555,0,0.0
development,tp-MVI_40752-lane_2-car-forward-567-567,tp,matched,MVI_40752,lane_2,car,forward,gt-MVI_40752-lane_2-car-forward-61-567,pred-MVI_40752-lane_2-car-forward-61-567,61,61,567,567,0,0.0
development,tp-MVI_40752-lane_1-truck-forward-577-577,tp,matched,MVI_40752,lane_1,truck,forward,gt-MVI_40752-lane_1-truck-forward-58-577,pred-MVI_40752-lane_1-truck-forward-58-577,58,58,577,577,0,0.0
development,tp-MVI_40752-lane_2-car-forward-592-592,tp,matched,MVI_40752,lane_2,car,forward,gt-MVI_40752-lane_2-car-forward-63-592,pred-MVI_40752-lane_2-car-forward-63-592,63,63,592,592,0,0.0
development,tp-MVI_40752-lane_2-car-forward-592-592,tp,matched,MVI_40752,lane_2,car,forward,gt-MVI_40752-lane_2-car-forward-64-592,pred-MVI_40752-lane_2-car-forward-64-592,64,64,592,592,0,0.0
development,tp-MVI_40752-lane_1-car-forward-599-599,tp,matched,MVI_40752,lane_1,car,forward,gt-MVI_40752-lane_1-car-forward-60-599,pred-MVI_40752-lane_1-car-forward-60-599,60,60,599,599,0,0.0
development,tp-MVI_40752-lane_2-truck-forward-609-609,tp,matched,MVI_40752,lane_2,truck,forward,gt-MVI_40752-lane_2-truck-forward-65-609,pred-MVI_40752-lane_2-truck-forward-65-609,65,65,609,609,0,0.0
development,tp-MVI_40752-lane_1-car-forward-611-611,tp,matched,MVI_40752,lane_1,car,forward,gt-MVI_40752-lane_1-car-forward-62-611,pred-MVI_40752-lane_1-car-forward-62-611,62,62,611,611,0,0.0
development,tp-MVI_40752-lane_1-car-forward-660-660,tp,matched,MVI_40752,lane_1,car,forward,gt-MVI_40752-lane_1-car-forward-66-660,pred-MVI_40752-lane_1-car-forward-66-660,66,66,660,660,0,0.0
development,tp-MVI_40752-lane_2-car-forward-675-675,tp,matched,MVI_40752,lane_2,car,forward,gt-MVI_40752-lane_2-car-forward-68-675,pred-MVI_40752-lane_2-car-forward-68-675,68,68,675,675,0,0.0
development,tp-MVI_40752-lane_2-car-forward-685-685,tp,matched,MVI_40752,lane_2,car,forward,gt-MVI_40752-lane_2-car-forward-70-685,pred-MVI_40752-lane_2-car-forward-70-685,70,70,685,685,0,0.0
development,tp-MVI_40752-lane_2-car-forward-693-693,tp,matched,MVI_40752,lane_2,car,forward,gt-MVI_40752-lane_2-car-forward-71-693,pred-MVI_40752-lane_2-car-forward-71-693,71,71,693,693,0,0.0
development,tp-MVI_40752-lane_1-car-forward-723-723,tp,matched,MVI_40752,lane_1,car,forward,gt-MVI_40752-lane_1-car-forward-69-723,pred-MVI_40752-lane_1-car-forward-69-723,69,69,723,723,0,0.0
development,tp-MVI_40752-lane_2-car-forward-731-731,tp,matched,MVI_40752,lane_2,car,forward,gt-MVI_40752-lane_2-car-forward-74-731,pred-MVI_40752-lane_2-car-forward-74-731,74,74,731,731,0,0.0
development,tp-MVI_40752-lane_1-car-forward-751-751,tp,matched,MVI_40752,lane_1,car,forward,gt-MVI_40752-lane_1-car-forward-72-751,pred-MVI_40752-lane_1-car-forward-72-751,72,72,751,751,0,0.0
development,tp-MVI_40752-lane_2-truck-forward-776-776,tp,matched,MVI_40752,lane_2,truck,forward,gt-MVI_40752-lane_2-truck-forward-77-776,pred-MVI_40752-lane_2-truck-forward-77-776,77,77,776,776,0,0.0
development,tp-MVI_40752-lane_2-car-forward-787-787,tp,matched,MVI_40752,lane_2,car,forward,gt-MVI_40752-lane_2-car-forward-79-787,pred-MVI_40752-lane_2-car-forward-79-787,79,79,787,787,0,0.0
development,tp-MVI_40752-lane_1-car-forward-801-801,tp,matched,MVI_40752,lane_1,car,forward,gt-MVI_40752-lane_1-car-forward-75-801,pred-MVI_40752-lane_1-car-forward-75-801,75,75,801,801,0,0.0
development,tp-MVI_40752-lane_2-car-forward-873-873,tp,matched,MVI_40752,lane_2,car,forward,gt-MVI_40752-lane_2-car-forward-85-873,pred-MVI_40752-lane_2-car-forward-85-873,85,85,873,873,0,0.0
development,tp-MVI_40752-lane_1-car-forward-881-881,tp,matched,MVI_40752,lane_1,car,forward,gt-MVI_40752-lane_1-car-forward-82-881,pred-MVI_40752-lane_1-car-forward-82-881,82,82,881,881,0,0.0
development,tp-MVI_40752-lane_2-car-forward-898-898,tp,matched,MVI_40752,lane_2,car,forward,gt-MVI_40752-lane_2-car-forward-91-898,pred-MVI_40752-lane_2-car-forward-91-898,91,91,898,898,0,0.0
development,tp-MVI_40752-lane_1-car-forward-901-901,tp,matched,MVI_40752,lane_1,car,forward,gt-MVI_40752-lane_1-car-forward-84-901,pred-MVI_40752-lane_1-car-forward-84-901,84,84,901,901,0,0.0
development,tp-MVI_40752-lane_1-car-forward-906-906,tp,matched,MVI_40752,lane_1,car,forward,gt-MVI_40752-lane_1-car-forward-86-906,pred-MVI_40752-lane_1-car-forward-86-906,86,86,906,906,0,0.0
development,tp-MVI_40752-lane_2-car-forward-925-925,tp,matched,MVI_40752,lane_2,car,forward,gt-MVI_40752-lane_2-car-forward-93-925,pred-MVI_40752-lane_2-car-forward-93-925,93,93,925,925,0,0.0
development,tp-MVI_40752-lane_2-car-forward-962-962,tp,matched,MVI_40752,lane_2,car,forward,gt-MVI_40752-lane_2-car-forward-95-962,pred-MVI_40752-lane_2-car-forward-95-962,95,95,962,962,0,0.0
development,tp-MVI_40752-lane_1-car-forward-981-981,tp,matched,MVI_40752,lane_1,car,forward,gt-MVI_40752-lane_1-car-forward-94-981,pred-MVI_40752-lane_1-car-forward-94-981,94,94,981,981,0,0.0
development,tp-MVI_40752-lane_1-car-forward-1012-1012,tp,matched,MVI_40752,lane_1,car,forward,gt-MVI_40752-lane_1-car-forward-96-1012,pred-MVI_40752-lane_1-car-forward-96-1012,96,96,1012,1012,0,0.0
development,tp-MVI_40752-lane_1-car-forward-1021-1021,tp,matched,MVI_40752,lane_1,car,forward,gt-MVI_40752-lane_1-car-forward-97-1021,pred-MVI_40752-lane_1-car-forward-97-1021,97,97,1021,1021,0,0.0
development,tp-MVI_40752-lane_2-car-forward-1021-1021,tp,matched,MVI_40752,lane_2,car,forward,gt-MVI_40752-lane_2-car-forward-100-1021,pred-MVI_40752-lane_2-car-forward-100-1021,100,100,1021,1021,0,0.0
development,tp-MVI_40752-lane_2-car-forward-1075-1075,tp,matched,MVI_40752,lane_2,car,forward,gt-MVI_40752-lane_2-car-forward-104-1075,pred-MVI_40752-lane_2-car-forward-104-1075,104,104,1075,1075,0,0.0
development,tp-MVI_40752-lane_1-truck-forward-1103-1103,tp,matched,MVI_40752,lane_1,truck,forward,gt-MVI_40752-lane_1-truck-forward-103-1103,pred-MVI_40752-lane_1-truck-forward-103-1103,103,103,1103,1103,0,0.0
development,tp-MVI_40752-lane_1-car-forward-1121-1121,tp,matched,MVI_40752,lane_1,car,forward,gt-MVI_40752-lane_1-car-forward-102-1121,pred-MVI_40752-lane_1-car-forward-102-1121,102,102,1121,1121,0,0.0
development,tp-MVI_40752-lane_1-car-forward-1125-1125,tp,matched,MVI_40752,lane_1,car,forward,gt-MVI_40752-lane_1-car-forward-105-1125,pred-MVI_40752-lane_1-car-forward-105-1125,105,105,1125,1125,0,0.0
development,tp-MVI_40752-lane_1-car-forward-1144-1144,tp,matched,MVI_40752,lane_1,car,forward,gt-MVI_40752-lane_1-car-forward-106-1144,pred-MVI_40752-lane_1-car-forward-106-1144,106,106,1144,1144,0,0.0
development,tp-MVI_40752-lane_2-truck-forward-1161-1161,tp,matched,MVI_40752,lane_2,truck,forward,gt-MVI_40752-lane_2-truck-forward-110-1161,pred-MVI_40752-lane_2-truck-forward-110-1161,110,110,1161,1161,0,0.0
development,tp-MVI_40752-lane_1-car-forward-1164-1164,tp,matched,MVI_40752,lane_1,car,forward,gt-MVI_40752-lane_1-car-forward-108-1164,pred-MVI_40752-lane_1-car-forward-108-1164,108,108,1164,1164,0,0.0
development,tp-MVI_40752-lane_1-truck-forward-1184-1184,tp,matched,MVI_40752,lane_1,truck,forward,gt-MVI_40752-lane_1-truck-forward-109-1184,pred-MVI_40752-lane_1-truck-forward-109-1184,109,109,1184,1184,0,0.0
development,tp-MVI_40752-lane_2-car-forward-1205-1205,tp,matched,MVI_40752,lane_2,car,forward,gt-MVI_40752-lane_2-car-forward-114-1205,pred-MVI_40752-lane_2-car-forward-114-1205,114,114,1205,1205,0,0.0
development,tp-MVI_40752-lane_1-car-forward-1215-1215,tp,matched,MVI_40752,lane_1,car,forward,gt-MVI_40752-lane_1-car-forward-112-1215,pred-MVI_40752-lane_1-car-forward-112-1215,112,112,1215,1215,0,0.0
development,tp-MVI_40752-lane_1-car-forward-1216-1216,tp,matched,MVI_40752,lane_1,car,forward,gt-MVI_40752-lane_1-car-forward-113-1216,pred-MVI_40752-lane_1-car-forward-113-1216,113,113,1216,1216,0,0.0
development,tp-MVI_40752-lane_2-car-forward-1227-1227,tp,matched,MVI_40752,lane_2,car,forward,gt-MVI_40752-lane_2-car-forward-115-1227,pred-MVI_40752-lane_2-car-forward-115-1227,115,115,1227,1227,0,0.0
development,tp-MVI_40752-lane_2-car-forward-1234-1234,tp,matched,MVI_40752,lane_2,car,forward,gt-MVI_40752-lane_2-car-forward-117-1234,pred-MVI_40752-lane_2-car-forward-117-1234,117,117,1234,1234,0,0.0
development,tp-MVI_40752-lane_2-car-forward-1255-1255,tp,matched,MVI_40752,lane_2,car,forward,gt-MVI_40752-lane_2-car-forward-119-1255,pred-MVI_40752-lane_2-car-forward-119-1255,119,119,1255,1255,0,0.0
development,tp-MVI_40752-lane_1-car-forward-1288-1288,tp,matched,MVI_40752,lane_1,car,forward,gt-MVI_40752-lane_1-car-forward-118-1288,pred-MVI_40752-lane_1-car-forward-118-1288,118,118,1288,1288,0,0.0
development,tp-MVI_40752-lane_2-car-forward-1289-1289,tp,matched,MVI_40752,lane_2,car,forward,gt-MVI_40752-lane_2-car-forward-120-1289,pred-MVI_40752-lane_2-car-forward-120-1289,120,120,1289,1289,0,0.0
development,tp-MVI_40752-lane_2-truck-forward-1328-1328,tp,matched,MVI_40752,lane_2,truck,forward,gt-MVI_40752-lane_2-truck-forward-124-1328,pred-MVI_40752-lane_2-truck-forward-124-1328,124,124,1328,1328,0,0.0
development,tp-MVI_40752-lane_1-truck-forward-1337-1337,tp,matched,MVI_40752,lane_1,truck,forward,gt-MVI_40752-lane_1-truck-forward-122-1337,pred-MVI_40752-lane_1-truck-forward-122-1337,122,122,1337,1337,0,0.0
development,tp-MVI_40752-lane_2-car-forward-1350-1350,tp,matched,MVI_40752,lane_2,car,forward,gt-MVI_40752-lane_2-car-forward-126-1350,pred-MVI_40752-lane_2-car-forward-126-1350,126,126,1350,1350,0,0.0
development,tp-MVI_40752-lane_2-car-forward-1354-1354,tp,matched,MVI_40752,lane_2,car,forward,gt-MVI_40752-lane_2-car-forward-127-1354,pred-MVI_40752-lane_2-car-forward-127-1354,127,127,1354,1354,0,0.0
development,tp-MVI_40752-lane_2-car-forward-1362-1362,tp,matched,MVI_40752,lane_2,car,forward,gt-MVI_40752-lane_2-car-forward-128-1362,pred-MVI_40752-lane_2-car-forward-128-1362,128,128,1362,1362,0,0.0
development,tp-MVI_40752-lane_1-truck-forward-1374-1374,tp,matched,MVI_40752,lane_1,truck,forward,gt-MVI_40752-lane_1-truck-forward-129-1374,pred-MVI_40752-lane_1-truck-forward-129-1374,129,129,1374,1374,0,0.0
development,tp-MVI_40752-lane_2-car-forward-1408-1408,tp,matched,MVI_40752,lane_2,car,forward,gt-MVI_40752-lane_2-car-forward-134-1408,pred-MVI_40752-lane_2-car-forward-134-1408,134,134,1408,1408,0,0.0
development,tp-MVI_40752-lane_1-truck-forward-1413-1413,tp,matched,MVI_40752,lane_1,truck,forward,gt-MVI_40752-lane_1-truck-forward-131-1413,pred-MVI_40752-lane_1-truck-forward-131-1413,131,131,1413,1413,0,0.0
development,tp-MVI_40752-lane_1-car-forward-1416-1416,tp,matched,MVI_40752,lane_1,car,forward,gt-MVI_40752-lane_1-car-forward-132-1416,pred-MVI_40752-lane_1-car-forward-132-1416,132,132,1416,1416,0,0.0
development,tp-MVI_40752-lane_1-car-forward-1433-1433,tp,matched,MVI_40752,lane_1,car,forward,gt-MVI_40752-lane_1-car-forward-133-1433,pred-MVI_40752-lane_1-car-forward-133-1433,133,133,1433,1433,0,0.0
development,tp-MVI_40752-lane_2-car-forward-1433-1433,tp,matched,MVI_40752,lane_2,car,forward,gt-MVI_40752-lane_2-car-forward-136-1433,pred-MVI_40752-lane_2-car-forward-136-1433,136,136,1433,1433,0,0.0
development,tp-MVI_40752-lane_1-car-forward-1442-1442,tp,matched,MVI_40752,lane_1,car,forward,gt-MVI_40752-lane_1-car-forward-135-1442,pred-MVI_40752-lane_1-car-forward-135-1442,135,135,1442,1442,0,0.0
development,tp-MVI_40752-lane_2-car-forward-1476-1476,tp,matched,MVI_40752,lane_2,car,forward,gt-MVI_40752-lane_2-car-forward-144-1476,pred-MVI_40752-lane_2-car-forward-144-1476,144,144,1476,1476,0,0.0
development,tp-MVI_40752-lane_1-car-forward-1488-1488,tp,matched,MVI_40752,lane_1,car,forward,gt-MVI_40752-lane_1-car-forward-139-1488,pred-MVI_40752-lane_1-car-forward-139-1488,139,139,1488,1488,0,0.0
development,tp-MVI_40752-lane_2-car-forward-1492-1492,tp,matched,MVI_40752,lane_2,car,forward,gt-MVI_40752-lane_2-car-forward-143-1492,pred-MVI_40752-lane_2-car-forward-143-1492,143,143,1492,1492,0,0.0
development,tp-MVI_40752-lane_1-car-forward-1495-1495,tp,matched,MVI_40752,lane_1,car,forward,gt-MVI_40752-lane_1-car-forward-140-1495,pred-MVI_40752-lane_1-car-forward-140-1495,140,140,1495,1495,0,0.0
development,tp-MVI_40752-lane_1-car-forward-1500-1500,tp,matched,MVI_40752,lane_1,car,forward,gt-MVI_40752-lane_1-car-forward-138-1500,pred-MVI_40752-lane_1-car-forward-138-1500,138,138,1500,1500,0,0.0
development,tp-MVI_40752-lane_2-bus-forward-1532-1532,tp,matched,MVI_40752,lane_2,bus,forward,gt-MVI_40752-lane_2-bus-forward-142-1532,pred-MVI_40752-lane_2-bus-forward-142-1532,142,142,1532,1532,0,0.0
development,tp-MVI_40752-lane_2-car-forward-1537-1537,tp,matched,MVI_40752,lane_2,car,forward,gt-MVI_40752-lane_2-car-forward-146-1537,pred-MVI_40752-lane_2-car-forward-146-1537,146,146,1537,1537,0,0.0
development,tp-MVI_40752-lane_2-car-forward-1540-1540,tp,matched,MVI_40752,lane_2,car,forward,gt-MVI_40752-lane_2-car-forward-148-1540,pred-MVI_40752-lane_2-car-forward-148-1540,148,148,1540,1540,0,0.0
development,tp-MVI_40752-lane_1-car-forward-1558-1558,tp,matched,MVI_40752,lane_1,car,forward,gt-MVI_40752-lane_1-car-forward-145-1558,pred-MVI_40752-lane_1-car-forward-145-1558,145,145,1558,1558,0,0.0
development,tp-MVI_40752-lane_2-car-forward-1585-1585,tp,matched,MVI_40752,lane_2,car,forward,gt-MVI_40752-lane_2-car-forward-153-1585,pred-MVI_40752-lane_2-car-forward-153-1585,153,153,1585,1585,0,0.0
development,tp-MVI_40752-lane_1-truck-forward-1588-1588,tp,matched,MVI_40752,lane_1,truck,forward,gt-MVI_40752-lane_1-truck-forward-149-1588,pred-MVI_40752-lane_1-truck-forward-149-1588,149,149,1588,1588,0,0.0
development,tp-MVI_40752-lane_2-car-forward-1614-1614,tp,matched,MVI_40752,lane_2,car,forward,gt-MVI_40752-lane_2-car-forward-154-1614,pred-MVI_40752-lane_2-car-forward-154-1614,154,154,1614,1614,0,0.0
development,tp-MVI_40752-lane_1-car-forward-1618-1618,tp,matched,MVI_40752,lane_1,car,forward,gt-MVI_40752-lane_1-car-forward-152-1618,pred-MVI_40752-lane_1-car-forward-152-1618,152,152,1618,1618,0,0.0
development,tp-MVI_40752-lane_2-bus-forward-1619-1619,tp,matched,MVI_40752,lane_2,bus,forward,gt-MVI_40752-lane_2-bus-forward-151-1619,pred-MVI_40752-lane_2-bus-forward-151-1619,151,151,1619,1619,0,0.0
development,tp-MVI_40752-lane_2-car-forward-1619-1619,tp,matched,MVI_40752,lane_2,car,forward,gt-MVI_40752-lane_2-car-forward-155-1619,pred-MVI_40752-lane_2-car-forward-155-1619,155,155,1619,1619,0,0.0
development,tp-MVI_40752-lane_1-car-forward-1655-1655,tp,matched,MVI_40752,lane_1,car,forward,gt-MVI_40752-lane_1-car-forward-156-1655,pred-MVI_40752-lane_1-car-forward-156-1655,156,156,1655,1655,0,0.0
development,tp-MVI_40752-lane_2-car-forward-1658-1658,tp,matched,MVI_40752,lane_2,car,forward,gt-MVI_40752-lane_2-car-forward-160-1658,pred-MVI_40752-lane_2-car-forward-160-1658,160,160,1658,1658,0,0.0
development,tp-MVI_40752-lane_2-car-forward-1663-1663,tp,matched,MVI_40752,lane_2,car,forward,gt-MVI_40752-lane_2-car-forward-162-1663,pred-MVI_40752-lane_2-car-forward-162-1663,162,162,1663,1663,0,0.0
development,tp-MVI_40752-lane_1-car-forward-1667-1667,tp,matched,MVI_40752,lane_1,car,forward,gt-MVI_40752-lane_1-car-forward-158-1667,pred-MVI_40752-lane_1-car-forward-158-1667,158,158,1667,1667,0,0.0
development,tp-MVI_40752-lane_1-car-forward-1674-1674,tp,matched,MVI_40752,lane_1,car,forward,gt-MVI_40752-lane_1-car-forward-157-1674,pred-MVI_40752-lane_1-car-forward-157-1674,157,157,1674,1674,0,0.0
development,tp-MVI_40752-lane_2-car-forward-1702-1702,tp,matched,MVI_40752,lane_2,car,forward,gt-MVI_40752-lane_2-car-forward-164-1702,pred-MVI_40752-lane_2-car-forward-164-1702,164,164,1702,1702,0,0.0
development,tp-MVI_40752-lane_2-car-forward-1717-1717,tp,matched,MVI_40752,lane_2,car,forward,gt-MVI_40752-lane_2-car-forward-166-1717,pred-MVI_40752-lane_2-car-forward-166-1717,166,166,1717,1717,0,0.0
development,tp-MVI_40752-lane_1-car-forward-1730-1730,tp,matched,MVI_40752,lane_1,car,forward,gt-MVI_40752-lane_1-car-forward-165-1730,pred-MVI_40752-lane_1-car-forward-165-1730,165,165,1730,1730,0,0.0
development,tp-MVI_40752-lane_2-truck-forward-1737-1737,tp,matched,MVI_40752,lane_2,truck,forward,gt-MVI_40752-lane_2-truck-forward-169-1737,pred-MVI_40752-lane_2-truck-forward-169-1737,169,169,1737,1737,0,0.0
development,tp-MVI_40752-lane_2-car-forward-1763-1763,tp,matched,MVI_40752,lane_2,car,forward,gt-MVI_40752-lane_2-car-forward-170-1763,pred-MVI_40752-lane_2-car-forward-170-1763,170,170,1763,1763,0,0.0
development,tp-MVI_40752-lane_2-car-forward-1784-1784,tp,matched,MVI_40752,lane_2,car,forward,gt-MVI_40752-lane_2-car-forward-174-1784,pred-MVI_40752-lane_2-car-forward-174-1784,174,174,1784,1784,0,0.0
development,tp-MVI_40752-lane_2-car-forward-1795-1795,tp,matched,MVI_40752,lane_2,car,forward,gt-MVI_40752-lane_2-car-forward-175-1795,pred-MVI_40752-lane_2-car-forward-175-1795,175,175,1795,1795,0,0.0
development,tp-MVI_40752-lane_1-car-forward-1805-1805,tp,matched,MVI_40752,lane_1,car,forward,gt-MVI_40752-lane_1-car-forward-172-1805,pred-MVI_40752-lane_1-car-forward-172-1805,172,172,1805,1805,0,0.0
development,tp-MVI_40752-lane_2-car-forward-1816-1816,tp,matched,MVI_40752,lane_2,car,forward,gt-MVI_40752-lane_2-car-forward-177-1816,pred-MVI_40752-lane_2-car-forward-177-1816,177,177,1816,1816,0,0.0
development,tp-MVI_40752-lane_2-car-forward-1823-1823,tp,matched,MVI_40752,lane_2,car,forward,gt-MVI_40752-lane_2-car-forward-176-1823,pred-MVI_40752-lane_2-car-forward-176-1823,176,176,1823,1823,0,0.0
development,tp-MVI_40752-lane_1-car-forward-1855-1855,tp,matched,MVI_40752,lane_1,car,forward,gt-MVI_40752-lane_1-car-forward-178-1855,pred-MVI_40752-lane_1-car-forward-178-1855,178,178,1855,1855,0,0.0
development,tp-MVI_40752-lane_2-car-forward-1860-1860,tp,matched,MVI_40752,lane_2,car,forward,gt-MVI_40752-lane_2-car-forward-180-1860,pred-MVI_40752-lane_2-car-forward-180-1860,180,180,1860,1860,0,0.0
development,tp-MVI_40752-lane_2-car-forward-1875-1875,tp,matched,MVI_40752,lane_2,car,forward,gt-MVI_40752-lane_2-car-forward-182-1875,pred-MVI_40752-lane_2-car-forward-182-1875,182,182,1875,1875,0,0.0
development,tp-MVI_40752-lane_2-car-forward-1883-1883,tp,matched,MVI_40752,lane_2,car,forward,gt-MVI_40752-lane_2-car-forward-186-1883,pred-MVI_40752-lane_2-car-forward-186-1883,186,186,1883,1883,0,0.0
development,tp-MVI_40752-lane_1-car-forward-1890-1890,tp,matched,MVI_40752,lane_1,car,forward,gt-MVI_40752-lane_1-car-forward-181-1890,pred-MVI_40752-lane_1-car-forward-181-1890,181,181,1890,1890,0,0.0
development,tp-MVI_40752-lane_1-car-forward-1913-1913,tp,matched,MVI_40752,lane_1,car,forward,gt-MVI_40752-lane_1-car-forward-185-1913,pred-MVI_40752-lane_1-car-forward-185-1913,185,185,1913,1913,0,0.0
development,tp-MVI_40752-lane_1-car-forward-1918-1918,tp,matched,MVI_40752,lane_1,car,forward,gt-MVI_40752-lane_1-car-forward-184-1918,pred-MVI_40752-lane_1-car-forward-184-1918,184,184,1918,1918,0,0.0
development,tp-MVI_40752-lane_2-car-forward-1944-1944,tp,matched,MVI_40752,lane_2,car,forward,gt-MVI_40752-lane_2-car-forward-189-1944,pred-MVI_40752-lane_2-car-forward-189-1944,189,189,1944,1944,0,0.0
development,tp-MVI_40752-lane_1-car-forward-1949-1949,tp,matched,MVI_40752,lane_1,car,forward,gt-MVI_40752-lane_1-car-forward-187-1949,pred-MVI_40752-lane_1-car-forward-187-1949,187,187,1949,1949,0,0.0
development,tp-MVI_40752-lane_2-car-forward-1949-1949,tp,matched,MVI_40752,lane_2,car,forward,gt-MVI_40752-lane_2-car-forward-192-1949,pred-MVI_40752-lane_2-car-forward-192-1949,192,192,1949,1949,0,0.0
development,tp-MVI_40752-lane_2-car-forward-1978-1978,tp,matched,MVI_40752,lane_2,car,forward,gt-MVI_40752-lane_2-car-forward-193-1978,pred-MVI_40752-lane_2-car-forward-193-1978,193,193,1978,1978,0,0.0
development,tp-MVI_40752-lane_1-truck-forward-1981-1981,tp,matched,MVI_40752,lane_1,truck,forward,gt-MVI_40752-lane_1-truck-forward-191-1981,pred-MVI_40752-lane_1-truck-forward-191-1981,191,191,1981,1981,0,0.0
development,tp-MVI_40752-lane_2-car-forward-2000-2000,tp,matched,MVI_40752,lane_2,car,forward,gt-MVI_40752-lane_2-car-forward-194-2000,pred-MVI_40752-lane_2-car-forward-194-2000,194,194,2000,2000,0,0.0
development,tp-MVI_40963-lane_1-car-forward-4-4,tp,matched,MVI_40963,lane_1,car,forward,gt-MVI_40963-lane_1-car-forward-4-4,pred-MVI_40963-lane_1-car-forward-4-4,4,4,4,4,0,0.0
development,tp-MVI_40963-lane_1-car-forward-8-8,tp,matched,MVI_40963,lane_1,car,forward,gt-MVI_40963-lane_1-car-forward-5-8,pred-MVI_40963-lane_1-car-forward-5-8,5,5,8,8,0,0.0
development,tp-MVI_40963-lane_2-car-forward-17-17,tp,matched,MVI_40963,lane_2,car,forward,gt-MVI_40963-lane_2-car-forward-6-17,pred-MVI_40963-lane_2-car-forward-6-17,6,6,17,17,0,0.0
development,tp-MVI_40963-lane_2-car-forward-44-44,tp,matched,MVI_40963,lane_2,car,forward,gt-MVI_40963-lane_2-car-forward-8-44,pred-MVI_40963-lane_2-car-forward-8-44,8,8,44,44,0,0.0
development,tp-MVI_40963-lane_1-car-forward-49-49,tp,matched,MVI_40963,lane_1,car,forward,gt-MVI_40963-lane_1-car-forward-2-49,pred-MVI_40963-lane_1-car-forward-2-49,2,2,49,49,0,0.0
development,tp-MVI_40963-lane_2-truck-forward-57-57,tp,matched,MVI_40963,lane_2,truck,forward,gt-MVI_40963-lane_2-truck-forward-9-57,pred-MVI_40963-lane_2-truck-forward-9-57,9,9,57,57,0,0.0
development,tp-MVI_40963-lane_1-car-forward-65-65,tp,matched,MVI_40963,lane_1,car,forward,gt-MVI_40963-lane_1-car-forward-1-65,pred-MVI_40963-lane_1-car-forward-1-65,1,1,65,65,0,0.0
development,tp-MVI_40963-lane_1-car-forward-66-66,tp,matched,MVI_40963,lane_1,car,forward,gt-MVI_40963-lane_1-car-forward-3-66,pred-MVI_40963-lane_1-car-forward-3-66,3,3,66,66,0,0.0
development,tp-MVI_40963-lane_2-bus-forward-117-117,tp,matched,MVI_40963,lane_2,bus,forward,gt-MVI_40963-lane_2-bus-forward-11-117,pred-MVI_40963-lane_2-bus-forward-11-117,11,11,117,117,0,0.0
development,tp-MVI_40963-lane_1-car-forward-140-140,tp,matched,MVI_40963,lane_1,car,forward,gt-MVI_40963-lane_1-car-forward-12-140,pred-MVI_40963-lane_1-car-forward-12-140,12,12,140,140,0,0.0
development,tp-MVI_40963-lane_1-truck-forward-188-188,tp,matched,MVI_40963,lane_1,truck,forward,gt-MVI_40963-lane_1-truck-forward-13-188,pred-MVI_40963-lane_1-truck-forward-13-188,13,13,188,188,0,0.0
development,tp-MVI_40963-lane_2-car-forward-249-249,tp,matched,MVI_40963,lane_2,car,forward,gt-MVI_40963-lane_2-car-forward-14-249,pred-MVI_40963-lane_2-car-forward-14-249,14,14,249,249,0,0.0
development,tp-MVI_40963-lane_1-truck-forward-296-296,tp,matched,MVI_40963,lane_1,truck,forward,gt-MVI_40963-lane_1-truck-forward-15-296,pred-MVI_40963-lane_1-truck-forward-15-296,15,15,296,296,0,0.0
development,tp-MVI_40963-lane_2-car-forward-328-328,tp,matched,MVI_40963,lane_2,car,forward,gt-MVI_40963-lane_2-car-forward-16-328,pred-MVI_40963-lane_2-car-forward-16-328,16,16,328,328,0,0.0
development,tp-MVI_40963-lane_2-car-forward-335-335,tp,matched,MVI_40963,lane_2,car,forward,gt-MVI_40963-lane_2-car-forward-17-335,pred-MVI_40963-lane_2-car-forward-17-335,17,17,335,335,0,0.0
development,tp-MVI_40963-lane_2-car-forward-364-364,tp,matched,MVI_40963,lane_2,car,forward,gt-MVI_40963-lane_2-car-forward-19-364,pred-MVI_40963-lane_2-car-forward-19-364,19,19,364,364,0,0.0
development,tp-MVI_40963-lane_1-car-forward-392-392,tp,matched,MVI_40963,lane_1,car,forward,gt-MVI_40963-lane_1-car-forward-18-392,pred-MVI_40963-lane_1-car-forward-18-392,18,18,392,392,0,0.0
development,tp-MVI_40963-lane_2-car-forward-416-416,tp,matched,MVI_40963,lane_2,car,forward,gt-MVI_40963-lane_2-car-forward-20-416,pred-MVI_40963-lane_2-car-forward-20-416,20,20,416,416,0,0.0
development,tp-MVI_40963-lane_2-car-forward-437-437,tp,matched,MVI_40963,lane_2,car,forward,gt-MVI_40963-lane_2-car-forward-23-437,pred-MVI_40963-lane_2-car-forward-23-437,23,23,437,437,0,0.0
development,tp-MVI_40963-lane_1-car-forward-444-444,tp,matched,MVI_40963,lane_1,car,forward,gt-MVI_40963-lane_1-car-forward-22-444,pred-MVI_40963-lane_1-car-forward-22-444,22,22,444,444,0,0.0
development,tp-MVI_40963-lane_1-car-forward-445-445,tp,matched,MVI_40963,lane_1,car,forward,gt-MVI_40963-lane_1-car-forward-21-445,pred-MVI_40963-lane_1-car-forward-21-445,21,21,445,445,0,0.0
development,tp-MVI_40963-lane_2-truck-forward-465-465,tp,matched,MVI_40963,lane_2,truck,forward,gt-MVI_40963-lane_2-truck-forward-25-465,pred-MVI_40963-lane_2-truck-forward-25-465,25,25,465,465,0,0.0
development,tp-MVI_40963-lane_1-truck-forward-493-493,tp,matched,MVI_40963,lane_1,truck,forward,gt-MVI_40963-lane_1-truck-forward-24-493,pred-MVI_40963-lane_1-truck-forward-24-493,24,24,493,493,0,0.0
development,tp-MVI_40963-lane_2-car-forward-511-511,tp,matched,MVI_40963,lane_2,car,forward,gt-MVI_40963-lane_2-car-forward-28-511,pred-MVI_40963-lane_2-car-forward-28-511,28,28,511,511,0,0.0
development,tp-MVI_40963-lane_1-car-forward-533-533,tp,matched,MVI_40963,lane_1,car,forward,gt-MVI_40963-lane_1-car-forward-26-533,pred-MVI_40963-lane_1-car-forward-26-533,26,26,533,533,0,0.0
development,tp-MVI_40963-lane_1-car-forward-543-543,tp,matched,MVI_40963,lane_1,car,forward,gt-MVI_40963-lane_1-car-forward-27-543,pred-MVI_40963-lane_1-car-forward-27-543,27,27,543,543,0,0.0
development,tp-MVI_40963-lane_2-car-forward-565-565,tp,matched,MVI_40963,lane_2,car,forward,gt-MVI_40963-lane_2-car-forward-30-565,pred-MVI_40963-lane_2-car-forward-30-565,30,30,565,565,0,0.0
development,tp-MVI_40963-lane_1-car-forward-582-582,tp,matched,MVI_40963,lane_1,car,forward,gt-MVI_40963-lane_1-car-forward-29-582,pred-MVI_40963-lane_1-car-forward-29-582,29,29,582,582,0,0.0
development,tp-MVI_40963-lane_2-car-forward-608-608,tp,matched,MVI_40963,lane_2,car,forward,gt-MVI_40963-lane_2-car-forward-32-608,pred-MVI_40963-lane_2-car-forward-32-608,32,32,608,608,0,0.0
development,tp-MVI_40963-lane_1-car-forward-625-625,tp,matched,MVI_40963,lane_1,car,forward,gt-MVI_40963-lane_1-car-forward-31-625,pred-MVI_40963-lane_1-car-forward-31-625,31,31,625,625,0,0.0
development,tp-MVI_40963-lane_2-bus-forward-633-633,tp,matched,MVI_40963,lane_2,bus,forward,gt-MVI_40963-lane_2-bus-forward-33-633,pred-MVI_40963-lane_2-bus-forward-33-633,33,33,633,633,0,0.0
development,tp-MVI_40963-lane_1-truck-forward-639-639,tp,matched,MVI_40963,lane_1,truck,forward,gt-MVI_40963-lane_1-truck-forward-34-639,pred-MVI_40963-lane_1-truck-forward-34-639,34,34,639,639,0,0.0
development,tp-MVI_40963-lane_2-car-forward-653-653,tp,matched,MVI_40963,lane_2,car,forward,gt-MVI_40963-lane_2-car-forward-35-653,pred-MVI_40963-lane_2-car-forward-35-653,35,35,653,653,0,0.0
development,tp-MVI_40963-lane_1-car-forward-680-680,tp,matched,MVI_40963,lane_1,car,forward,gt-MVI_40963-lane_1-car-forward-36-680,pred-MVI_40963-lane_1-car-forward-36-680,36,36,680,680,0,0.0
development,tp-MVI_40963-lane_2-car-forward-690-690,tp,matched,MVI_40963,lane_2,car,forward,gt-MVI_40963-lane_2-car-forward-39-690,pred-MVI_40963-lane_2-car-forward-39-690,39,39,690,690,0,0.0
development,tp-MVI_40963-lane_2-car-forward-704-704,tp,matched,MVI_40963,lane_2,car,forward,gt-MVI_40963-lane_2-car-forward-41-704,pred-MVI_40963-lane_2-car-forward-41-704,41,41,704,704,0,0.0
development,tp-MVI_40963-lane_1-bus-forward-717-717,tp,matched,MVI_40963,lane_1,bus,forward,gt-MVI_40963-lane_1-bus-forward-37-717,pred-MVI_40963-lane_1-bus-forward-37-717,37,37,717,717,0,0.0
development,tp-MVI_40963-lane_1-car-forward-718-718,tp,matched,MVI_40963,lane_1,car,forward,gt-MVI_40963-lane_1-car-forward-40-718,pred-MVI_40963-lane_1-car-forward-40-718,40,40,718,718,0,0.0
development,tp-MVI_40963-lane_2-car-forward-732-732,tp,matched,MVI_40963,lane_2,car,forward,gt-MVI_40963-lane_2-car-forward-45-732,pred-MVI_40963-lane_2-car-forward-45-732,45,45,732,732,0,0.0
development,tp-MVI_40963-lane_2-car-forward-751-751,tp,matched,MVI_40963,lane_2,car,forward,gt-MVI_40963-lane_2-car-forward-43-751,pred-MVI_40963-lane_2-car-forward-43-751,43,43,751,751,0,0.0
development,tp-MVI_40963-lane_2-car-forward-752-752,tp,matched,MVI_40963,lane_2,car,forward,gt-MVI_40963-lane_2-car-forward-44-752,pred-MVI_40963-lane_2-car-forward-44-752,44,44,752,752,0,0.0
development,tp-MVI_40963-lane_1-car-forward-757-757,tp,matched,MVI_40963,lane_1,car,forward,gt-MVI_40963-lane_1-car-forward-42-757,pred-MVI_40963-lane_1-car-forward-42-757,42,42,757,757,0,0.0
development,tp-MVI_40963-lane_2-car-forward-765-765,tp,matched,MVI_40963,lane_2,car,forward,gt-MVI_40963-lane_2-car-forward-49-765,pred-MVI_40963-lane_2-car-forward-49-765,49,49,765,765,0,0.0
development,tp-MVI_40963-lane_2-car-forward-780-780,tp,matched,MVI_40963,lane_2,car,forward,gt-MVI_40963-lane_2-car-forward-46-780,pred-MVI_40963-lane_2-car-forward-46-780,46,46,780,780,0,0.0
development,tp-MVI_40963-lane_1-car-forward-800-800,tp,matched,MVI_40963,lane_1,car,forward,gt-MVI_40963-lane_1-car-forward-48-800,pred-MVI_40963-lane_1-car-forward-48-800,48,48,800,800,0,0.0
development,tp-MVI_40963-lane_2-car-forward-808-808,tp,matched,MVI_40963,lane_2,car,forward,gt-MVI_40963-lane_2-car-forward-50-808,pred-MVI_40963-lane_2-car-forward-50-808,50,50,808,808,0,0.0
development,tp-MVI_40963-lane_1-car-forward-818-818,tp,matched,MVI_40963,lane_1,car,forward,gt-MVI_40963-lane_1-car-forward-47-818,pred-MVI_40963-lane_1-car-forward-47-818,47,47,818,818,0,0.0
development,tp-MVI_40963-lane_2-car-forward-825-825,tp,matched,MVI_40963,lane_2,car,forward,gt-MVI_40963-lane_2-car-forward-52-825,pred-MVI_40963-lane_2-car-forward-52-825,52,52,825,825,0,0.0
development,tp-MVI_40963-lane_2-car-forward-845-845,tp,matched,MVI_40963,lane_2,car,forward,gt-MVI_40963-lane_2-car-forward-56-845,pred-MVI_40963-lane_2-car-forward-56-845,56,56,845,845,0,0.0
development,tp-MVI_40963-lane_1-car-forward-855-855,tp,matched,MVI_40963,lane_1,car,forward,gt-MVI_40963-lane_1-car-forward-51-855,pred-MVI_40963-lane_1-car-forward-51-855,51,51,855,855,0,0.0
development,tp-MVI_40963-lane_2-car-forward-858-858,tp,matched,MVI_40963,lane_2,car,forward,gt-MVI_40963-lane_2-car-forward-57-858,pred-MVI_40963-lane_2-car-forward-57-858,57,57,858,858,0,0.0
development,tp-MVI_40963-lane_1-car-forward-874-874,tp,matched,MVI_40963,lane_1,car,forward,gt-MVI_40963-lane_1-car-forward-55-874,pred-MVI_40963-lane_1-car-forward-55-874,55,55,874,874,0,0.0
development,tp-MVI_40963-lane_1-car-forward-878-878,tp,matched,MVI_40963,lane_1,car,forward,gt-MVI_40963-lane_1-car-forward-53-878,pred-MVI_40963-lane_1-car-forward-53-878,53,53,878,878,0,0.0
development,tp-MVI_40963-lane_1-car-forward-879-879,tp,matched,MVI_40963,lane_1,car,forward,gt-MVI_40963-lane_1-car-forward-54-879,pred-MVI_40963-lane_1-car-forward-54-879,54,54,879,879,0,0.0
development,tp-MVI_40963-lane_2-car-forward-879-879,tp,matched,MVI_40963,lane_2,car,forward,gt-MVI_40963-lane_2-car-forward-60-879,pred-MVI_40963-lane_2-car-forward-60-879,60,60,879,879,0,0.0
development,tp-MVI_40963-lane_2-car-forward-919-919,tp,matched,MVI_40963,lane_2,car,forward,gt-MVI_40963-lane_2-car-forward-63-919,pred-MVI_40963-lane_2-car-forward-63-919,63,63,919,919,0,0.0
development,tp-MVI_40963-lane_1-car-forward-922-922,tp,matched,MVI_40963,lane_1,car,forward,gt-MVI_40963-lane_1-car-forward-61-922,pred-MVI_40963-lane_1-car-forward-61-922,61,61,922,922,0,0.0
development,tp-MVI_40963-lane_1-car-forward-925-925,tp,matched,MVI_40963,lane_1,car,forward,gt-MVI_40963-lane_1-car-forward-59-925,pred-MVI_40963-lane_1-car-forward-59-925,59,59,925,925,0,0.0
development,tp-MVI_40963-lane_1-car-forward-936-936,tp,matched,MVI_40963,lane_1,car,forward,gt-MVI_40963-lane_1-car-forward-58-936,pred-MVI_40963-lane_1-car-forward-58-936,58,58,936,936,0,0.0
development,tp-MVI_40963-lane_2-car-forward-939-939,tp,matched,MVI_40963,lane_2,car,forward,gt-MVI_40963-lane_2-car-forward-67-939,pred-MVI_40963-lane_2-car-forward-67-939,67,67,939,939,0,0.0
development,tp-MVI_40963-lane_1-car-forward-949-949,tp,matched,MVI_40963,lane_1,car,forward,gt-MVI_40963-lane_1-car-forward-62-949,pred-MVI_40963-lane_1-car-forward-62-949,62,62,949,949,0,0.0
development,tp-MVI_40963-lane_2-car-forward-951-951,tp,matched,MVI_40963,lane_2,car,forward,gt-MVI_40963-lane_2-car-forward-68-951,pred-MVI_40963-lane_2-car-forward-68-951,68,68,951,951,0,0.0
development,tp-MVI_40963-lane_1-car-forward-959-959,tp,matched,MVI_40963,lane_1,car,forward,gt-MVI_40963-lane_1-car-forward-65-959,pred-MVI_40963-lane_1-car-forward-65-959,65,65,959,959,0,0.0
development,tp-MVI_40963-lane_2-car-forward-959-959,tp,matched,MVI_40963,lane_2,car,forward,gt-MVI_40963-lane_2-car-forward-69-959,pred-MVI_40963-lane_2-car-forward-69-959,69,69,959,959,0,0.0
development,tp-MVI_40963-lane_1-car-forward-966-966,tp,matched,MVI_40963,lane_1,car,forward,gt-MVI_40963-lane_1-car-forward-64-966,pred-MVI_40963-lane_1-car-forward-64-966,64,64,966,966,0,0.0
development,tp-MVI_40963-lane_1-car-forward-976-976,tp,matched,MVI_40963,lane_1,car,forward,gt-MVI_40963-lane_1-car-forward-66-976,pred-MVI_40963-lane_1-car-forward-66-976,66,66,976,976,0,0.0
development,tp-MVI_40963-lane_2-car-forward-976-976,tp,matched,MVI_40963,lane_2,car,forward,gt-MVI_40963-lane_2-car-forward-72-976,pred-MVI_40963-lane_2-car-forward-72-976,72,72,976,976,0,0.0
development,tp-MVI_40963-lane_2-car-forward-981-981,tp,matched,MVI_40963,lane_2,car,forward,gt-MVI_40963-lane_2-car-forward-71-981,pred-MVI_40963-lane_2-car-forward-71-981,71,71,981,981,0,0.0
development,tp-MVI_40963-lane_1-truck-forward-994-994,tp,matched,MVI_40963,lane_1,truck,forward,gt-MVI_40963-lane_1-truck-forward-70-994,pred-MVI_40963-lane_1-truck-forward-70-994,70,70,994,994,0,0.0
development,tp-MVI_40963-lane_1-car-forward-1018-1018,tp,matched,MVI_40963,lane_1,car,forward,gt-MVI_40963-lane_1-car-forward-74-1018,pred-MVI_40963-lane_1-car-forward-74-1018,74,74,1018,1018,0,0.0
development,tp-MVI_40963-lane_1-car-forward-1025-1025,tp,matched,MVI_40963,lane_1,car,forward,gt-MVI_40963-lane_1-car-forward-73-1025,pred-MVI_40963-lane_1-car-forward-73-1025,73,73,1025,1025,0,0.0
development,tp-MVI_40963-lane_1-car-forward-1038-1038,tp,matched,MVI_40963,lane_1,car,forward,gt-MVI_40963-lane_1-car-forward-75-1038,pred-MVI_40963-lane_1-car-forward-75-1038,75,75,1038,1038,0,0.0
development,tp-MVI_40963-lane_1-car-forward-1060-1060,tp,matched,MVI_40963,lane_1,car,forward,gt-MVI_40963-lane_1-car-forward-76-1060,pred-MVI_40963-lane_1-car-forward-76-1060,76,76,1060,1060,0,0.0
development,tp-MVI_40963-lane_1-truck-forward-1060-1060,tp,matched,MVI_40963,lane_1,truck,forward,gt-MVI_40963-lane_1-truck-forward-77-1060,pred-MVI_40963-lane_1-truck-forward-77-1060,77,77,1060,1060,0,0.0
development,tp-MVI_40963-lane_1-car-forward-1061-1061,tp,matched,MVI_40963,lane_1,car,forward,gt-MVI_40963-lane_1-car-forward-78-1061,pred-MVI_40963-lane_1-car-forward-78-1061,78,78,1061,1061,0,0.0
development,tp-MVI_40963-lane_2-car-forward-1068-1068,tp,matched,MVI_40963,lane_2,car,forward,gt-MVI_40963-lane_2-car-forward-80-1068,pred-MVI_40963-lane_2-car-forward-80-1068,80,80,1068,1068,0,0.0
development,tp-MVI_40963-lane_2-car-forward-1078-1078,tp,matched,MVI_40963,lane_2,car,forward,gt-MVI_40963-lane_2-car-forward-79-1078,pred-MVI_40963-lane_2-car-forward-79-1078,79,79,1078,1078,0,0.0
development,tp-MVI_40963-lane_1-truck-forward-1116-1116,tp,matched,MVI_40963,lane_1,truck,forward,gt-MVI_40963-lane_1-truck-forward-81-1116,pred-MVI_40963-lane_1-truck-forward-81-1116,81,81,1116,1116,0,0.0
development,tp-MVI_40963-lane_1-truck-forward-1116-1116,tp,matched,MVI_40963,lane_1,truck,forward,gt-MVI_40963-lane_1-truck-forward-82-1116,pred-MVI_40963-lane_1-truck-forward-82-1116,82,82,1116,1116,0,0.0
development,tp-MVI_40963-lane_1-car-forward-1124-1124,tp,matched,MVI_40963,lane_1,car,forward,gt-MVI_40963-lane_1-car-forward-83-1124,pred-MVI_40963-lane_1-car-forward-83-1124,83,83,1124,1124,0,0.0
development,tp-MVI_40963-lane_1-car-forward-1159-1159,tp,matched,MVI_40963,lane_1,car,forward,gt-MVI_40963-lane_1-car-forward-84-1159,pred-MVI_40963-lane_1-car-forward-84-1159,84,84,1159,1159,0,0.0
development,tp-MVI_40963-lane_2-car-forward-1162-1162,tp,matched,MVI_40963,lane_2,car,forward,gt-MVI_40963-lane_2-car-forward-88-1162,pred-MVI_40963-lane_2-car-forward-88-1162,88,88,1162,1162,0,0.0
development,tp-MVI_40963-lane_2-bus-forward-1168-1168,tp,matched,MVI_40963,lane_2,bus,forward,gt-MVI_40963-lane_2-bus-forward-85-1168,pred-MVI_40963-lane_2-bus-forward-85-1168,85,85,1168,1168,0,0.0
development,tp-MVI_40963-lane_1-car-forward-1181-1181,tp,matched,MVI_40963,lane_1,car,forward,gt-MVI_40963-lane_1-car-forward-86-1181,pred-MVI_40963-lane_1-car-forward-86-1181,86,86,1181,1181,0,0.0
development,tp-MVI_40963-lane_1-car-forward-1192-1192,tp,matched,MVI_40963,lane_1,car,forward,gt-MVI_40963-lane_1-car-forward-87-1192,pred-MVI_40963-lane_1-car-forward-87-1192,87,87,1192,1192,0,0.0
development,tp-MVI_40963-lane_2-car-forward-1227-1227,tp,matched,MVI_40963,lane_2,car,forward,gt-MVI_40963-lane_2-car-forward-93-1227,pred-MVI_40963-lane_2-car-forward-93-1227,93,93,1227,1227,0,0.0
development,tp-MVI_40963-lane_2-car-forward-1232-1232,tp,matched,MVI_40963,lane_2,car,forward,gt-MVI_40963-lane_2-car-forward-91-1232,pred-MVI_40963-lane_2-car-forward-91-1232,91,91,1232,1232,0,0.0
development,tp-MVI_40963-lane_1-car-forward-1237-1237,tp,matched,MVI_40963,lane_1,car,forward,gt-MVI_40963-lane_1-car-forward-90-1237,pred-MVI_40963-lane_1-car-forward-90-1237,90,90,1237,1237,0,0.0
development,tp-MVI_40963-lane_1-car-forward-1244-1244,tp,matched,MVI_40963,lane_1,car,forward,gt-MVI_40963-lane_1-car-forward-89-1244,pred-MVI_40963-lane_1-car-forward-89-1244,89,89,1244,1244,0,0.0
development,tp-MVI_40963-lane_2-car-forward-1281-1281,tp,matched,MVI_40963,lane_2,car,forward,gt-MVI_40963-lane_2-car-forward-94-1281,pred-MVI_40963-lane_2-car-forward-94-1281,94,94,1281,1281,0,0.0
development,tp-MVI_40963-lane_1-bus-forward-1286-1286,tp,matched,MVI_40963,lane_1,bus,forward,gt-MVI_40963-lane_1-bus-forward-92-1286,pred-MVI_40963-lane_1-bus-forward-92-1286,92,92,1286,1286,0,0.0
development,tp-MVI_40963-lane_2-car-forward-1301-1301,tp,matched,MVI_40963,lane_2,car,forward,gt-MVI_40963-lane_2-car-forward-95-1301,pred-MVI_40963-lane_2-car-forward-95-1301,95,95,1301,1301,0,0.0
development,tp-MVI_40963-lane_2-car-forward-1311-1311,tp,matched,MVI_40963,lane_2,car,forward,gt-MVI_40963-lane_2-car-forward-97-1311,pred-MVI_40963-lane_2-car-forward-97-1311,97,97,1311,1311,0,0.0
development,tp-MVI_40963-lane_2-car-forward-1335-1335,tp,matched,MVI_40963,lane_2,car,forward,gt-MVI_40963-lane_2-car-forward-98-1335,pred-MVI_40963-lane_2-car-forward-98-1335,98,98,1335,1335,0,0.0
development,tp-MVI_40963-lane_2-car-forward-1336-1336,tp,matched,MVI_40963,lane_2,car,forward,gt-MVI_40963-lane_2-car-forward-100-1336,pred-MVI_40963-lane_2-car-forward-100-1336,100,100,1336,1336,0,0.0
development,tp-MVI_40963-lane_1-car-forward-1343-1343,tp,matched,MVI_40963,lane_1,car,forward,gt-MVI_40963-lane_1-car-forward-96-1343,pred-MVI_40963-lane_1-car-forward-96-1343,96,96,1343,1343,0,0.0
development,tp-MVI_40963-lane_1-car-forward-1380-1380,tp,matched,MVI_40963,lane_1,car,forward,gt-MVI_40963-lane_1-car-forward-99-1380,pred-MVI_40963-lane_1-car-forward-99-1380,99,99,1380,1380,0,0.0
development,tp-MVI_40963-lane_2-car-forward-1386-1386,tp,matched,MVI_40963,lane_2,car,forward,gt-MVI_40963-lane_2-car-forward-102-1386,pred-MVI_40963-lane_2-car-forward-102-1386,102,102,1386,1386,0,0.0
development,tp-MVI_40963-lane_1-car-forward-1390-1390,tp,matched,MVI_40963,lane_1,car,forward,gt-MVI_40963-lane_1-car-forward-101-1390,pred-MVI_40963-lane_1-car-forward-101-1390,101,101,1390,1390,0,0.0
development,tp-MVI_40963-lane_2-car-forward-1419-1419,tp,matched,MVI_40963,lane_2,car,forward,gt-MVI_40963-lane_2-car-forward-103-1419,pred-MVI_40963-lane_2-car-forward-103-1419,103,103,1419,1419,0,0.0
development,tp-MVI_40963-lane_2-car-forward-1461-1461,tp,matched,MVI_40963,lane_2,car,forward,gt-MVI_40963-lane_2-car-forward-107-1461,pred-MVI_40963-lane_2-car-forward-107-1461,107,107,1461,1461,0,0.0
development,tp-MVI_40963-lane_1-bus-forward-1480-1480,tp,matched,MVI_40963,lane_1,bus,forward,gt-MVI_40963-lane_1-bus-forward-104-1480,pred-MVI_40963-lane_1-bus-forward-104-1480,104,104,1480,1480,0,0.0
development,tp-MVI_40963-lane_1-car-forward-1480-1480,tp,matched,MVI_40963,lane_1,car,forward,gt-MVI_40963-lane_1-car-forward-105-1480,pred-MVI_40963-lane_1-car-forward-105-1480,105,105,1480,1480,0,0.0
development,tp-MVI_40963-lane_1-car-forward-1490-1490,tp,matched,MVI_40963,lane_1,car,forward,gt-MVI_40963-lane_1-car-forward-106-1490,pred-MVI_40963-lane_1-car-forward-106-1490,106,106,1490,1490,0,0.0
development,tp-MVI_40963-lane_1-car-forward-1521-1521,tp,matched,MVI_40963,lane_1,car,forward,gt-MVI_40963-lane_1-car-forward-109-1521,pred-MVI_40963-lane_1-car-forward-109-1521,109,109,1521,1521,0,0.0
development,tp-MVI_40963-lane_2-car-forward-1530-1530,tp,matched,MVI_40963,lane_2,car,forward,gt-MVI_40963-lane_2-car-forward-113-1530,pred-MVI_40963-lane_2-car-forward-113-1530,113,113,1530,1530,0,0.0
development,tp-MVI_40963-lane_1-car-forward-1531-1531,tp,matched,MVI_40963,lane_1,car,forward,gt-MVI_40963-lane_1-car-forward-110-1531,pred-MVI_40963-lane_1-car-forward-110-1531,110,110,1531,1531,0,0.0
development,tp-MVI_40963-lane_1-car-forward-1536-1536,tp,matched,MVI_40963,lane_1,car,forward,gt-MVI_40963-lane_1-car-forward-108-1536,pred-MVI_40963-lane_1-car-forward-108-1536,108,108,1536,1536,0,0.0
development,tp-MVI_40963-lane_2-car-forward-1551-1551,tp,matched,MVI_40963,lane_2,car,forward,gt-MVI_40963-lane_2-car-forward-116-1551,pred-MVI_40963-lane_2-car-forward-116-1551,116,116,1551,1551,0,0.0
development,tp-MVI_40963-lane_1-car-forward-1561-1561,tp,matched,MVI_40963,lane_1,car,forward,gt-MVI_40963-lane_1-car-forward-111-1561,pred-MVI_40963-lane_1-car-forward-111-1561,111,111,1561,1561,0,0.0
development,tp-MVI_40963-lane_2-car-forward-1566-1566,tp,matched,MVI_40963,lane_2,car,forward,gt-MVI_40963-lane_2-car-forward-117-1566,pred-MVI_40963-lane_2-car-forward-117-1566,117,117,1566,1566,0,0.0
development,tp-MVI_40963-lane_1-car-forward-1570-1570,tp,matched,MVI_40963,lane_1,car,forward,gt-MVI_40963-lane_1-car-forward-114-1570,pred-MVI_40963-lane_1-car-forward-114-1570,114,114,1570,1570,0,0.0
development,tp-MVI_40963-lane_1-car-forward-1593-1593,tp,matched,MVI_40963,lane_1,car,forward,gt-MVI_40963-lane_1-car-forward-112-1593,pred-MVI_40963-lane_1-car-forward-112-1593,112,112,1593,1593,0,0.0
development,tp-MVI_40963-lane_1-car-forward-1594-1594,tp,matched,MVI_40963,lane_1,car,forward,gt-MVI_40963-lane_1-car-forward-115-1594,pred-MVI_40963-lane_1-car-forward-115-1594,115,115,1594,1594,0,0.0
development,tp-MVI_40963-lane_2-car-forward-1601-1601,tp,matched,MVI_40963,lane_2,car,forward,gt-MVI_40963-lane_2-car-forward-123-1601,pred-MVI_40963-lane_2-car-forward-123-1601,123,123,1601,1601,0,0.0
development,tp-MVI_40963-lane_1-car-forward-1602-1602,tp,matched,MVI_40963,lane_1,car,forward,gt-MVI_40963-lane_1-car-forward-118-1602,pred-MVI_40963-lane_1-car-forward-118-1602,118,118,1602,1602,0,0.0
development,tp-MVI_40963-lane_2-car-forward-1616-1616,tp,matched,MVI_40963,lane_2,car,forward,gt-MVI_40963-lane_2-car-forward-126-1616,pred-MVI_40963-lane_2-car-forward-126-1616,126,126,1616,1616,0,0.0
development,tp-MVI_40963-lane_1-car-forward-1624-1624,tp,matched,MVI_40963,lane_1,car,forward,gt-MVI_40963-lane_1-car-forward-120-1624,pred-MVI_40963-lane_1-car-forward-120-1624,120,120,1624,1624,0,0.0
development,tp-MVI_40963-lane_2-car-forward-1628-1628,tp,matched,MVI_40963,lane_2,car,forward,gt-MVI_40963-lane_2-car-forward-128-1628,pred-MVI_40963-lane_2-car-forward-128-1628,128,128,1628,1628,0,0.0
development,tp-MVI_40963-lane_1-car-forward-1638-1638,tp,matched,MVI_40963,lane_1,car,forward,gt-MVI_40963-lane_1-car-forward-119-1638,pred-MVI_40963-lane_1-car-forward-119-1638,119,119,1638,1638,0,0.0
development,tp-MVI_40963-lane_1-car-forward-1640-1640,tp,matched,MVI_40963,lane_1,car,forward,gt-MVI_40963-lane_1-car-forward-122-1640,pred-MVI_40963-lane_1-car-forward-122-1640,122,122,1640,1640,0,0.0
development,tp-MVI_40963-lane_1-car-forward-1646-1646,tp,matched,MVI_40963,lane_1,car,forward,gt-MVI_40963-lane_1-car-forward-121-1646,pred-MVI_40963-lane_1-car-forward-121-1646,121,121,1646,1646,0,0.0
development,tp-MVI_40963-lane_2-car-forward-1649-1649,tp,matched,MVI_40963,lane_2,car,forward,gt-MVI_40963-lane_2-car-forward-129-1649,pred-MVI_40963-lane_2-car-forward-129-1649,129,129,1649,1649,0,0.0
development,tp-MVI_40963-lane_1-car-forward-1660-1660,tp,matched,MVI_40963,lane_1,car,forward,gt-MVI_40963-lane_1-car-forward-124-1660,pred-MVI_40963-lane_1-car-forward-124-1660,124,124,1660,1660,0,0.0
development,tp-MVI_40963-lane_1-car-forward-1668-1668,tp,matched,MVI_40963,lane_1,car,forward,gt-MVI_40963-lane_1-car-forward-125-1668,pred-MVI_40963-lane_1-car-forward-125-1668,125,125,1668,1668,0,0.0
development,tp-MVI_40963-lane_1-car-forward-1671-1671,tp,matched,MVI_40963,lane_1,car,forward,gt-MVI_40963-lane_1-car-forward-127-1671,pred-MVI_40963-lane_1-car-forward-127-1671,127,127,1671,1671,0,0.0
development,tp-MVI_40963-lane_1-truck-forward-1703-1703,tp,matched,MVI_40963,lane_1,truck,forward,gt-MVI_40963-lane_1-truck-forward-130-1703,pred-MVI_40963-lane_1-truck-forward-130-1703,130,130,1703,1703,0,0.0
development,tp-MVI_40963-lane_2-car-forward-1714-1714,tp,matched,MVI_40963,lane_2,car,forward,gt-MVI_40963-lane_2-car-forward-132-1714,pred-MVI_40963-lane_2-car-forward-132-1714,132,132,1714,1714,0,0.0
development,tp-MVI_40963-lane_1-car-forward-1720-1720,tp,matched,MVI_40963,lane_1,car,forward,gt-MVI_40963-lane_1-car-forward-131-1720,pred-MVI_40963-lane_1-car-forward-131-1720,131,131,1720,1720,0,0.0
development,tp-MVI_40963-lane_2-car-forward-1722-1722,tp,matched,MVI_40963,lane_2,car,forward,gt-MVI_40963-lane_2-car-forward-134-1722,pred-MVI_40963-lane_2-car-forward-134-1722,134,134,1722,1722,0,0.0
development,tp-MVI_40963-lane_2-car-forward-1750-1750,tp,matched,MVI_40963,lane_2,car,forward,gt-MVI_40963-lane_2-car-forward-137-1750,pred-MVI_40963-lane_2-car-forward-137-1750,137,137,1750,1750,0,0.0
development,tp-MVI_40963-lane_1-car-forward-1775-1775,tp,matched,MVI_40963,lane_1,car,forward,gt-MVI_40963-lane_1-car-forward-133-1775,pred-MVI_40963-lane_1-car-forward-133-1775,133,133,1775,1775,0,0.0
development,tp-MVI_40963-lane_1-car-forward-1776-1776,tp,matched,MVI_40963,lane_1,car,forward,gt-MVI_40963-lane_1-car-forward-135-1776,pred-MVI_40963-lane_1-car-forward-135-1776,135,135,1776,1776,0,0.0
development,tp-MVI_40963-lane_2-car-forward-1782-1782,tp,matched,MVI_40963,lane_2,car,forward,gt-MVI_40963-lane_2-car-forward-140-1782,pred-MVI_40963-lane_2-car-forward-140-1782,140,140,1782,1782,0,0.0
development,tp-MVI_40963-lane_1-car-forward-1788-1788,tp,matched,MVI_40963,lane_1,car,forward,gt-MVI_40963-lane_1-car-forward-136-1788,pred-MVI_40963-lane_1-car-forward-136-1788,136,136,1788,1788,0,0.0
development,tp-MVI_40963-lane_1-car-forward-1803-1803,tp,matched,MVI_40963,lane_1,car,forward,gt-MVI_40963-lane_1-car-forward-138-1803,pred-MVI_40963-lane_1-car-forward-138-1803,138,138,1803,1803,0,0.0
development,tp-MVI_40963-lane_2-car-forward-1803-1803,tp,matched,MVI_40963,lane_2,car,forward,gt-MVI_40963-lane_2-car-forward-141-1803,pred-MVI_40963-lane_2-car-forward-141-1803,141,141,1803,1803,0,0.0
development,tp-MVI_40963-lane_1-car-forward-1811-1811,tp,matched,MVI_40963,lane_1,car,forward,gt-MVI_40963-lane_1-car-forward-139-1811,pred-MVI_40963-lane_1-car-forward-139-1811,139,139,1811,1811,0,0.0
development,tp-MVI_41063-lane_2-car-forward-7-7,tp,matched,MVI_41063,lane_2,car,forward,gt-MVI_41063-lane_2-car-forward-1-7,pred-MVI_41063-lane_2-car-forward-1-7,1,1,7,7,0,0.0
development,tp-MVI_41063-lane_1-car-forward-15-15,tp,matched,MVI_41063,lane_1,car,forward,gt-MVI_41063-lane_1-car-forward-7-15,pred-MVI_41063-lane_1-car-forward-7-15,7,7,15,15,0,0.0
development,tp-MVI_41063-lane_1-car-forward-17-17,tp,matched,MVI_41063,lane_1,car,forward,gt-MVI_41063-lane_1-car-forward-6-17,pred-MVI_41063-lane_1-car-forward-6-17,6,6,17,17,0,0.0
development,tp-MVI_41063-lane_2-car-forward-17-17,tp,matched,MVI_41063,lane_2,car,forward,gt-MVI_41063-lane_2-car-forward-2-17,pred-MVI_41063-lane_2-car-forward-2-17,2,2,17,17,0,0.0
development,tp-MVI_41063-lane_2-car-forward-20-20,tp,matched,MVI_41063,lane_2,car,forward,gt-MVI_41063-lane_2-car-forward-9-20,pred-MVI_41063-lane_2-car-forward-9-20,9,9,20,20,0,0.0
development,tp-MVI_41063-lane_2-car-forward-22-22,tp,matched,MVI_41063,lane_2,car,forward,gt-MVI_41063-lane_2-car-forward-8-22,pred-MVI_41063-lane_2-car-forward-8-22,8,8,22,22,0,0.0
development,tp-MVI_41063-lane_1-car-forward-37-37,tp,matched,MVI_41063,lane_1,car,forward,gt-MVI_41063-lane_1-car-forward-11-37,pred-MVI_41063-lane_1-car-forward-11-37,11,11,37,37,0,0.0
development,tp-MVI_41063-lane_1-car-forward-44-44,tp,matched,MVI_41063,lane_1,car,forward,gt-MVI_41063-lane_1-car-forward-12-44,pred-MVI_41063-lane_1-car-forward-12-44,12,12,44,44,0,0.0
development,tp-MVI_41063-lane_2-car-forward-46-46,tp,matched,MVI_41063,lane_2,car,forward,gt-MVI_41063-lane_2-car-forward-13-46,pred-MVI_41063-lane_2-car-forward-13-46,13,13,46,46,0,0.0
development,tp-MVI_41063-lane_2-car-forward-52-52,tp,matched,MVI_41063,lane_2,car,forward,gt-MVI_41063-lane_2-car-forward-10-52,pred-MVI_41063-lane_2-car-forward-10-52,10,10,52,52,0,0.0
development,tp-MVI_41063-lane_1-truck-forward-56-56,tp,matched,MVI_41063,lane_1,truck,forward,gt-MVI_41063-lane_1-truck-forward-15-56,pred-MVI_41063-lane_1-truck-forward-15-56,15,15,56,56,0,0.0
development,tp-MVI_41063-lane_2-car-forward-63-63,tp,matched,MVI_41063,lane_2,car,forward,gt-MVI_41063-lane_2-car-forward-14-63,pred-MVI_41063-lane_2-car-forward-14-63,14,14,63,63,0,0.0
development,tp-MVI_41063-lane_2-car-forward-102-102,tp,matched,MVI_41063,lane_2,car,forward,gt-MVI_41063-lane_2-car-forward-19-102,pred-MVI_41063-lane_2-car-forward-19-102,19,19,102,102,0,0.0
development,tp-MVI_41063-lane_1-car-forward-103-103,tp,matched,MVI_41063,lane_1,car,forward,gt-MVI_41063-lane_1-car-forward-17-103,pred-MVI_41063-lane_1-car-forward-17-103,17,17,103,103,0,0.0
development,tp-MVI_41063-lane_1-car-forward-105-105,tp,matched,MVI_41063,lane_1,car,forward,gt-MVI_41063-lane_1-car-forward-18-105,pred-MVI_41063-lane_1-car-forward-18-105,18,18,105,105,0,0.0
development,tp-MVI_41063-lane_1-car-forward-106-106,tp,matched,MVI_41063,lane_1,car,forward,gt-MVI_41063-lane_1-car-forward-20-106,pred-MVI_41063-lane_1-car-forward-20-106,20,20,106,106,0,0.0
development,tp-MVI_41063-lane_1-car-forward-127-127,tp,matched,MVI_41063,lane_1,car,forward,gt-MVI_41063-lane_1-car-forward-21-127,pred-MVI_41063-lane_1-car-forward-21-127,21,21,127,127,0,0.0
development,tp-MVI_41063-lane_1-car-forward-144-144,tp,matched,MVI_41063,lane_1,car,forward,gt-MVI_41063-lane_1-car-forward-22-144,pred-MVI_41063-lane_1-car-forward-22-144,22,22,144,144,0,0.0
development,tp-MVI_41063-lane_1-truck-forward-149-149,tp,matched,MVI_41063,lane_1,truck,forward,gt-MVI_41063-lane_1-truck-forward-23-149,pred-MVI_41063-lane_1-truck-forward-23-149,23,23,149,149,0,0.0
development,tp-MVI_41063-lane_2-car-forward-162-162,tp,matched,MVI_41063,lane_2,car,forward,gt-MVI_41063-lane_2-car-forward-24-162,pred-MVI_41063-lane_2-car-forward-24-162,24,24,162,162,0,0.0
development,tp-MVI_41063-lane_2-car-forward-189-189,tp,matched,MVI_41063,lane_2,car,forward,gt-MVI_41063-lane_2-car-forward-25-189,pred-MVI_41063-lane_2-car-forward-25-189,25,25,189,189,0,0.0
development,tp-MVI_41063-lane_1-car-forward-190-190,tp,matched,MVI_41063,lane_1,car,forward,gt-MVI_41063-lane_1-car-forward-27-190,pred-MVI_41063-lane_1-car-forward-27-190,27,27,190,190,0,0.0
development,tp-MVI_41063-lane_2-car-forward-191-191,tp,matched,MVI_41063,lane_2,car,forward,gt-MVI_41063-lane_2-car-forward-26-191,pred-MVI_41063-lane_2-car-forward-26-191,26,26,191,191,0,0.0
development,tp-MVI_41063-lane_1-car-forward-200-200,tp,matched,MVI_41063,lane_1,car,forward,gt-MVI_41063-lane_1-car-forward-28-200,pred-MVI_41063-lane_1-car-forward-28-200,28,28,200,200,0,0.0
development,tp-MVI_41063-lane_2-car-forward-214-214,tp,matched,MVI_41063,lane_2,car,forward,gt-MVI_41063-lane_2-car-forward-30-214,pred-MVI_41063-lane_2-car-forward-30-214,30,30,214,214,0,0.0
development,tp-MVI_41063-lane_2-car-forward-217-217,tp,matched,MVI_41063,lane_2,car,forward,gt-MVI_41063-lane_2-car-forward-29-217,pred-MVI_41063-lane_2-car-forward-29-217,29,29,217,217,0,0.0
development,tp-MVI_41063-lane_2-car-forward-238-238,tp,matched,MVI_41063,lane_2,car,forward,gt-MVI_41063-lane_2-car-forward-31-238,pred-MVI_41063-lane_2-car-forward-31-238,31,31,238,238,0,0.0
development,tp-MVI_41063-lane_1-car-forward-239-239,tp,matched,MVI_41063,lane_1,car,forward,gt-MVI_41063-lane_1-car-forward-33-239,pred-MVI_41063-lane_1-car-forward-33-239,33,33,239,239,0,0.0
development,tp-MVI_41063-lane_1-car-forward-241-241,tp,matched,MVI_41063,lane_1,car,forward,gt-MVI_41063-lane_1-car-forward-32-241,pred-MVI_41063-lane_1-car-forward-32-241,32,32,241,241,0,0.0
development,tp-MVI_41063-lane_1-car-forward-241-241,tp,matched,MVI_41063,lane_1,car,forward,gt-MVI_41063-lane_1-car-forward-34-241,pred-MVI_41063-lane_1-car-forward-34-241,34,34,241,241,0,0.0
development,tp-MVI_41063-lane_1-car-forward-254-254,tp,matched,MVI_41063,lane_1,car,forward,gt-MVI_41063-lane_1-car-forward-35-254,pred-MVI_41063-lane_1-car-forward-35-254,35,35,254,254,0,0.0
development,tp-MVI_41063-lane_2-car-forward-275-275,tp,matched,MVI_41063,lane_2,car,forward,gt-MVI_41063-lane_2-car-forward-36-275,pred-MVI_41063-lane_2-car-forward-36-275,36,36,275,275,0,0.0
development,tp-MVI_41063-lane_2-car-forward-278-278,tp,matched,MVI_41063,lane_2,car,forward,gt-MVI_41063-lane_2-car-forward-37-278,pred-MVI_41063-lane_2-car-forward-37-278,37,37,278,278,0,0.0
development,tp-MVI_41063-lane_1-truck-forward-306-306,tp,matched,MVI_41063,lane_1,truck,forward,gt-MVI_41063-lane_1-truck-forward-38-306,pred-MVI_41063-lane_1-truck-forward-38-306,38,38,306,306,0,0.0
development,tp-MVI_41063-lane_1-car-forward-310-310,tp,matched,MVI_41063,lane_1,car,forward,gt-MVI_41063-lane_1-car-forward-39-310,pred-MVI_41063-lane_1-car-forward-39-310,39,39,310,310,0,0.0
development,tp-MVI_41063-lane_1-car-forward-322-322,tp,matched,MVI_41063,lane_1,car,forward,gt-MVI_41063-lane_1-car-forward-40-322,pred-MVI_41063-lane_1-car-forward-40-322,40,40,322,322,0,0.0
development,tp-MVI_41063-lane_1-car-forward-345-345,tp,matched,MVI_41063,lane_1,car,forward,gt-MVI_41063-lane_1-car-forward-41-345,pred-MVI_41063-lane_1-car-forward-41-345,41,41,345,345,0,0.0
development,tp-MVI_41063-lane_1-car-forward-350-350,tp,matched,MVI_41063,lane_1,car,forward,gt-MVI_41063-lane_1-car-forward-44-350,pred-MVI_41063-lane_1-car-forward-44-350,44,44,350,350,0,0.0
development,tp-MVI_41063-lane_2-truck-forward-361-361,tp,matched,MVI_41063,lane_2,truck,forward,gt-MVI_41063-lane_2-truck-forward-42-361,pred-MVI_41063-lane_2-truck-forward-42-361,42,42,361,361,0,0.0
development,tp-MVI_41063-lane_2-car-forward-370-370,tp,matched,MVI_41063,lane_2,car,forward,gt-MVI_41063-lane_2-car-forward-43-370,pred-MVI_41063-lane_2-car-forward-43-370,43,43,370,370,0,0.0
development,tp-MVI_41063-lane_1-car-forward-374-374,tp,matched,MVI_41063,lane_1,car,forward,gt-MVI_41063-lane_1-car-forward-45-374,pred-MVI_41063-lane_1-car-forward-45-374,45,45,374,374,0,0.0
development,tp-MVI_41063-lane_1-car-forward-391-391,tp,matched,MVI_41063,lane_1,car,forward,gt-MVI_41063-lane_1-car-forward-46-391,pred-MVI_41063-lane_1-car-forward-46-391,46,46,391,391,0,0.0
development,tp-MVI_41063-lane_1-car-forward-392-392,tp,matched,MVI_41063,lane_1,car,forward,gt-MVI_41063-lane_1-car-forward-47-392,pred-MVI_41063-lane_1-car-forward-47-392,47,47,392,392,0,0.0
development,tp-MVI_41063-lane_2-truck-forward-416-416,tp,matched,MVI_41063,lane_2,truck,forward,gt-MVI_41063-lane_2-truck-forward-48-416,pred-MVI_41063-lane_2-truck-forward-48-416,48,48,416,416,0,0.0
development,tp-MVI_41063-lane_1-car-forward-421-421,tp,matched,MVI_41063,lane_1,car,forward,gt-MVI_41063-lane_1-car-forward-49-421,pred-MVI_41063-lane_1-car-forward-49-421,49,49,421,421,0,0.0
development,tp-MVI_41063-lane_2-car-forward-421-421,tp,matched,MVI_41063,lane_2,car,forward,gt-MVI_41063-lane_2-car-forward-52-421,pred-MVI_41063-lane_2-car-forward-52-421,52,52,421,421,0,0.0
development,tp-MVI_41063-lane_1-car-forward-425-425,tp,matched,MVI_41063,lane_1,car,forward,gt-MVI_41063-lane_1-car-forward-51-425,pred-MVI_41063-lane_1-car-forward-51-425,51,51,425,425,0,0.0
development,tp-MVI_41063-lane_2-truck-forward-427-427,tp,matched,MVI_41063,lane_2,truck,forward,gt-MVI_41063-lane_2-truck-forward-50-427,pred-MVI_41063-lane_2-truck-forward-50-427,50,50,427,427,0,0.0
development,tp-MVI_41063-lane_2-truck-forward-455-455,tp,matched,MVI_41063,lane_2,truck,forward,gt-MVI_41063-lane_2-truck-forward-53-455,pred-MVI_41063-lane_2-truck-forward-53-455,53,53,455,455,0,0.0
development,tp-MVI_41063-lane_2-car-forward-473-473,tp,matched,MVI_41063,lane_2,car,forward,gt-MVI_41063-lane_2-car-forward-54-473,pred-MVI_41063-lane_2-car-forward-54-473,54,54,473,473,0,0.0
development,tp-MVI_41063-lane_1-car-forward-485-485,tp,matched,MVI_41063,lane_1,car,forward,gt-MVI_41063-lane_1-car-forward-55-485,pred-MVI_41063-lane_1-car-forward-55-485,55,55,485,485,0,0.0
development,tp-MVI_41063-lane_2-car-forward-514-514,tp,matched,MVI_41063,lane_2,car,forward,gt-MVI_41063-lane_2-car-forward-56-514,pred-MVI_41063-lane_2-car-forward-56-514,56,56,514,514,0,0.0
development,tp-MVI_41063-lane_1-truck-forward-548-548,tp,matched,MVI_41063,lane_1,truck,forward,gt-MVI_41063-lane_1-truck-forward-57-548,pred-MVI_41063-lane_1-truck-forward-57-548,57,57,548,548,0,0.0
development,tp-MVI_41063-lane_1-car-forward-562-562,tp,matched,MVI_41063,lane_1,car,forward,gt-MVI_41063-lane_1-car-forward-58-562,pred-MVI_41063-lane_1-car-forward-58-562,58,58,562,562,0,0.0
development,tp-MVI_41063-lane_1-bus-forward-569-569,tp,matched,MVI_41063,lane_1,bus,forward,gt-MVI_41063-lane_1-bus-forward-59-569,pred-MVI_41063-lane_1-bus-forward-59-569,59,59,569,569,0,0.0
development,tp-MVI_41063-lane_2-car-forward-592-592,tp,matched,MVI_41063,lane_2,car,forward,gt-MVI_41063-lane_2-car-forward-60-592,pred-MVI_41063-lane_2-car-forward-60-592,60,60,592,592,0,0.0
development,tp-MVI_41063-lane_1-car-forward-598-598,tp,matched,MVI_41063,lane_1,car,forward,gt-MVI_41063-lane_1-car-forward-61-598,pred-MVI_41063-lane_1-car-forward-61-598,61,61,598,598,0,0.0
development,tp-MVI_41063-lane_2-car-forward-598-598,tp,matched,MVI_41063,lane_2,car,forward,gt-MVI_41063-lane_2-car-forward-62-598,pred-MVI_41063-lane_2-car-forward-62-598,62,62,598,598,0,0.0
development,tp-MVI_41063-lane_1-car-forward-602-602,tp,matched,MVI_41063,lane_1,car,forward,gt-MVI_41063-lane_1-car-forward-64-602,pred-MVI_41063-lane_1-car-forward-64-602,64,64,602,602,0,0.0
development,tp-MVI_41063-lane_2-car-forward-607-607,tp,matched,MVI_41063,lane_2,car,forward,gt-MVI_41063-lane_2-car-forward-63-607,pred-MVI_41063-lane_2-car-forward-63-607,63,63,607,607,0,0.0
development,tp-MVI_41063-lane_1-car-forward-611-611,tp,matched,MVI_41063,lane_1,car,forward,gt-MVI_41063-lane_1-car-forward-65-611,pred-MVI_41063-lane_1-car-forward-65-611,65,65,611,611,0,0.0
development,tp-MVI_41063-lane_2-car-forward-620-620,tp,matched,MVI_41063,lane_2,car,forward,gt-MVI_41063-lane_2-car-forward-66-620,pred-MVI_41063-lane_2-car-forward-66-620,66,66,620,620,0,0.0
development,tp-MVI_41063-lane_2-car-forward-638-638,tp,matched,MVI_41063,lane_2,car,forward,gt-MVI_41063-lane_2-car-forward-67-638,pred-MVI_41063-lane_2-car-forward-67-638,67,67,638,638,0,0.0
development,tp-MVI_41063-lane_1-car-forward-641-641,tp,matched,MVI_41063,lane_1,car,forward,gt-MVI_41063-lane_1-car-forward-68-641,pred-MVI_41063-lane_1-car-forward-68-641,68,68,641,641,0,0.0
development,tp-MVI_41063-lane_2-car-forward-650-650,tp,matched,MVI_41063,lane_2,car,forward,gt-MVI_41063-lane_2-car-forward-69-650,pred-MVI_41063-lane_2-car-forward-69-650,69,69,650,650,0,0.0
development,tp-MVI_41063-lane_1-car-forward-652-652,tp,matched,MVI_41063,lane_1,car,forward,gt-MVI_41063-lane_1-car-forward-70-652,pred-MVI_41063-lane_1-car-forward-70-652,70,70,652,652,0,0.0
development,tp-MVI_41063-lane_1-car-forward-654-654,tp,matched,MVI_41063,lane_1,car,forward,gt-MVI_41063-lane_1-car-forward-71-654,pred-MVI_41063-lane_1-car-forward-71-654,71,71,654,654,0,0.0
development,tp-MVI_41063-lane_2-car-forward-685-685,tp,matched,MVI_41063,lane_2,car,forward,gt-MVI_41063-lane_2-car-forward-72-685,pred-MVI_41063-lane_2-car-forward-72-685,72,72,685,685,0,0.0
development,tp-MVI_41063-lane_1-car-forward-686-686,tp,matched,MVI_41063,lane_1,car,forward,gt-MVI_41063-lane_1-car-forward-73-686,pred-MVI_41063-lane_1-car-forward-73-686,73,73,686,686,0,0.0
development,tp-MVI_41063-lane_2-car-forward-711-711,tp,matched,MVI_41063,lane_2,car,forward,gt-MVI_41063-lane_2-car-forward-74-711,pred-MVI_41063-lane_2-car-forward-74-711,74,74,711,711,0,0.0
development,tp-MVI_41063-lane_2-car-forward-732-732,tp,matched,MVI_41063,lane_2,car,forward,gt-MVI_41063-lane_2-car-forward-75-732,pred-MVI_41063-lane_2-car-forward-75-732,75,75,732,732,0,0.0
development,tp-MVI_41063-lane_1-car-forward-734-734,tp,matched,MVI_41063,lane_1,car,forward,gt-MVI_41063-lane_1-car-forward-76-734,pred-MVI_41063-lane_1-car-forward-76-734,76,76,734,734,0,0.0
development,tp-MVI_41063-lane_2-car-forward-751-751,tp,matched,MVI_41063,lane_2,car,forward,gt-MVI_41063-lane_2-car-forward-77-751,pred-MVI_41063-lane_2-car-forward-77-751,77,77,751,751,0,0.0
development,tp-MVI_41063-lane_1-car-forward-758-758,tp,matched,MVI_41063,lane_1,car,forward,gt-MVI_41063-lane_1-car-forward-78-758,pred-MVI_41063-lane_1-car-forward-78-758,78,78,758,758,0,0.0
development,tp-MVI_41063-lane_1-car-forward-767-767,tp,matched,MVI_41063,lane_1,car,forward,gt-MVI_41063-lane_1-car-forward-79-767,pred-MVI_41063-lane_1-car-forward-79-767,79,79,767,767,0,0.0
development,tp-MVI_41063-lane_1-car-forward-772-772,tp,matched,MVI_41063,lane_1,car,forward,gt-MVI_41063-lane_1-car-forward-81-772,pred-MVI_41063-lane_1-car-forward-81-772,81,81,772,772,0,0.0
development,tp-MVI_41063-lane_2-car-forward-784-784,tp,matched,MVI_41063,lane_2,car,forward,gt-MVI_41063-lane_2-car-forward-83-784,pred-MVI_41063-lane_2-car-forward-83-784,83,83,784,784,0,0.0
development,tp-MVI_41063-lane_1-truck-forward-785-785,tp,matched,MVI_41063,lane_1,truck,forward,gt-MVI_41063-lane_1-truck-forward-82-785,pred-MVI_41063-lane_1-truck-forward-82-785,82,82,785,785,0,0.0
development,tp-MVI_41063-lane_2-car-forward-788-788,tp,matched,MVI_41063,lane_2,car,forward,gt-MVI_41063-lane_2-car-forward-80-788,pred-MVI_41063-lane_2-car-forward-80-788,80,80,788,788,0,0.0
development,tp-MVI_41063-lane_1-car-forward-795-795,tp,matched,MVI_41063,lane_1,car,forward,gt-MVI_41063-lane_1-car-forward-84-795,pred-MVI_41063-lane_1-car-forward-84-795,84,84,795,795,0,0.0
development,tp-MVI_41063-lane_1-car-forward-801-801,tp,matched,MVI_41063,lane_1,car,forward,gt-MVI_41063-lane_1-car-forward-86-801,pred-MVI_41063-lane_1-car-forward-86-801,86,86,801,801,0,0.0
development,tp-MVI_41063-lane_1-truck-forward-802-802,tp,matched,MVI_41063,lane_1,truck,forward,gt-MVI_41063-lane_1-truck-forward-87-802,pred-MVI_41063-lane_1-truck-forward-87-802,87,87,802,802,0,0.0
development,tp-MVI_41063-lane_2-car-forward-806-806,tp,matched,MVI_41063,lane_2,car,forward,gt-MVI_41063-lane_2-car-forward-88-806,pred-MVI_41063-lane_2-car-forward-88-806,88,88,806,806,0,0.0
development,tp-MVI_41063-lane_2-car-forward-807-807,tp,matched,MVI_41063,lane_2,car,forward,gt-MVI_41063-lane_2-car-forward-85-807,pred-MVI_41063-lane_2-car-forward-85-807,85,85,807,807,0,0.0
development,tp-MVI_41063-lane_1-car-forward-823-823,tp,matched,MVI_41063,lane_1,car,forward,gt-MVI_41063-lane_1-car-forward-89-823,pred-MVI_41063-lane_1-car-forward-89-823,89,89,823,823,0,0.0
development,tp-MVI_41063-lane_1-car-forward-834-834,tp,matched,MVI_41063,lane_1,car,forward,gt-MVI_41063-lane_1-car-forward-90-834,pred-MVI_41063-lane_1-car-forward-90-834,90,90,834,834,0,0.0
development,tp-MVI_41063-lane_1-car-forward-857-857,tp,matched,MVI_41063,lane_1,car,forward,gt-MVI_41063-lane_1-car-forward-92-857,pred-MVI_41063-lane_1-car-forward-92-857,92,92,857,857,0,0.0
development,tp-MVI_41063-lane_2-car-forward-859-859,tp,matched,MVI_41063,lane_2,car,forward,gt-MVI_41063-lane_2-car-forward-91-859,pred-MVI_41063-lane_2-car-forward-91-859,91,91,859,859,0,0.0
development,tp-MVI_41063-lane_1-car-forward-873-873,tp,matched,MVI_41063,lane_1,car,forward,gt-MVI_41063-lane_1-car-forward-93-873,pred-MVI_41063-lane_1-car-forward-93-873,93,93,873,873,0,0.0
development,tp-MVI_41063-lane_2-car-forward-895-895,tp,matched,MVI_41063,lane_2,car,forward,gt-MVI_41063-lane_2-car-forward-94-895,pred-MVI_41063-lane_2-car-forward-94-895,94,94,895,895,0,0.0
development,tp-MVI_41063-lane_1-truck-forward-906-906,tp,matched,MVI_41063,lane_1,truck,forward,gt-MVI_41063-lane_1-truck-forward-95-906,pred-MVI_41063-lane_1-truck-forward-95-906,95,95,906,906,0,0.0
development,tp-MVI_41063-lane_2-car-forward-914-914,tp,matched,MVI_41063,lane_2,car,forward,gt-MVI_41063-lane_2-car-forward-96-914,pred-MVI_41063-lane_2-car-forward-96-914,96,96,914,914,0,0.0
development,tp-MVI_41063-lane_1-car-forward-930-930,tp,matched,MVI_41063,lane_1,car,forward,gt-MVI_41063-lane_1-car-forward-97-930,pred-MVI_41063-lane_1-car-forward-97-930,97,97,930,930,0,0.0
development,tp-MVI_41063-lane_2-car-forward-944-944,tp,matched,MVI_41063,lane_2,car,forward,gt-MVI_41063-lane_2-car-forward-98-944,pred-MVI_41063-lane_2-car-forward-98-944,98,98,944,944,0,0.0
development,tp-MVI_41063-lane_2-car-forward-953-953,tp,matched,MVI_41063,lane_2,car,forward,gt-MVI_41063-lane_2-car-forward-99-953,pred-MVI_41063-lane_2-car-forward-99-953,99,99,953,953,0,0.0
development,tp-MVI_41063-lane_2-car-forward-956-956,tp,matched,MVI_41063,lane_2,car,forward,gt-MVI_41063-lane_2-car-forward-100-956,pred-MVI_41063-lane_2-car-forward-100-956,100,100,956,956,0,0.0
development,tp-MVI_41063-lane_1-car-forward-962-962,tp,matched,MVI_41063,lane_1,car,forward,gt-MVI_41063-lane_1-car-forward-101-962,pred-MVI_41063-lane_1-car-forward-101-962,101,101,962,962,0,0.0
development,tp-MVI_41063-lane_2-car-forward-986-986,tp,matched,MVI_41063,lane_2,car,forward,gt-MVI_41063-lane_2-car-forward-102-986,pred-MVI_41063-lane_2-car-forward-102-986,102,102,986,986,0,0.0
development,tp-MVI_41063-lane_2-car-forward-993-993,tp,matched,MVI_41063,lane_2,car,forward,gt-MVI_41063-lane_2-car-forward-103-993,pred-MVI_41063-lane_2-car-forward-103-993,103,103,993,993,0,0.0
development,tp-MVI_41063-lane_1-car-forward-996-996,tp,matched,MVI_41063,lane_1,car,forward,gt-MVI_41063-lane_1-car-forward-104-996,pred-MVI_41063-lane_1-car-forward-104-996,104,104,996,996,0,0.0
development,tp-MVI_41063-lane_1-car-forward-1000-1000,tp,matched,MVI_41063,lane_1,car,forward,gt-MVI_41063-lane_1-car-forward-105-1000,pred-MVI_41063-lane_1-car-forward-105-1000,105,105,1000,1000,0,0.0
development,tp-MVI_41063-lane_2-car-forward-1015-1015,tp,matched,MVI_41063,lane_2,car,forward,gt-MVI_41063-lane_2-car-forward-106-1015,pred-MVI_41063-lane_2-car-forward-106-1015,106,106,1015,1015,0,0.0
development,tp-MVI_41063-lane_2-car-forward-1018-1018,tp,matched,MVI_41063,lane_2,car,forward,gt-MVI_41063-lane_2-car-forward-107-1018,pred-MVI_41063-lane_2-car-forward-107-1018,107,107,1018,1018,0,0.0
development,tp-MVI_41063-lane_2-car-forward-1036-1036,tp,matched,MVI_41063,lane_2,car,forward,gt-MVI_41063-lane_2-car-forward-108-1036,pred-MVI_41063-lane_2-car-forward-108-1036,108,108,1036,1036,0,0.0
development,tp-MVI_41063-lane_1-truck-forward-1038-1038,tp,matched,MVI_41063,lane_1,truck,forward,gt-MVI_41063-lane_1-truck-forward-109-1038,pred-MVI_41063-lane_1-truck-forward-109-1038,109,109,1038,1038,0,0.0
development,tp-MVI_41063-lane_1-truck-forward-1058-1058,tp,matched,MVI_41063,lane_1,truck,forward,gt-MVI_41063-lane_1-truck-forward-112-1058,pred-MVI_41063-lane_1-truck-forward-112-1058,112,112,1058,1058,0,0.0
development,tp-MVI_41063-lane_1-car-forward-1094-1094,tp,matched,MVI_41063,lane_1,car,forward,gt-MVI_41063-lane_1-car-forward-113-1094,pred-MVI_41063-lane_1-car-forward-113-1094,113,113,1094,1094,0,0.0
development,tp-MVI_41063-lane_1-car-forward-1095-1095,tp,matched,MVI_41063,lane_1,car,forward,gt-MVI_41063-lane_1-car-forward-115-1095,pred-MVI_41063-lane_1-car-forward-115-1095,115,115,1095,1095,0,0.0
development,tp-MVI_41063-lane_1-car-forward-1101-1101,tp,matched,MVI_41063,lane_1,car,forward,gt-MVI_41063-lane_1-car-forward-117-1101,pred-MVI_41063-lane_1-car-forward-117-1101,117,117,1101,1101,0,0.0
development,tp-MVI_41063-lane_2-car-forward-1103-1103,tp,matched,MVI_41063,lane_2,car,forward,gt-MVI_41063-lane_2-car-forward-116-1103,pred-MVI_41063-lane_2-car-forward-116-1103,116,116,1103,1103,0,0.0
development,tp-MVI_41063-lane_2-car-forward-1111-1111,tp,matched,MVI_41063,lane_2,car,forward,gt-MVI_41063-lane_2-car-forward-114-1111,pred-MVI_41063-lane_2-car-forward-114-1111,114,114,1111,1111,0,0.0
development,tp-MVI_41063-lane_2-car-forward-1112-1112,tp,matched,MVI_41063,lane_2,car,forward,gt-MVI_41063-lane_2-car-forward-118-1112,pred-MVI_41063-lane_2-car-forward-118-1112,118,118,1112,1112,0,0.0
development,tp-MVI_41063-lane_1-car-forward-1116-1116,tp,matched,MVI_41063,lane_1,car,forward,gt-MVI_41063-lane_1-car-forward-119-1116,pred-MVI_41063-lane_1-car-forward-119-1116,119,119,1116,1116,0,0.0
development,tp-MVI_41063-lane_1-car-forward-1123-1123,tp,matched,MVI_41063,lane_1,car,forward,gt-MVI_41063-lane_1-car-forward-120-1123,pred-MVI_41063-lane_1-car-forward-120-1123,120,120,1123,1123,0,0.0
development,tp-MVI_41063-lane_1-car-forward-1135-1135,tp,matched,MVI_41063,lane_1,car,forward,gt-MVI_41063-lane_1-car-forward-121-1135,pred-MVI_41063-lane_1-car-forward-121-1135,121,121,1135,1135,0,0.0
development,tp-MVI_41063-lane_1-car-forward-1145-1145,tp,matched,MVI_41063,lane_1,car,forward,gt-MVI_41063-lane_1-car-forward-122-1145,pred-MVI_41063-lane_1-car-forward-122-1145,122,122,1145,1145,0,0.0
development,tp-MVI_41063-lane_2-car-forward-1148-1148,tp,matched,MVI_41063,lane_2,car,forward,gt-MVI_41063-lane_2-car-forward-124-1148,pred-MVI_41063-lane_2-car-forward-124-1148,124,124,1148,1148,0,0.0
development,tp-MVI_41063-lane_2-car-forward-1157-1157,tp,matched,MVI_41063,lane_2,car,forward,gt-MVI_41063-lane_2-car-forward-123-1157,pred-MVI_41063-lane_2-car-forward-123-1157,123,123,1157,1157,0,0.0
development,tp-MVI_41063-lane_1-car-forward-1166-1166,tp,matched,MVI_41063,lane_1,car,forward,gt-MVI_41063-lane_1-car-forward-166-1166,pred-MVI_41063-lane_1-car-forward-166-1166,166,166,1166,1166,0,0.0
development,tp-MVI_41063-lane_1-car-forward-1169-1169,tp,matched,MVI_41063,lane_1,car,forward,gt-MVI_41063-lane_1-car-forward-125-1169,pred-MVI_41063-lane_1-car-forward-125-1169,125,125,1169,1169,0,0.0
development,tp-MVI_41063-lane_2-car-forward-1189-1189,tp,matched,MVI_41063,lane_2,car,forward,gt-MVI_41063-lane_2-car-forward-126-1189,pred-MVI_41063-lane_2-car-forward-126-1189,126,126,1189,1189,0,0.0
development,tp-MVI_41063-lane_1-car-forward-1211-1211,tp,matched,MVI_41063,lane_1,car,forward,gt-MVI_41063-lane_1-car-forward-129-1211,pred-MVI_41063-lane_1-car-forward-129-1211,129,129,1211,1211,0,0.0
development,tp-MVI_41063-lane_2-car-forward-1213-1213,tp,matched,MVI_41063,lane_2,car,forward,gt-MVI_41063-lane_2-car-forward-127-1213,pred-MVI_41063-lane_2-car-forward-127-1213,127,127,1213,1213,0,0.0
development,tp-MVI_41063-lane_2-car-forward-1230-1230,tp,matched,MVI_41063,lane_2,car,forward,gt-MVI_41063-lane_2-car-forward-128-1230,pred-MVI_41063-lane_2-car-forward-128-1230,128,128,1230,1230,0,0.0
development,tp-MVI_41063-lane_1-car-forward-1237-1237,tp,matched,MVI_41063,lane_1,car,forward,gt-MVI_41063-lane_1-car-forward-130-1237,pred-MVI_41063-lane_1-car-forward-130-1237,130,130,1237,1237,0,0.0
development,tp-MVI_41063-lane_1-car-forward-1243-1243,tp,matched,MVI_41063,lane_1,car,forward,gt-MVI_41063-lane_1-car-forward-131-1243,pred-MVI_41063-lane_1-car-forward-131-1243,131,131,1243,1243,0,0.0
development,tp-MVI_41063-lane_1-truck-forward-1243-1243,tp,matched,MVI_41063,lane_1,truck,forward,gt-MVI_41063-lane_1-truck-forward-132-1243,pred-MVI_41063-lane_1-truck-forward-132-1243,132,132,1243,1243,0,0.0
development,tp-MVI_41063-lane_1-truck-forward-1243-1243,tp,matched,MVI_41063,lane_1,truck,forward,gt-MVI_41063-lane_1-truck-forward-133-1243,pred-MVI_41063-lane_1-truck-forward-133-1243,133,133,1243,1243,0,0.0
development,tp-MVI_41063-lane_1-car-forward-1264-1264,tp,matched,MVI_41063,lane_1,car,forward,gt-MVI_41063-lane_1-car-forward-135-1264,pred-MVI_41063-lane_1-car-forward-135-1264,135,135,1264,1264,0,0.0
development,tp-MVI_41063-lane_2-car-forward-1264-1264,tp,matched,MVI_41063,lane_2,car,forward,gt-MVI_41063-lane_2-car-forward-136-1264,pred-MVI_41063-lane_2-car-forward-136-1264,136,136,1264,1264,0,0.0
development,tp-MVI_41063-lane_2-car-forward-1270-1270,tp,matched,MVI_41063,lane_2,car,forward,gt-MVI_41063-lane_2-car-forward-134-1270,pred-MVI_41063-lane_2-car-forward-134-1270,134,134,1270,1270,0,0.0
development,tp-MVI_41063-lane_1-car-forward-1276-1276,tp,matched,MVI_41063,lane_1,car,forward,gt-MVI_41063-lane_1-car-forward-137-1276,pred-MVI_41063-lane_1-car-forward-137-1276,137,137,1276,1276,0,0.0
development,tp-MVI_41063-lane_1-car-forward-1298-1298,tp,matched,MVI_41063,lane_1,car,forward,gt-MVI_41063-lane_1-car-forward-140-1298,pred-MVI_41063-lane_1-car-forward-140-1298,140,140,1298,1298,0,0.0
development,tp-MVI_41063-lane_2-car-forward-1299-1299,tp,matched,MVI_41063,lane_2,car,forward,gt-MVI_41063-lane_2-car-forward-138-1299,pred-MVI_41063-lane_2-car-forward-138-1299,138,138,1299,1299,0,0.0
development,tp-MVI_41063-lane_1-car-forward-1302-1302,tp,matched,MVI_41063,lane_1,car,forward,gt-MVI_41063-lane_1-car-forward-141-1302,pred-MVI_41063-lane_1-car-forward-141-1302,141,141,1302,1302,0,0.0
development,tp-MVI_41063-lane_1-truck-forward-1304-1304,tp,matched,MVI_41063,lane_1,truck,forward,gt-MVI_41063-lane_1-truck-forward-142-1304,pred-MVI_41063-lane_1-truck-forward-142-1304,142,142,1304,1304,0,0.0
development,tp-MVI_41063-lane_2-car-forward-1306-1306,tp,matched,MVI_41063,lane_2,car,forward,gt-MVI_41063-lane_2-car-forward-143-1306,pred-MVI_41063-lane_2-car-forward-143-1306,143,143,1306,1306,0,0.0
development,tp-MVI_41063-lane_2-car-forward-1329-1329,tp,matched,MVI_41063,lane_2,car,forward,gt-MVI_41063-lane_2-car-forward-144-1329,pred-MVI_41063-lane_2-car-forward-144-1329,144,144,1329,1329,0,0.0
development,tp-MVI_41063-lane_1-truck-forward-1346-1346,tp,matched,MVI_41063,lane_1,truck,forward,gt-MVI_41063-lane_1-truck-forward-145-1346,pred-MVI_41063-lane_1-truck-forward-145-1346,145,145,1346,1346,0,0.0
development,tp-MVI_41063-lane_2-car-forward-1346-1346,tp,matched,MVI_41063,lane_2,car,forward,gt-MVI_41063-lane_2-car-forward-167-1346,pred-MVI_41063-lane_2-car-forward-167-1346,167,167,1346,1346,0,0.0
development,tp-MVI_41063-lane_1-car-forward-1348-1348,tp,matched,MVI_41063,lane_1,car,forward,gt-MVI_41063-lane_1-car-forward-147-1348,pred-MVI_41063-lane_1-car-forward-147-1348,147,147,1348,1348,0,0.0
development,tp-MVI_41063-lane_1-car-forward-1358-1358,tp,matched,MVI_41063,lane_1,car,forward,gt-MVI_41063-lane_1-car-forward-148-1358,pred-MVI_41063-lane_1-car-forward-148-1358,148,148,1358,1358,0,0.0
development,tp-MVI_41063-lane_2-car-forward-1365-1365,tp,matched,MVI_41063,lane_2,car,forward,gt-MVI_41063-lane_2-car-forward-146-1365,pred-MVI_41063-lane_2-car-forward-146-1365,146,146,1365,1365,0,0.0
development,tp-MVI_41063-lane_1-car-forward-1371-1371,tp,matched,MVI_41063,lane_1,car,forward,gt-MVI_41063-lane_1-car-forward-150-1371,pred-MVI_41063-lane_1-car-forward-150-1371,150,150,1371,1371,0,0.0
development,tp-MVI_41063-lane_2-car-forward-1374-1374,tp,matched,MVI_41063,lane_2,car,forward,gt-MVI_41063-lane_2-car-forward-149-1374,pred-MVI_41063-lane_2-car-forward-149-1374,149,149,1374,1374,0,0.0
development,tp-MVI_41063-lane_1-car-forward-1384-1384,tp,matched,MVI_41063,lane_1,car,forward,gt-MVI_41063-lane_1-car-forward-151-1384,pred-MVI_41063-lane_1-car-forward-151-1384,151,151,1384,1384,0,0.0
development,tp-MVI_41063-lane_2-car-forward-1385-1385,tp,matched,MVI_41063,lane_2,car,forward,gt-MVI_41063-lane_2-car-forward-152-1385,pred-MVI_41063-lane_2-car-forward-152-1385,152,152,1385,1385,0,0.0
development,tp-MVI_41063-lane_2-car-forward-1407-1407,tp,matched,MVI_41063,lane_2,car,forward,gt-MVI_41063-lane_2-car-forward-153-1407,pred-MVI_41063-lane_2-car-forward-153-1407,153,153,1407,1407,0,0.0
development,tp-MVI_41063-lane_2-car-forward-1407-1407,tp,matched,MVI_41063,lane_2,car,forward,gt-MVI_41063-lane_2-car-forward-155-1407,pred-MVI_41063-lane_2-car-forward-155-1407,155,155,1407,1407,0,0.0
development,tp-MVI_41063-lane_1-car-forward-1418-1418,tp,matched,MVI_41063,lane_1,car,forward,gt-MVI_41063-lane_1-car-forward-154-1418,pred-MVI_41063-lane_1-car-forward-154-1418,154,154,1418,1418,0,0.0
development,tp-MVI_41063-lane_1-car-forward-1448-1448,tp,matched,MVI_41063,lane_1,car,forward,gt-MVI_41063-lane_1-car-forward-156-1448,pred-MVI_41063-lane_1-car-forward-156-1448,156,156,1448,1448,0,0.0
development,tp-MVI_41063-lane_1-car-forward-1448-1448,tp,matched,MVI_41063,lane_1,car,forward,gt-MVI_41063-lane_1-car-forward-157-1448,pred-MVI_41063-lane_1-car-forward-157-1448,157,157,1448,1448,0,0.0
development,tp-MVI_41063-lane_1-car-forward-1450-1450,tp,matched,MVI_41063,lane_1,car,forward,gt-MVI_41063-lane_1-car-forward-158-1450,pred-MVI_41063-lane_1-car-forward-158-1450,158,158,1450,1450,0,0.0
development,tp-MVI_41063-lane_2-car-forward-1461-1461,tp,matched,MVI_41063,lane_2,car,forward,gt-MVI_41063-lane_2-car-forward-159-1461,pred-MVI_41063-lane_2-car-forward-159-1461,159,159,1461,1461,0,0.0
development,tp-MVI_41063-lane_1-car-forward-1471-1471,tp,matched,MVI_41063,lane_1,car,forward,gt-MVI_41063-lane_1-car-forward-160-1471,pred-MVI_41063-lane_1-car-forward-160-1471,160,160,1471,1471,0,0.0
development,tp-MVI_41063-lane_1-truck-forward-1475-1475,tp,matched,MVI_41063,lane_1,truck,forward,gt-MVI_41063-lane_1-truck-forward-161-1475,pred-MVI_41063-lane_1-truck-forward-161-1475,161,161,1475,1475,0,0.0
development,tp-MVI_41063-lane_2-truck-forward-1482-1482,tp,matched,MVI_41063,lane_2,truck,forward,gt-MVI_41063-lane_2-truck-forward-162-1482,pred-MVI_41063-lane_2-truck-forward-162-1482,162,162,1482,1482,0,0.0
development,tp-MVI_41063-lane_1-car-forward-1484-1484,tp,matched,MVI_41063,lane_1,car,forward,gt-MVI_41063-lane_1-car-forward-163-1484,pred-MVI_41063-lane_1-car-forward-163-1484,163,163,1484,1484,0,0.0
development,tp-MVI_41063-lane_2-car-forward-1500-1500,tp,matched,MVI_41063,lane_2,car,forward,gt-MVI_41063-lane_2-car-forward-164-1500,pred-MVI_41063-lane_2-car-forward-164-1500,164,164,1500,1500,0,0.0
development,tp-MVI_63553-lane_2-truck-forward-5-5,tp,matched,MVI_63553,lane_2,truck,forward,gt-MVI_63553-lane_2-truck-forward-8-5,pred-MVI_63553-lane_2-truck-forward-8-5,8,8,5,5,0,0.0
development,tp-MVI_63553-lane_1-car-forward-10-10,tp,matched,MVI_63553,lane_1,car,forward,gt-MVI_63553-lane_1-car-forward-3-10,pred-MVI_63553-lane_1-car-forward-3-10,3,3,10,10,0,0.0
development,tp-MVI_63553-lane_2-car-forward-24-24,tp,matched,MVI_63553,lane_2,car,forward,gt-MVI_63553-lane_2-car-forward-9-24,pred-MVI_63553-lane_2-car-forward-9-24,9,9,24,24,0,0.0
development,tp-MVI_63553-lane_1-car-forward-25-25,tp,matched,MVI_63553,lane_1,car,forward,gt-MVI_63553-lane_1-car-forward-2-25,pred-MVI_63553-lane_1-car-forward-2-25,2,2,25,25,0,0.0
development,tp-MVI_63553-lane_1-car-forward-35-35,tp,matched,MVI_63553,lane_1,car,forward,gt-MVI_63553-lane_1-car-forward-13-35,pred-MVI_63553-lane_1-car-forward-13-35,13,13,35,35,0,0.0
development,tp-MVI_63553-lane_1-truck-forward-38-38,tp,matched,MVI_63553,lane_1,truck,forward,gt-MVI_63553-lane_1-truck-forward-1-38,pred-MVI_63553-lane_1-truck-forward-1-38,1,1,38,38,0,0.0
development,tp-MVI_63553-lane_2-truck-forward-42-42,tp,matched,MVI_63553,lane_2,truck,forward,gt-MVI_63553-lane_2-truck-forward-10-42,pred-MVI_63553-lane_2-truck-forward-10-42,10,10,42,42,0,0.0
development,tp-MVI_63553-lane_2-car-forward-49-49,tp,matched,MVI_63553,lane_2,car,forward,gt-MVI_63553-lane_2-car-forward-11-49,pred-MVI_63553-lane_2-car-forward-11-49,11,11,49,49,0,0.0
development,tp-MVI_63553-lane_1-car-forward-62-62,tp,matched,MVI_63553,lane_1,car,forward,gt-MVI_63553-lane_1-car-forward-12-62,pred-MVI_63553-lane_1-car-forward-12-62,12,12,62,62,0,0.0
development,tp-MVI_63553-lane_1-car-forward-72-72,tp,matched,MVI_63553,lane_1,car,forward,gt-MVI_63553-lane_1-car-forward-14-72,pred-MVI_63553-lane_1-car-forward-14-72,14,14,72,72,0,0.0
development,tp-MVI_63553-lane_2-car-forward-74-74,tp,matched,MVI_63553,lane_2,car,forward,gt-MVI_63553-lane_2-car-forward-15-74,pred-MVI_63553-lane_2-car-forward-15-74,15,15,74,74,0,0.0
development,tp-MVI_63553-lane_2-car-forward-86-86,tp,matched,MVI_63553,lane_2,car,forward,gt-MVI_63553-lane_2-car-forward-17-86,pred-MVI_63553-lane_2-car-forward-17-86,17,17,86,86,0,0.0
development,tp-MVI_63553-lane_2-car-forward-94-94,tp,matched,MVI_63553,lane_2,car,forward,gt-MVI_63553-lane_2-car-forward-18-94,pred-MVI_63553-lane_2-car-forward-18-94,18,18,94,94,0,0.0
development,tp-MVI_63553-lane_2-car-forward-104-104,tp,matched,MVI_63553,lane_2,car,forward,gt-MVI_63553-lane_2-car-forward-19-104,pred-MVI_63553-lane_2-car-forward-19-104,19,19,104,104,0,0.0
development,tp-MVI_63553-lane_1-car-forward-111-111,tp,matched,MVI_63553,lane_1,car,forward,gt-MVI_63553-lane_1-car-forward-20-111,pred-MVI_63553-lane_1-car-forward-20-111,20,20,111,111,0,0.0
development,tp-MVI_63553-lane_1-car-forward-127-127,tp,matched,MVI_63553,lane_1,car,forward,gt-MVI_63553-lane_1-car-forward-21-127,pred-MVI_63553-lane_1-car-forward-21-127,21,21,127,127,0,0.0
development,tp-MVI_63553-lane_2-car-forward-135-135,tp,matched,MVI_63553,lane_2,car,forward,gt-MVI_63553-lane_2-car-forward-24-135,pred-MVI_63553-lane_2-car-forward-24-135,24,24,135,135,0,0.0
development,tp-MVI_63553-lane_1-truck-forward-137-137,tp,matched,MVI_63553,lane_1,truck,forward,gt-MVI_63553-lane_1-truck-forward-22-137,pred-MVI_63553-lane_1-truck-forward-22-137,22,22,137,137,0,0.0
development,tp-MVI_63553-lane_1-car-forward-138-138,tp,matched,MVI_63553,lane_1,car,forward,gt-MVI_63553-lane_1-car-forward-25-138,pred-MVI_63553-lane_1-car-forward-25-138,25,25,138,138,0,0.0
development,tp-MVI_63553-lane_2-car-forward-139-139,tp,matched,MVI_63553,lane_2,car,forward,gt-MVI_63553-lane_2-car-forward-23-139,pred-MVI_63553-lane_2-car-forward-23-139,23,23,139,139,0,0.0
development,tp-MVI_63553-lane_2-car-forward-154-154,tp,matched,MVI_63553,lane_2,car,forward,gt-MVI_63553-lane_2-car-forward-26-154,pred-MVI_63553-lane_2-car-forward-26-154,26,26,154,154,0,0.0
development,tp-MVI_63553-lane_2-car-forward-161-161,tp,matched,MVI_63553,lane_2,car,forward,gt-MVI_63553-lane_2-car-forward-28-161,pred-MVI_63553-lane_2-car-forward-28-161,28,28,161,161,0,0.0
development,tp-MVI_63553-lane_1-car-forward-165-165,tp,matched,MVI_63553,lane_1,car,forward,gt-MVI_63553-lane_1-car-forward-27-165,pred-MVI_63553-lane_1-car-forward-27-165,27,27,165,165,0,0.0
development,tp-MVI_63553-lane_2-car-forward-167-167,tp,matched,MVI_63553,lane_2,car,forward,gt-MVI_63553-lane_2-car-forward-29-167,pred-MVI_63553-lane_2-car-forward-29-167,29,29,167,167,0,0.0
development,tp-MVI_63553-lane_2-car-forward-172-172,tp,matched,MVI_63553,lane_2,car,forward,gt-MVI_63553-lane_2-car-forward-31-172,pred-MVI_63553-lane_2-car-forward-31-172,31,31,172,172,0,0.0
development,tp-MVI_63553-lane_2-car-forward-175-175,tp,matched,MVI_63553,lane_2,car,forward,gt-MVI_63553-lane_2-car-forward-32-175,pred-MVI_63553-lane_2-car-forward-32-175,32,32,175,175,0,0.0
development,tp-MVI_63553-lane_1-car-forward-177-177,tp,matched,MVI_63553,lane_1,car,forward,gt-MVI_63553-lane_1-car-forward-33-177,pred-MVI_63553-lane_1-car-forward-33-177,33,33,177,177,0,0.0
development,tp-MVI_63553-lane_1-car-forward-185-185,tp,matched,MVI_63553,lane_1,car,forward,gt-MVI_63553-lane_1-car-forward-30-185,pred-MVI_63553-lane_1-car-forward-30-185,30,30,185,185,0,0.0
development,tp-MVI_63553-lane_2-car-forward-199-199,tp,matched,MVI_63553,lane_2,car,forward,gt-MVI_63553-lane_2-car-forward-34-199,pred-MVI_63553-lane_2-car-forward-34-199,34,34,199,199,0,0.0
development,tp-MVI_63553-lane_1-car-forward-207-207,tp,matched,MVI_63553,lane_1,car,forward,gt-MVI_63553-lane_1-car-forward-35-207,pred-MVI_63553-lane_1-car-forward-35-207,35,35,207,207,0,0.0
development,tp-MVI_63553-lane_2-car-forward-222-222,tp,matched,MVI_63553,lane_2,car,forward,gt-MVI_63553-lane_2-car-forward-36-222,pred-MVI_63553-lane_2-car-forward-36-222,36,36,222,222,0,0.0
development,tp-MVI_63553-lane_2-car-forward-227-227,tp,matched,MVI_63553,lane_2,car,forward,gt-MVI_63553-lane_2-car-forward-38-227,pred-MVI_63553-lane_2-car-forward-38-227,38,38,227,227,0,0.0
development,tp-MVI_63553-lane_1-car-forward-241-241,tp,matched,MVI_63553,lane_1,car,forward,gt-MVI_63553-lane_1-car-forward-37-241,pred-MVI_63553-lane_1-car-forward-37-241,37,37,241,241,0,0.0
development,tp-MVI_63553-lane_1-car-forward-250-250,tp,matched,MVI_63553,lane_1,car,forward,gt-MVI_63553-lane_1-car-forward-40-250,pred-MVI_63553-lane_1-car-forward-40-250,40,40,250,250,0,0.0
development,tp-MVI_63553-lane_1-car-forward-254-254,tp,matched,MVI_63553,lane_1,car,forward,gt-MVI_63553-lane_1-car-forward-44-254,pred-MVI_63553-lane_1-car-forward-44-254,44,44,254,254,0,0.0
development,tp-MVI_63553-lane_2-car-forward-259-259,tp,matched,MVI_63553,lane_2,car,forward,gt-MVI_63553-lane_2-car-forward-41-259,pred-MVI_63553-lane_2-car-forward-41-259,41,41,259,259,0,0.0
development,tp-MVI_63553-lane_2-car-forward-263-263,tp,matched,MVI_63553,lane_2,car,forward,gt-MVI_63553-lane_2-car-forward-42-263,pred-MVI_63553-lane_2-car-forward-42-263,42,42,263,263,0,0.0
development,tp-MVI_63553-lane_2-car-forward-266-266,tp,matched,MVI_63553,lane_2,car,forward,gt-MVI_63553-lane_2-car-forward-43-266,pred-MVI_63553-lane_2-car-forward-43-266,43,43,266,266,0,0.0
development,tp-MVI_63553-lane_1-car-forward-277-277,tp,matched,MVI_63553,lane_1,car,forward,gt-MVI_63553-lane_1-car-forward-45-277,pred-MVI_63553-lane_1-car-forward-45-277,45,45,277,277,0,0.0
development,tp-MVI_63553-lane_2-car-forward-281-281,tp,matched,MVI_63553,lane_2,car,forward,gt-MVI_63553-lane_2-car-forward-48-281,pred-MVI_63553-lane_2-car-forward-48-281,48,48,281,281,0,0.0
development,tp-MVI_63553-lane_2-car-forward-299-299,tp,matched,MVI_63553,lane_2,car,forward,gt-MVI_63553-lane_2-car-forward-46-299,pred-MVI_63553-lane_2-car-forward-46-299,46,46,299,299,0,0.0
development,tp-MVI_63553-lane_1-truck-forward-305-305,tp,matched,MVI_63553,lane_1,truck,forward,gt-MVI_63553-lane_1-truck-forward-47-305,pred-MVI_63553-lane_1-truck-forward-47-305,47,47,305,305,0,0.0
development,tp-MVI_63553-lane_2-car-forward-307-307,tp,matched,MVI_63553,lane_2,car,forward,gt-MVI_63553-lane_2-car-forward-49-307,pred-MVI_63553-lane_2-car-forward-49-307,49,49,307,307,0,0.0
development,tp-MVI_63553-lane_2-car-forward-314-314,tp,matched,MVI_63553,lane_2,car,forward,gt-MVI_63553-lane_2-car-forward-51-314,pred-MVI_63553-lane_2-car-forward-51-314,51,51,314,314,0,0.0
development,tp-MVI_63553-lane_1-truck-forward-319-319,tp,matched,MVI_63553,lane_1,truck,forward,gt-MVI_63553-lane_1-truck-forward-50-319,pred-MVI_63553-lane_1-truck-forward-50-319,50,50,319,319,0,0.0
development,tp-MVI_63553-lane_2-car-forward-329-329,tp,matched,MVI_63553,lane_2,car,forward,gt-MVI_63553-lane_2-car-forward-54-329,pred-MVI_63553-lane_2-car-forward-54-329,54,54,329,329,0,0.0
development,tp-MVI_63553-lane_1-truck-forward-330-330,tp,matched,MVI_63553,lane_1,truck,forward,gt-MVI_63553-lane_1-truck-forward-53-330,pred-MVI_63553-lane_1-truck-forward-53-330,53,53,330,330,0,0.0
development,tp-MVI_63553-lane_2-car-forward-339-339,tp,matched,MVI_63553,lane_2,car,forward,gt-MVI_63553-lane_2-car-forward-55-339,pred-MVI_63553-lane_2-car-forward-55-339,55,55,339,339,0,0.0
development,tp-MVI_63553-lane_1-car-forward-355-355,tp,matched,MVI_63553,lane_1,car,forward,gt-MVI_63553-lane_1-car-forward-59-355,pred-MVI_63553-lane_1-car-forward-59-355,59,59,355,355,0,0.0
development,tp-MVI_63553-lane_2-car-forward-355-355,tp,matched,MVI_63553,lane_2,car,forward,gt-MVI_63553-lane_2-car-forward-57-355,pred-MVI_63553-lane_2-car-forward-57-355,57,57,355,355,0,0.0
development,tp-MVI_63553-lane_2-truck-forward-359-359,tp,matched,MVI_63553,lane_2,truck,forward,gt-MVI_63553-lane_2-truck-forward-58-359,pred-MVI_63553-lane_2-truck-forward-58-359,58,58,359,359,0,0.0
development,tp-MVI_63553-lane_1-car-forward-361-361,tp,matched,MVI_63553,lane_1,car,forward,gt-MVI_63553-lane_1-car-forward-56-361,pred-MVI_63553-lane_1-car-forward-56-361,56,56,361,361,0,0.0
development,tp-MVI_63553-lane_2-car-forward-366-366,tp,matched,MVI_63553,lane_2,car,forward,gt-MVI_63553-lane_2-car-forward-60-366,pred-MVI_63553-lane_2-car-forward-60-366,60,60,366,366,0,0.0
development,tp-MVI_63553-lane_2-car-forward-393-393,tp,matched,MVI_63553,lane_2,car,forward,gt-MVI_63553-lane_2-car-forward-62-393,pred-MVI_63553-lane_2-car-forward-62-393,62,62,393,393,0,0.0
development,tp-MVI_63553-lane_1-car-forward-396-396,tp,matched,MVI_63553,lane_1,car,forward,gt-MVI_63553-lane_1-car-forward-61-396,pred-MVI_63553-lane_1-car-forward-61-396,61,61,396,396,0,0.0
development,tp-MVI_63553-lane_1-car-forward-408-408,tp,matched,MVI_63553,lane_1,car,forward,gt-MVI_63553-lane_1-car-forward-66-408,pred-MVI_63553-lane_1-car-forward-66-408,66,66,408,408,0,0.0
development,tp-MVI_63553-lane_2-car-forward-410-410,tp,matched,MVI_63553,lane_2,car,forward,gt-MVI_63553-lane_2-car-forward-64-410,pred-MVI_63553-lane_2-car-forward-64-410,64,64,410,410,0,0.0
development,tp-MVI_63553-lane_2-car-forward-416-416,tp,matched,MVI_63553,lane_2,car,forward,gt-MVI_63553-lane_2-car-forward-65-416,pred-MVI_63553-lane_2-car-forward-65-416,65,65,416,416,0,0.0
development,tp-MVI_63553-lane_2-truck-forward-442-442,tp,matched,MVI_63553,lane_2,truck,forward,gt-MVI_63553-lane_2-truck-forward-68-442,pred-MVI_63553-lane_2-truck-forward-68-442,68,68,442,442,0,0.0
development,tp-MVI_63553-lane_2-car-forward-443-443,tp,matched,MVI_63553,lane_2,car,forward,gt-MVI_63553-lane_2-car-forward-67-443,pred-MVI_63553-lane_2-car-forward-67-443,67,67,443,443,0,0.0
development,tp-MVI_63553-lane_2-car-forward-470-470,tp,matched,MVI_63553,lane_2,car,forward,gt-MVI_63553-lane_2-car-forward-70-470,pred-MVI_63553-lane_2-car-forward-70-470,70,70,470,470,0,0.0
development,tp-MVI_63553-lane_2-bus-forward-471-471,tp,matched,MVI_63553,lane_2,bus,forward,gt-MVI_63553-lane_2-bus-forward-69-471,pred-MVI_63553-lane_2-bus-forward-69-471,69,69,471,471,0,0.0
development,tp-MVI_63553-lane_1-car-forward-488-488,tp,matched,MVI_63553,lane_1,car,forward,gt-MVI_63553-lane_1-car-forward-71-488,pred-MVI_63553-lane_1-car-forward-71-488,71,71,488,488,0,0.0
development,tp-MVI_63553-lane_1-car-forward-491-491,tp,matched,MVI_63553,lane_1,car,forward,gt-MVI_63553-lane_1-car-forward-72-491,pred-MVI_63553-lane_1-car-forward-72-491,72,72,491,491,0,0.0
development,tp-MVI_63553-lane_2-car-forward-506-506,tp,matched,MVI_63553,lane_2,car,forward,gt-MVI_63553-lane_2-car-forward-73-506,pred-MVI_63553-lane_2-car-forward-73-506,73,73,506,506,0,0.0
development,tp-MVI_63553-lane_1-car-forward-508-508,tp,matched,MVI_63553,lane_1,car,forward,gt-MVI_63553-lane_1-car-forward-75-508,pred-MVI_63553-lane_1-car-forward-75-508,75,75,508,508,0,0.0
development,tp-MVI_63553-lane_2-car-forward-513-513,tp,matched,MVI_63553,lane_2,car,forward,gt-MVI_63553-lane_2-car-forward-74-513,pred-MVI_63553-lane_2-car-forward-74-513,74,74,513,513,0,0.0
development,tp-MVI_63553-lane_2-car-forward-532-532,tp,matched,MVI_63553,lane_2,car,forward,gt-MVI_63553-lane_2-car-forward-76-532,pred-MVI_63553-lane_2-car-forward-76-532,76,76,532,532,0,0.0
development,tp-MVI_63553-lane_1-car-forward-540-540,tp,matched,MVI_63553,lane_1,car,forward,gt-MVI_63553-lane_1-car-forward-77-540,pred-MVI_63553-lane_1-car-forward-77-540,77,77,540,540,0,0.0
development,tp-MVI_63553-lane_2-car-forward-551-551,tp,matched,MVI_63553,lane_2,car,forward,gt-MVI_63553-lane_2-car-forward-79-551,pred-MVI_63553-lane_2-car-forward-79-551,79,79,551,551,0,0.0
development,tp-MVI_63553-lane_1-truck-forward-553-553,tp,matched,MVI_63553,lane_1,truck,forward,gt-MVI_63553-lane_1-truck-forward-80-553,pred-MVI_63553-lane_1-truck-forward-80-553,80,80,553,553,0,0.0
development,tp-MVI_63553-lane_1-car-forward-554-554,tp,matched,MVI_63553,lane_1,car,forward,gt-MVI_63553-lane_1-car-forward-78-554,pred-MVI_63553-lane_1-car-forward-78-554,78,78,554,554,0,0.0
development,tp-MVI_63553-lane_2-car-forward-568-568,tp,matched,MVI_63553,lane_2,car,forward,gt-MVI_63553-lane_2-car-forward-81-568,pred-MVI_63553-lane_2-car-forward-81-568,81,81,568,568,0,0.0
development,tp-MVI_63553-lane_1-car-forward-577-577,tp,matched,MVI_63553,lane_1,car,forward,gt-MVI_63553-lane_1-car-forward-82-577,pred-MVI_63553-lane_1-car-forward-82-577,82,82,577,577,0,0.0
development,tp-MVI_63553-lane_2-car-forward-581-581,tp,matched,MVI_63553,lane_2,car,forward,gt-MVI_63553-lane_2-car-forward-84-581,pred-MVI_63553-lane_2-car-forward-84-581,84,84,581,581,0,0.0
development,tp-MVI_63553-lane_2-car-forward-586-586,tp,matched,MVI_63553,lane_2,car,forward,gt-MVI_63553-lane_2-car-forward-83-586,pred-MVI_63553-lane_2-car-forward-83-586,83,83,586,586,0,0.0
development,tp-MVI_63553-lane_2-car-forward-601-601,tp,matched,MVI_63553,lane_2,car,forward,gt-MVI_63553-lane_2-car-forward-85-601,pred-MVI_63553-lane_2-car-forward-85-601,85,85,601,601,0,0.0
development,tp-MVI_63553-lane_2-car-forward-609-609,tp,matched,MVI_63553,lane_2,car,forward,gt-MVI_63553-lane_2-car-forward-86-609,pred-MVI_63553-lane_2-car-forward-86-609,86,86,609,609,0,0.0
development,tp-MVI_63553-lane_1-car-forward-619-619,tp,matched,MVI_63553,lane_1,car,forward,gt-MVI_63553-lane_1-car-forward-87-619,pred-MVI_63553-lane_1-car-forward-87-619,87,87,619,619,0,0.0
development,tp-MVI_63553-lane_1-car-forward-625-625,tp,matched,MVI_63553,lane_1,car,forward,gt-MVI_63553-lane_1-car-forward-89-625,pred-MVI_63553-lane_1-car-forward-89-625,89,89,625,625,0,0.0
development,tp-MVI_63553-lane_1-car-forward-629-629,tp,matched,MVI_63553,lane_1,car,forward,gt-MVI_63553-lane_1-car-forward-91-629,pred-MVI_63553-lane_1-car-forward-91-629,91,91,629,629,0,0.0
development,tp-MVI_63553-lane_2-car-forward-646-646,tp,matched,MVI_63553,lane_2,car,forward,gt-MVI_63553-lane_2-car-forward-90-646,pred-MVI_63553-lane_2-car-forward-90-646,90,90,646,646,0,0.0
development,tp-MVI_63553-lane_1-car-forward-648-648,tp,matched,MVI_63553,lane_1,car,forward,gt-MVI_63553-lane_1-car-forward-92-648,pred-MVI_63553-lane_1-car-forward-92-648,92,92,648,648,0,0.0
development,tp-MVI_63553-lane_2-car-forward-669-669,tp,matched,MVI_63553,lane_2,car,forward,gt-MVI_63553-lane_2-car-forward-93-669,pred-MVI_63553-lane_2-car-forward-93-669,93,93,669,669,0,0.0
development,tp-MVI_63553-lane_1-car-forward-672-672,tp,matched,MVI_63553,lane_1,car,forward,gt-MVI_63553-lane_1-car-forward-95-672,pred-MVI_63553-lane_1-car-forward-95-672,95,95,672,672,0,0.0
development,tp-MVI_63553-lane_1-car-forward-683-683,tp,matched,MVI_63553,lane_1,car,forward,gt-MVI_63553-lane_1-car-forward-94-683,pred-MVI_63553-lane_1-car-forward-94-683,94,94,683,683,0,0.0
development,tp-MVI_63553-lane_2-car-forward-683-683,tp,matched,MVI_63553,lane_2,car,forward,gt-MVI_63553-lane_2-car-forward-96-683,pred-MVI_63553-lane_2-car-forward-96-683,96,96,683,683,0,0.0
development,tp-MVI_63553-lane_1-car-forward-697-697,tp,matched,MVI_63553,lane_1,car,forward,gt-MVI_63553-lane_1-car-forward-99-697,pred-MVI_63553-lane_1-car-forward-99-697,99,99,697,697,0,0.0
development,tp-MVI_63553-lane_1-car-forward-701-701,tp,matched,MVI_63553,lane_1,car,forward,gt-MVI_63553-lane_1-car-forward-97-701,pred-MVI_63553-lane_1-car-forward-97-701,97,97,701,701,0,0.0
development,tp-MVI_63553-lane_1-car-forward-705-705,tp,matched,MVI_63553,lane_1,car,forward,gt-MVI_63553-lane_1-car-forward-98-705,pred-MVI_63553-lane_1-car-forward-98-705,98,98,705,705,0,0.0
development,tp-MVI_63553-lane_2-car-forward-722-722,tp,matched,MVI_63553,lane_2,car,forward,gt-MVI_63553-lane_2-car-forward-100-722,pred-MVI_63553-lane_2-car-forward-100-722,100,100,722,722,0,0.0
development,tp-MVI_63553-lane_2-car-forward-729-729,tp,matched,MVI_63553,lane_2,car,forward,gt-MVI_63553-lane_2-car-forward-102-729,pred-MVI_63553-lane_2-car-forward-102-729,102,102,729,729,0,0.0
development,tp-MVI_63553-lane_1-truck-forward-731-731,tp,matched,MVI_63553,lane_1,truck,forward,gt-MVI_63553-lane_1-truck-forward-101-731,pred-MVI_63553-lane_1-truck-forward-101-731,101,101,731,731,0,0.0
development,tp-MVI_63553-lane_2-car-forward-732-732,tp,matched,MVI_63553,lane_2,car,forward,gt-MVI_63553-lane_2-car-forward-103-732,pred-MVI_63553-lane_2-car-forward-103-732,103,103,732,732,0,0.0
development,tp-MVI_63553-lane_1-car-forward-733-733,tp,matched,MVI_63553,lane_1,car,forward,gt-MVI_63553-lane_1-car-forward-107-733,pred-MVI_63553-lane_1-car-forward-107-733,107,107,733,733,0,0.0
development,tp-MVI_63553-lane_1-car-forward-737-737,tp,matched,MVI_63553,lane_1,car,forward,gt-MVI_63553-lane_1-car-forward-104-737,pred-MVI_63553-lane_1-car-forward-104-737,104,104,737,737,0,0.0
development,tp-MVI_63553-lane_1-car-forward-754-754,tp,matched,MVI_63553,lane_1,car,forward,gt-MVI_63553-lane_1-car-forward-106-754,pred-MVI_63553-lane_1-car-forward-106-754,106,106,754,754,0,0.0
development,tp-MVI_63553-lane_2-car-forward-762-762,tp,matched,MVI_63553,lane_2,car,forward,gt-MVI_63553-lane_2-car-forward-108-762,pred-MVI_63553-lane_2-car-forward-108-762,108,108,762,762,0,0.0
development,tp-MVI_63553-lane_1-car-forward-779-779,tp,matched,MVI_63553,lane_1,car,forward,gt-MVI_63553-lane_1-car-forward-110-779,pred-MVI_63553-lane_1-car-forward-110-779,110,110,779,779,0,0.0
development,tp-MVI_63553-lane_2-truck-forward-780-780,tp,matched,MVI_63553,lane_2,truck,forward,gt-MVI_63553-lane_2-truck-forward-109-780,pred-MVI_63553-lane_2-truck-forward-109-780,109,109,780,780,0,0.0
development,tp-MVI_63553-lane_2-car-forward-791-791,tp,matched,MVI_63553,lane_2,car,forward,gt-MVI_63553-lane_2-car-forward-111-791,pred-MVI_63553-lane_2-car-forward-111-791,111,111,791,791,0,0.0
development,tp-MVI_63553-lane_2-car-forward-798-798,tp,matched,MVI_63553,lane_2,car,forward,gt-MVI_63553-lane_2-car-forward-113-798,pred-MVI_63553-lane_2-car-forward-113-798,113,113,798,798,0,0.0
development,tp-MVI_63553-lane_1-car-forward-803-803,tp,matched,MVI_63553,lane_1,car,forward,gt-MVI_63553-lane_1-car-forward-112-803,pred-MVI_63553-lane_1-car-forward-112-803,112,112,803,803,0,0.0
development,tp-MVI_63553-lane_2-car-forward-804-804,tp,matched,MVI_63553,lane_2,car,forward,gt-MVI_63553-lane_2-car-forward-115-804,pred-MVI_63553-lane_2-car-forward-115-804,115,115,804,804,0,0.0
development,tp-MVI_63553-lane_1-car-forward-814-814,tp,matched,MVI_63553,lane_1,car,forward,gt-MVI_63553-lane_1-car-forward-116-814,pred-MVI_63553-lane_1-car-forward-116-814,116,116,814,814,0,0.0
development,tp-MVI_63553-lane_2-car-forward-831-831,tp,matched,MVI_63553,lane_2,car,forward,gt-MVI_63553-lane_2-car-forward-117-831,pred-MVI_63553-lane_2-car-forward-117-831,117,117,831,831,0,0.0
development,tp-MVI_63553-lane_2-car-forward-834-834,tp,matched,MVI_63553,lane_2,car,forward,gt-MVI_63553-lane_2-car-forward-118-834,pred-MVI_63553-lane_2-car-forward-118-834,118,118,834,834,0,0.0
development,tp-MVI_63553-lane_2-car-forward-853-853,tp,matched,MVI_63553,lane_2,car,forward,gt-MVI_63553-lane_2-car-forward-119-853,pred-MVI_63553-lane_2-car-forward-119-853,119,119,853,853,0,0.0
development,tp-MVI_63553-lane_2-car-forward-868-868,tp,matched,MVI_63553,lane_2,car,forward,gt-MVI_63553-lane_2-car-forward-120-868,pred-MVI_63553-lane_2-car-forward-120-868,120,120,868,868,0,0.0
development,tp-MVI_63553-lane_2-car-forward-869-869,tp,matched,MVI_63553,lane_2,car,forward,gt-MVI_63553-lane_2-car-forward-121-869,pred-MVI_63553-lane_2-car-forward-121-869,121,121,869,869,0,0.0
development,tp-MVI_63553-lane_1-car-forward-886-886,tp,matched,MVI_63553,lane_1,car,forward,gt-MVI_63553-lane_1-car-forward-122-886,pred-MVI_63553-lane_1-car-forward-122-886,122,122,886,886,0,0.0
development,tp-MVI_63553-lane_2-truck-forward-895-895,tp,matched,MVI_63553,lane_2,truck,forward,gt-MVI_63553-lane_2-truck-forward-123-895,pred-MVI_63553-lane_2-truck-forward-123-895,123,123,895,895,0,0.0
development,tp-MVI_63553-lane_2-truck-forward-901-901,tp,matched,MVI_63553,lane_2,truck,forward,gt-MVI_63553-lane_2-truck-forward-125-901,pred-MVI_63553-lane_2-truck-forward-125-901,125,125,901,901,0,0.0
development,tp-MVI_63553-lane_2-car-forward-924-924,tp,matched,MVI_63553,lane_2,car,forward,gt-MVI_63553-lane_2-car-forward-127-924,pred-MVI_63553-lane_2-car-forward-127-924,127,127,924,924,0,0.0
development,tp-MVI_63553-lane_1-car-forward-942-942,tp,matched,MVI_63553,lane_1,car,forward,gt-MVI_63553-lane_1-car-forward-128-942,pred-MVI_63553-lane_1-car-forward-128-942,128,128,942,942,0,0.0
development,tp-MVI_63553-lane_1-car-forward-960-960,tp,matched,MVI_63553,lane_1,car,forward,gt-MVI_63553-lane_1-car-forward-130-960,pred-MVI_63553-lane_1-car-forward-130-960,130,130,960,960,0,0.0
development,tp-MVI_63553-lane_2-car-forward-994-994,tp,matched,MVI_63553,lane_2,car,forward,gt-MVI_63553-lane_2-car-forward-132-994,pred-MVI_63553-lane_2-car-forward-132-994,132,132,994,994,0,0.0
development,tp-MVI_63553-lane_1-car-forward-1018-1018,tp,matched,MVI_63553,lane_1,car,forward,gt-MVI_63553-lane_1-car-forward-133-1018,pred-MVI_63553-lane_1-car-forward-133-1018,133,133,1018,1018,0,0.0
development,tp-MVI_63553-lane_2-car-forward-1019-1019,tp,matched,MVI_63553,lane_2,car,forward,gt-MVI_63553-lane_2-car-forward-135-1019,pred-MVI_63553-lane_2-car-forward-135-1019,135,135,1019,1019,0,0.0
development,tp-MVI_63553-lane_2-car-forward-1021-1021,tp,matched,MVI_63553,lane_2,car,forward,gt-MVI_63553-lane_2-car-forward-134-1021,pred-MVI_63553-lane_2-car-forward-134-1021,134,134,1021,1021,0,0.0
development,tp-MVI_63553-lane_1-car-forward-1034-1034,tp,matched,MVI_63553,lane_1,car,forward,gt-MVI_63553-lane_1-car-forward-137-1034,pred-MVI_63553-lane_1-car-forward-137-1034,137,137,1034,1034,0,0.0
development,tp-MVI_63553-lane_1-truck-forward-1042-1042,tp,matched,MVI_63553,lane_1,truck,forward,gt-MVI_63553-lane_1-truck-forward-136-1042,pred-MVI_63553-lane_1-truck-forward-136-1042,136,136,1042,1042,0,0.0
development,tp-MVI_63553-lane_2-car-forward-1053-1053,tp,matched,MVI_63553,lane_2,car,forward,gt-MVI_63553-lane_2-car-forward-139-1053,pred-MVI_63553-lane_2-car-forward-139-1053,139,139,1053,1053,0,0.0
development,tp-MVI_63553-lane_2-car-forward-1065-1065,tp,matched,MVI_63553,lane_2,car,forward,gt-MVI_63553-lane_2-car-forward-140-1065,pred-MVI_63553-lane_2-car-forward-140-1065,140,140,1065,1065,0,0.0
development,tp-MVI_63553-lane_1-truck-forward-1069-1069,tp,matched,MVI_63553,lane_1,truck,forward,gt-MVI_63553-lane_1-truck-forward-141-1069,pred-MVI_63553-lane_1-truck-forward-141-1069,141,141,1069,1069,0,0.0
development,tp-MVI_63553-lane_2-truck-forward-1074-1074,tp,matched,MVI_63553,lane_2,truck,forward,gt-MVI_63553-lane_2-truck-forward-144-1074,pred-MVI_63553-lane_2-truck-forward-144-1074,144,144,1074,1074,0,0.0
development,tp-MVI_63553-lane_1-car-forward-1081-1081,tp,matched,MVI_63553,lane_1,car,forward,gt-MVI_63553-lane_1-car-forward-143-1081,pred-MVI_63553-lane_1-car-forward-143-1081,143,143,1081,1081,0,0.0
development,tp-MVI_63553-lane_1-car-forward-1100-1100,tp,matched,MVI_63553,lane_1,car,forward,gt-MVI_63553-lane_1-car-forward-147-1100,pred-MVI_63553-lane_1-car-forward-147-1100,147,147,1100,1100,0,0.0
development,tp-MVI_63553-lane_2-car-forward-1102-1102,tp,matched,MVI_63553,lane_2,car,forward,gt-MVI_63553-lane_2-car-forward-146-1102,pred-MVI_63553-lane_2-car-forward-146-1102,146,146,1102,1102,0,0.0
development,tp-MVI_63553-lane_1-car-forward-1133-1133,tp,matched,MVI_63553,lane_1,car,forward,gt-MVI_63553-lane_1-car-forward-150-1133,pred-MVI_63553-lane_1-car-forward-150-1133,150,150,1133,1133,0,0.0
development,tp-MVI_63553-lane_2-car-forward-1137-1137,tp,matched,MVI_63553,lane_2,car,forward,gt-MVI_63553-lane_2-car-forward-151-1137,pred-MVI_63553-lane_2-car-forward-151-1137,151,151,1137,1137,0,0.0
development,tp-MVI_63553-lane_1-car-forward-1138-1138,tp,matched,MVI_63553,lane_1,car,forward,gt-MVI_63553-lane_1-car-forward-149-1138,pred-MVI_63553-lane_1-car-forward-149-1138,149,149,1138,1138,0,0.0
development,tp-MVI_63553-lane_1-truck-forward-1169-1169,tp,matched,MVI_63553,lane_1,truck,forward,gt-MVI_63553-lane_1-truck-forward-153-1169,pred-MVI_63553-lane_1-truck-forward-153-1169,153,153,1169,1169,0,0.0
development,tp-MVI_63553-lane_2-car-forward-1174-1174,tp,matched,MVI_63553,lane_2,car,forward,gt-MVI_63553-lane_2-car-forward-154-1174,pred-MVI_63553-lane_2-car-forward-154-1174,154,154,1174,1174,0,0.0
development,tp-MVI_63553-lane_1-car-forward-1189-1189,tp,matched,MVI_63553,lane_1,car,forward,gt-MVI_63553-lane_1-car-forward-155-1189,pred-MVI_63553-lane_1-car-forward-155-1189,155,155,1189,1189,0,0.0
development,tp-MVI_63553-lane_2-car-forward-1191-1191,tp,matched,MVI_63553,lane_2,car,forward,gt-MVI_63553-lane_2-car-forward-156-1191,pred-MVI_63553-lane_2-car-forward-156-1191,156,156,1191,1191,0,0.0
development,tp-MVI_63553-lane_1-car-forward-1196-1196,tp,matched,MVI_63553,lane_1,car,forward,gt-MVI_63553-lane_1-car-forward-161-1196,pred-MVI_63553-lane_1-car-forward-161-1196,161,161,1196,1196,0,0.0
development,tp-MVI_63553-lane_2-car-forward-1203-1203,tp,matched,MVI_63553,lane_2,car,forward,gt-MVI_63553-lane_2-car-forward-160-1203,pred-MVI_63553-lane_2-car-forward-160-1203,160,160,1203,1203,0,0.0
development,tp-MVI_63553-lane_2-truck-forward-1204-1204,tp,matched,MVI_63553,lane_2,truck,forward,gt-MVI_63553-lane_2-truck-forward-159-1204,pred-MVI_63553-lane_2-truck-forward-159-1204,159,159,1204,1204,0,0.0
development,tp-MVI_63553-lane_1-car-forward-1207-1207,tp,matched,MVI_63553,lane_1,car,forward,gt-MVI_63553-lane_1-car-forward-158-1207,pred-MVI_63553-lane_1-car-forward-158-1207,158,158,1207,1207,0,0.0
development,tp-MVI_63553-lane_2-car-forward-1211-1211,tp,matched,MVI_63553,lane_2,car,forward,gt-MVI_63553-lane_2-car-forward-157-1211,pred-MVI_63553-lane_2-car-forward-157-1211,157,157,1211,1211,0,0.0
development,tp-MVI_63553-lane_1-car-forward-1214-1214,tp,matched,MVI_63553,lane_1,car,forward,gt-MVI_63553-lane_1-car-forward-163-1214,pred-MVI_63553-lane_1-car-forward-163-1214,163,163,1214,1214,0,0.0
development,tp-MVI_63553-lane_1-car-forward-1227-1227,tp,matched,MVI_63553,lane_1,car,forward,gt-MVI_63553-lane_1-car-forward-164-1227,pred-MVI_63553-lane_1-car-forward-164-1227,164,164,1227,1227,0,0.0
development,tp-MVI_63553-lane_1-car-forward-1233-1233,tp,matched,MVI_63553,lane_1,car,forward,gt-MVI_63553-lane_1-car-forward-167-1233,pred-MVI_63553-lane_1-car-forward-167-1233,167,167,1233,1233,0,0.0
development,tp-MVI_63553-lane_2-car-forward-1240-1240,tp,matched,MVI_63553,lane_2,car,forward,gt-MVI_63553-lane_2-car-forward-165-1240,pred-MVI_63553-lane_2-car-forward-165-1240,165,165,1240,1240,0,0.0
development,tp-MVI_63553-lane_1-car-forward-1256-1256,tp,matched,MVI_63553,lane_1,car,forward,gt-MVI_63553-lane_1-car-forward-169-1256,pred-MVI_63553-lane_1-car-forward-169-1256,169,169,1256,1256,0,0.0
development,tp-MVI_63553-lane_2-car-forward-1257-1257,tp,matched,MVI_63553,lane_2,car,forward,gt-MVI_63553-lane_2-car-forward-166-1257,pred-MVI_63553-lane_2-car-forward-166-1257,166,166,1257,1257,0,0.0
development,tp-MVI_63553-lane_2-car-forward-1260-1260,tp,matched,MVI_63553,lane_2,car,forward,gt-MVI_63553-lane_2-car-forward-168-1260,pred-MVI_63553-lane_2-car-forward-168-1260,168,168,1260,1260,0,0.0
development,tp-MVI_63553-lane_2-car-forward-1278-1278,tp,matched,MVI_63553,lane_2,car,forward,gt-MVI_63553-lane_2-car-forward-170-1278,pred-MVI_63553-lane_2-car-forward-170-1278,170,170,1278,1278,0,0.0
development,tp-MVI_63553-lane_2-truck-forward-1279-1279,tp,matched,MVI_63553,lane_2,truck,forward,gt-MVI_63553-lane_2-truck-forward-171-1279,pred-MVI_63553-lane_2-truck-forward-171-1279,171,171,1279,1279,0,0.0
development,tp-MVI_63553-lane_1-car-forward-1283-1283,tp,matched,MVI_63553,lane_1,car,forward,gt-MVI_63553-lane_1-car-forward-176-1283,pred-MVI_63553-lane_1-car-forward-176-1283,176,176,1283,1283,0,0.0
development,tp-MVI_63553-lane_2-car-forward-1283-1283,tp,matched,MVI_63553,lane_2,car,forward,gt-MVI_63553-lane_2-car-forward-172-1283,pred-MVI_63553-lane_2-car-forward-172-1283,172,172,1283,1283,0,0.0
development,tp-MVI_63553-lane_2-car-forward-1287-1287,tp,matched,MVI_63553,lane_2,car,forward,gt-MVI_63553-lane_2-car-forward-173-1287,pred-MVI_63553-lane_2-car-forward-173-1287,173,173,1287,1287,0,0.0
development,tp-MVI_63553-lane_1-bus-forward-1301-1301,tp,matched,MVI_63553,lane_1,bus,forward,gt-MVI_63553-lane_1-bus-forward-175-1301,pred-MVI_63553-lane_1-bus-forward-175-1301,175,175,1301,1301,0,0.0
development,tp-MVI_63553-lane_2-car-forward-1303-1303,tp,matched,MVI_63553,lane_2,car,forward,gt-MVI_63553-lane_2-car-forward-174-1303,pred-MVI_63553-lane_2-car-forward-174-1303,174,174,1303,1303,0,0.0
development,tp-MVI_63553-lane_2-car-forward-1325-1325,tp,matched,MVI_63553,lane_2,car,forward,gt-MVI_63553-lane_2-car-forward-190-1325,pred-MVI_63553-lane_2-car-forward-190-1325,190,190,1325,1325,0,0.0
development,tp-MVI_63553-lane_2-car-forward-1348-1348,tp,matched,MVI_63553,lane_2,car,forward,gt-MVI_63553-lane_2-car-forward-178-1348,pred-MVI_63553-lane_2-car-forward-178-1348,178,178,1348,1348,0,0.0
development,tp-MVI_63553-lane_2-car-forward-1357-1357,tp,matched,MVI_63553,lane_2,car,forward,gt-MVI_63553-lane_2-car-forward-180-1357,pred-MVI_63553-lane_2-car-forward-180-1357,180,180,1357,1357,0,0.0
development,tp-MVI_63553-lane_1-car-forward-1362-1362,tp,matched,MVI_63553,lane_1,car,forward,gt-MVI_63553-lane_1-car-forward-179-1362,pred-MVI_63553-lane_1-car-forward-179-1362,179,179,1362,1362,0,0.0
development,tp-MVI_63553-lane_2-car-forward-1363-1363,tp,matched,MVI_63553,lane_2,car,forward,gt-MVI_63553-lane_2-car-forward-182-1363,pred-MVI_63553-lane_2-car-forward-182-1363,182,182,1363,1363,0,0.0
development,tp-MVI_63553-lane_2-car-forward-1374-1374,tp,matched,MVI_63553,lane_2,car,forward,gt-MVI_63553-lane_2-car-forward-183-1374,pred-MVI_63553-lane_2-car-forward-183-1374,183,183,1374,1374,0,0.0
development,tp-MVI_63553-lane_1-car-forward-1389-1389,tp,matched,MVI_63553,lane_1,car,forward,gt-MVI_63553-lane_1-car-forward-184-1389,pred-MVI_63553-lane_1-car-forward-184-1389,184,184,1389,1389,0,0.0
development,tp-MVI_63553-lane_2-car-forward-1394-1394,tp,matched,MVI_63553,lane_2,car,forward,gt-MVI_63553-lane_2-car-forward-185-1394,pred-MVI_63553-lane_2-car-forward-185-1394,185,185,1394,1394,0,0.0
held_out_test,tp-MVI_39401-lane_1-car-forward-5-5,tp,matched,MVI_39401,lane_1,car,forward,gt-MVI_39401-lane_1-car-forward-5-5,pred-MVI_39401-lane_1-car-forward-5-5,5,5,5,5,0,0.0
held_out_test,tp-MVI_39401-lane_2-car-forward-19-19,tp,matched,MVI_39401,lane_2,car,forward,gt-MVI_39401-lane_2-car-forward-2-19,pred-MVI_39401-lane_2-car-forward-2-19,2,2,19,19,0,0.0
held_out_test,tp-MVI_39401-lane_1-car-forward-20-20,tp,matched,MVI_39401,lane_1,car,forward,gt-MVI_39401-lane_1-car-forward-9-20,pred-MVI_39401-lane_1-car-forward-9-20,9,9,20,20,0,0.0
held_out_test,tp-MVI_39401-lane_3-car-forward-27-27,tp,matched,MVI_39401,lane_3,car,forward,gt-MVI_39401-lane_3-car-forward-12-27,pred-MVI_39401-lane_3-car-forward-12-27,12,12,27,27,0,0.0
held_out_test,tp-MVI_39401-lane_1-car-forward-32-32,tp,matched,MVI_39401,lane_1,car,forward,gt-MVI_39401-lane_1-car-forward-8-32,pred-MVI_39401-lane_1-car-forward-8-32,8,8,32,32,0,0.0
held_out_test,tp-MVI_39401-lane_1-car-forward-60-60,tp,matched,MVI_39401,lane_1,car,forward,gt-MVI_39401-lane_1-car-forward-6-60,pred-MVI_39401-lane_1-car-forward-6-60,6,6,60,60,0,0.0
held_out_test,tp-MVI_39401-lane_3-car-forward-61-61,tp,matched,MVI_39401,lane_3,car,forward,gt-MVI_39401-lane_3-car-forward-13-61,pred-MVI_39401-lane_3-car-forward-13-61,13,13,61,61,0,0.0
held_out_test,tp-MVI_39401-lane_2-car-forward-68-68,tp,matched,MVI_39401,lane_2,car,forward,gt-MVI_39401-lane_2-car-forward-3-68,pred-MVI_39401-lane_2-car-forward-3-68,3,3,68,68,0,0.0
held_out_test,tp-MVI_39401-lane_3-bus-forward-71-71,tp,matched,MVI_39401,lane_3,bus,forward,gt-MVI_39401-lane_3-bus-forward-125-71,pred-MVI_39401-lane_3-bus-forward-125-71,125,125,71,71,0,0.0
held_out_test,tp-MVI_39401-lane_1-car-forward-75-75,tp,matched,MVI_39401,lane_1,car,forward,gt-MVI_39401-lane_1-car-forward-7-75,pred-MVI_39401-lane_1-car-forward-7-75,7,7,75,75,0,0.0
held_out_test,tp-MVI_39401-lane_3-car-forward-96-96,tp,matched,MVI_39401,lane_3,car,forward,gt-MVI_39401-lane_3-car-forward-18-96,pred-MVI_39401-lane_3-car-forward-18-96,18,18,96,96,0,0.0
held_out_test,tp-MVI_39401-lane_1-car-forward-97-97,tp,matched,MVI_39401,lane_1,car,forward,gt-MVI_39401-lane_1-car-forward-15-97,pred-MVI_39401-lane_1-car-forward-15-97,15,15,97,97,0,0.0
held_out_test,tp-MVI_39401-lane_3-car-forward-107-107,tp,matched,MVI_39401,lane_3,car,forward,gt-MVI_39401-lane_3-car-forward-19-107,pred-MVI_39401-lane_3-car-forward-19-107,19,19,107,107,0,0.0
held_out_test,tp-MVI_39401-lane_1-car-forward-108-108,tp,matched,MVI_39401,lane_1,car,forward,gt-MVI_39401-lane_1-car-forward-16-108,pred-MVI_39401-lane_1-car-forward-16-108,16,16,108,108,0,0.0
held_out_test,tp-MVI_39401-lane_2-truck-forward-112-112,tp,matched,MVI_39401,lane_2,truck,forward,gt-MVI_39401-lane_2-truck-forward-14-112,pred-MVI_39401-lane_2-truck-forward-14-112,14,14,112,112,0,0.0
held_out_test,tp-MVI_39401-lane_1-car-forward-136-136,tp,matched,MVI_39401,lane_1,car,forward,gt-MVI_39401-lane_1-car-forward-20-136,pred-MVI_39401-lane_1-car-forward-20-136,20,20,136,136,0,0.0
held_out_test,tp-MVI_39401-lane_1-car-forward-150-150,tp,matched,MVI_39401,lane_1,car,forward,gt-MVI_39401-lane_1-car-forward-21-150,pred-MVI_39401-lane_1-car-forward-21-150,21,21,150,150,0,0.0
held_out_test,tp-MVI_39401-lane_2-car-forward-152-152,tp,matched,MVI_39401,lane_2,car,forward,gt-MVI_39401-lane_2-car-forward-22-152,pred-MVI_39401-lane_2-car-forward-22-152,22,22,152,152,0,0.0
held_out_test,tp-MVI_39401-lane_3-car-forward-156-156,tp,matched,MVI_39401,lane_3,car,forward,gt-MVI_39401-lane_3-car-forward-25-156,pred-MVI_39401-lane_3-car-forward-25-156,25,25,156,156,0,0.0
held_out_test,tp-MVI_39401-lane_1-car-forward-192-192,tp,matched,MVI_39401,lane_1,car,forward,gt-MVI_39401-lane_1-car-forward-23-192,pred-MVI_39401-lane_1-car-forward-23-192,23,23,192,192,0,0.0
held_out_test,tp-MVI_39401-lane_1-car-forward-201-201,tp,matched,MVI_39401,lane_1,car,forward,gt-MVI_39401-lane_1-car-forward-24-201,pred-MVI_39401-lane_1-car-forward-24-201,24,24,201,201,0,0.0
held_out_test,tp-MVI_39401-lane_3-car-forward-202-202,tp,matched,MVI_39401,lane_3,car,forward,gt-MVI_39401-lane_3-car-forward-30-202,pred-MVI_39401-lane_3-car-forward-30-202,30,30,202,202,0,0.0
held_out_test,tp-MVI_39401-lane_2-car-forward-205-205,tp,matched,MVI_39401,lane_2,car,forward,gt-MVI_39401-lane_2-car-forward-17-205,pred-MVI_39401-lane_2-car-forward-17-205,17,17,205,205,0,0.0
held_out_test,tp-MVI_39401-lane_3-car-forward-215-215,tp,matched,MVI_39401,lane_3,car,forward,gt-MVI_39401-lane_3-car-forward-31-215,pred-MVI_39401-lane_3-car-forward-31-215,31,31,215,215,0,0.0
held_out_test,tp-MVI_39401-lane_1-car-forward-227-227,tp,matched,MVI_39401,lane_1,car,forward,gt-MVI_39401-lane_1-car-forward-27-227,pred-MVI_39401-lane_1-car-forward-27-227,27,27,227,227,0,0.0
held_out_test,tp-MVI_39401-lane_3-car-forward-227-227,tp,matched,MVI_39401,lane_3,car,forward,gt-MVI_39401-lane_3-car-forward-34-227,pred-MVI_39401-lane_3-car-forward-34-227,34,34,227,227,0,0.0
held_out_test,tp-MVI_39401-lane_3-car-forward-249-249,tp,matched,MVI_39401,lane_3,car,forward,gt-MVI_39401-lane_3-car-forward-38-249,pred-MVI_39401-lane_3-car-forward-38-249,38,38,249,249,0,0.0
held_out_test,tp-MVI_39401-lane_1-car-forward-252-252,tp,matched,MVI_39401,lane_1,car,forward,gt-MVI_39401-lane_1-car-forward-29-252,pred-MVI_39401-lane_1-car-forward-29-252,29,29,252,252,0,0.0
held_out_test,tp-MVI_39401-lane_1-car-forward-256-256,tp,matched,MVI_39401,lane_1,car,forward,gt-MVI_39401-lane_1-car-forward-32-256,pred-MVI_39401-lane_1-car-forward-32-256,32,32,256,256,0,0.0
held_out_test,tp-MVI_39401-lane_2-car-forward-260-260,tp,matched,MVI_39401,lane_2,car,forward,gt-MVI_39401-lane_2-car-forward-28-260,pred-MVI_39401-lane_2-car-forward-28-260,28,28,260,260,0,0.0
held_out_test,tp-MVI_39401-lane_3-truck-forward-277-277,tp,matched,MVI_39401,lane_3,truck,forward,gt-MVI_39401-lane_3-truck-forward-40-277,pred-MVI_39401-lane_3-truck-forward-40-277,40,40,277,277,0,0.0
held_out_test,tp-MVI_39401-lane_1-car-forward-281-281,tp,matched,MVI_39401,lane_1,car,forward,gt-MVI_39401-lane_1-car-forward-33-281,pred-MVI_39401-lane_1-car-forward-33-281,33,33,281,281,0,0.0
held_out_test,tp-MVI_39401-lane_1-car-forward-285-285,tp,matched,MVI_39401,lane_1,car,forward,gt-MVI_39401-lane_1-car-forward-35-285,pred-MVI_39401-lane_1-car-forward-35-285,35,35,285,285,0,0.0
held_out_test,tp-MVI_39401-lane_1-car-forward-299-299,tp,matched,MVI_39401,lane_1,car,forward,gt-MVI_39401-lane_1-car-forward-36-299,pred-MVI_39401-lane_1-car-forward-36-299,36,36,299,299,0,0.0
held_out_test,tp-MVI_39401-lane_1-car-forward-312-312,tp,matched,MVI_39401,lane_1,car,forward,gt-MVI_39401-lane_1-car-forward-37-312,pred-MVI_39401-lane_1-car-forward-37-312,37,37,312,312,0,0.0
held_out_test,tp-MVI_39401-lane_3-bus-forward-320-320,tp,matched,MVI_39401,lane_3,bus,forward,gt-MVI_39401-lane_3-bus-forward-126-320,pred-MVI_39401-lane_3-bus-forward-126-320,126,126,320,320,0,0.0
held_out_test,tp-MVI_39401-lane_3-car-forward-333-333,tp,matched,MVI_39401,lane_3,car,forward,gt-MVI_39401-lane_3-car-forward-44-333,pred-MVI_39401-lane_3-car-forward-44-333,44,44,333,333,0,0.0
held_out_test,tp-MVI_39401-lane_1-car-forward-344-344,tp,matched,MVI_39401,lane_1,car,forward,gt-MVI_39401-lane_1-car-forward-41-344,pred-MVI_39401-lane_1-car-forward-41-344,41,41,344,344,0,0.0
held_out_test,tp-MVI_39401-lane_1-car-forward-354-354,tp,matched,MVI_39401,lane_1,car,forward,gt-MVI_39401-lane_1-car-forward-42-354,pred-MVI_39401-lane_1-car-forward-42-354,42,42,354,354,0,0.0
held_out_test,tp-MVI_39401-lane_1-car-forward-369-369,tp,matched,MVI_39401,lane_1,car,forward,gt-MVI_39401-lane_1-car-forward-39-369,pred-MVI_39401-lane_1-car-forward-39-369,39,39,369,369,0,0.0
held_out_test,tp-MVI_39401-lane_3-car-forward-370-370,tp,matched,MVI_39401,lane_3,car,forward,gt-MVI_39401-lane_3-car-forward-49-370,pred-MVI_39401-lane_3-car-forward-49-370,49,49,370,370,0,0.0
held_out_test,tp-MVI_39401-lane_1-car-forward-379-379,tp,matched,MVI_39401,lane_1,car,forward,gt-MVI_39401-lane_1-car-forward-46-379,pred-MVI_39401-lane_1-car-forward-46-379,46,46,379,379,0,0.0
held_out_test,tp-MVI_39401-lane_1-car-forward-403-403,tp,matched,MVI_39401,lane_1,car,forward,gt-MVI_39401-lane_1-car-forward-45-403,pred-MVI_39401-lane_1-car-forward-45-403,45,45,403,403,0,0.0
held_out_test,tp-MVI_39401-lane_1-car-forward-407-407,tp,matched,MVI_39401,lane_1,car,forward,gt-MVI_39401-lane_1-car-forward-50-407,pred-MVI_39401-lane_1-car-forward-50-407,50,50,407,407,0,0.0
held_out_test,tp-MVI_39401-lane_3-bus-forward-412-412,tp,matched,MVI_39401,lane_3,bus,forward,gt-MVI_39401-lane_3-bus-forward-127-412,pred-MVI_39401-lane_3-bus-forward-127-412,127,127,412,412,0,0.0
held_out_test,tp-MVI_39401-lane_3-car-forward-414-414,tp,matched,MVI_39401,lane_3,car,forward,gt-MVI_39401-lane_3-car-forward-55-414,pred-MVI_39401-lane_3-car-forward-55-414,55,55,414,414,0,0.0
held_out_test,tp-MVI_39401-lane_3-car-forward-421-421,tp,matched,MVI_39401,lane_3,car,forward,gt-MVI_39401-lane_3-car-forward-54-421,pred-MVI_39401-lane_3-car-forward-54-421,54,54,421,421,0,0.0
held_out_test,tp-MVI_39401-lane_1-car-forward-433-433,tp,matched,MVI_39401,lane_1,car,forward,gt-MVI_39401-lane_1-car-forward-51-433,pred-MVI_39401-lane_1-car-forward-51-433,51,51,433,433,0,0.0
held_out_test,tp-MVI_39401-lane_1-car-forward-438-438,tp,matched,MVI_39401,lane_1,car,forward,gt-MVI_39401-lane_1-car-forward-48-438,pred-MVI_39401-lane_1-car-forward-48-438,48,48,438,438,0,0.0
held_out_test,tp-MVI_39401-lane_1-car-forward-442-442,tp,matched,MVI_39401,lane_1,car,forward,gt-MVI_39401-lane_1-car-forward-53-442,pred-MVI_39401-lane_1-car-forward-53-442,53,53,442,442,0,0.0
held_out_test,tp-MVI_39401-lane_2-car-forward-450-450,tp,matched,MVI_39401,lane_2,car,forward,gt-MVI_39401-lane_2-car-forward-57-450,pred-MVI_39401-lane_2-car-forward-57-450,57,57,450,450,0,0.0
held_out_test,tp-MVI_39401-lane_3-car-forward-465-465,tp,matched,MVI_39401,lane_3,car,forward,gt-MVI_39401-lane_3-car-forward-58-465,pred-MVI_39401-lane_3-car-forward-58-465,58,58,465,465,0,0.0
held_out_test,tp-MVI_39401-lane_1-car-forward-473-473,tp,matched,MVI_39401,lane_1,car,forward,gt-MVI_39401-lane_1-car-forward-56-473,pred-MVI_39401-lane_1-car-forward-56-473,56,56,473,473,0,0.0
held_out_test,tp-MVI_39401-lane_1-car-forward-488-488,tp,matched,MVI_39401,lane_1,car,forward,gt-MVI_39401-lane_1-car-forward-52-488,pred-MVI_39401-lane_1-car-forward-52-488,52,52,488,488,0,0.0
held_out_test,tp-MVI_39401-lane_1-car-forward-488-488,tp,matched,MVI_39401,lane_1,car,forward,gt-MVI_39401-lane_1-car-forward-59-488,pred-MVI_39401-lane_1-car-forward-59-488,59,59,488,488,0,0.0
held_out_test,tp-MVI_39401-lane_2-car-forward-504-504,tp,matched,MVI_39401,lane_2,car,forward,gt-MVI_39401-lane_2-car-forward-47-504,pred-MVI_39401-lane_2-car-forward-47-504,47,47,504,504,0,0.0
held_out_test,tp-MVI_39401-lane_3-bus-forward-535-535,tp,matched,MVI_39401,lane_3,bus,forward,gt-MVI_39401-lane_3-bus-forward-128-535,pred-MVI_39401-lane_3-bus-forward-128-535,128,128,535,535,0,0.0
held_out_test,tp-MVI_39401-lane_1-bus-forward-537-537,tp,matched,MVI_39401,lane_1,bus,forward,gt-MVI_39401-lane_1-bus-forward-60-537,pred-MVI_39401-lane_1-bus-forward-60-537,60,60,537,537,0,0.0
held_out_test,tp-MVI_39401-lane_1-car-forward-543-543,tp,matched,MVI_39401,lane_1,car,forward,gt-MVI_39401-lane_1-car-forward-62-543,pred-MVI_39401-lane_1-car-forward-62-543,62,62,543,543,0,0.0
held_out_test,tp-MVI_39401-lane_2-car-forward-554-554,tp,matched,MVI_39401,lane_2,car,forward,gt-MVI_39401-lane_2-car-forward-65-554,pred-MVI_39401-lane_2-car-forward-65-554,65,65,554,554,0,0.0
held_out_test,tp-MVI_39401-lane_3-car-forward-563-563,tp,matched,MVI_39401,lane_3,car,forward,gt-MVI_39401-lane_3-car-forward-63-563,pred-MVI_39401-lane_3-car-forward-63-563,63,63,563,563,0,0.0
held_out_test,tp-MVI_39401-lane_1-car-forward-592-592,tp,matched,MVI_39401,lane_1,car,forward,gt-MVI_39401-lane_1-car-forward-71-592,pred-MVI_39401-lane_1-car-forward-71-592,71,71,592,592,0,0.0
held_out_test,tp-MVI_39401-lane_3-car-forward-606-606,tp,matched,MVI_39401,lane_3,car,forward,gt-MVI_39401-lane_3-car-forward-68-606,pred-MVI_39401-lane_3-car-forward-68-606,68,68,606,606,0,0.0
held_out_test,tp-MVI_39401-lane_1-car-forward-619-619,tp,matched,MVI_39401,lane_1,car,forward,gt-MVI_39401-lane_1-car-forward-66-619,pred-MVI_39401-lane_1-car-forward-66-619,66,66,619,619,0,0.0
held_out_test,tp-MVI_39401-lane_1-car-forward-642-642,tp,matched,MVI_39401,lane_1,car,forward,gt-MVI_39401-lane_1-car-forward-70-642,pred-MVI_39401-lane_1-car-forward-70-642,70,70,642,642,0,0.0
held_out_test,tp-MVI_39401-lane_3-car-forward-651-651,tp,matched,MVI_39401,lane_3,car,forward,gt-MVI_39401-lane_3-car-forward-72-651,pred-MVI_39401-lane_3-car-forward-72-651,72,72,651,651,0,0.0
held_out_test,tp-MVI_39401-lane_1-bus-forward-687-687,tp,matched,MVI_39401,lane_1,bus,forward,gt-MVI_39401-lane_1-bus-forward-67-687,pred-MVI_39401-lane_1-bus-forward-67-687,67,67,687,687,0,0.0
held_out_test,tp-MVI_39401-lane_3-car-forward-688-688,tp,matched,MVI_39401,lane_3,car,forward,gt-MVI_39401-lane_3-car-forward-74-688,pred-MVI_39401-lane_3-car-forward-74-688,74,74,688,688,0,0.0
held_out_test,tp-MVI_39401-lane_3-car-forward-707-707,tp,matched,MVI_39401,lane_3,car,forward,gt-MVI_39401-lane_3-car-forward-77-707,pred-MVI_39401-lane_3-car-forward-77-707,77,77,707,707,0,0.0
held_out_test,tp-MVI_39401-lane_2-car-forward-728-728,tp,matched,MVI_39401,lane_2,car,forward,gt-MVI_39401-lane_2-car-forward-75-728,pred-MVI_39401-lane_2-car-forward-75-728,75,75,728,728,0,0.0
held_out_test,tp-MVI_39401-lane_3-car-forward-770-770,tp,matched,MVI_39401,lane_3,car,forward,gt-MVI_39401-lane_3-car-forward-80-770,pred-MVI_39401-lane_3-car-forward-80-770,80,80,770,770,0,0.0
held_out_test,tp-MVI_39401-lane_2-car-forward-788-788,tp,matched,MVI_39401,lane_2,car,forward,gt-MVI_39401-lane_2-car-forward-85-788,pred-MVI_39401-lane_2-car-forward-85-788,85,85,788,788,0,0.0
held_out_test,tp-MVI_39401-lane_1-bus-forward-791-791,tp,matched,MVI_39401,lane_1,bus,forward,gt-MVI_39401-lane_1-bus-forward-81-791,pred-MVI_39401-lane_1-bus-forward-81-791,81,81,791,791,0,0.0
held_out_test,tp-MVI_39401-lane_1-bus-forward-802-802,tp,matched,MVI_39401,lane_1,bus,forward,gt-MVI_39401-lane_1-bus-forward-78-802,pred-MVI_39401-lane_1-bus-forward-78-802,78,78,802,802,0,0.0
held_out_test,tp-MVI_39401-lane_1-car-forward-840-840,tp,matched,MVI_39401,lane_1,car,forward,gt-MVI_39401-lane_1-car-forward-91-840,pred-MVI_39401-lane_1-car-forward-91-840,91,91,840,840,0,0.0
held_out_test,tp-MVI_39401-lane_2-car-forward-849-849,tp,matched,MVI_39401,lane_2,car,forward,gt-MVI_39401-lane_2-car-forward-76-849,pred-MVI_39401-lane_2-car-forward-76-849,76,76,849,849,0,0.0
held_out_test,tp-MVI_39401-lane_1-car-forward-862-862,tp,matched,MVI_39401,lane_1,car,forward,gt-MVI_39401-lane_1-car-forward-86-862,pred-MVI_39401-lane_1-car-forward-86-862,86,86,862,862,0,0.0
held_out_test,tp-MVI_39401-lane_1-car-forward-862-862,tp,matched,MVI_39401,lane_1,car,forward,gt-MVI_39401-lane_1-car-forward-87-862,pred-MVI_39401-lane_1-car-forward-87-862,87,87,862,862,0,0.0
held_out_test,tp-MVI_39401-lane_1-car-forward-881-881,tp,matched,MVI_39401,lane_1,car,forward,gt-MVI_39401-lane_1-car-forward-84-881,pred-MVI_39401-lane_1-car-forward-84-881,84,84,881,881,0,0.0
held_out_test,tp-MVI_39401-lane_1-car-forward-898-898,tp,matched,MVI_39401,lane_1,car,forward,gt-MVI_39401-lane_1-car-forward-89-898,pred-MVI_39401-lane_1-car-forward-89-898,89,89,898,898,0,0.0
held_out_test,tp-MVI_39401-lane_2-car-forward-908-908,tp,matched,MVI_39401,lane_2,car,forward,gt-MVI_39401-lane_2-car-forward-82-908,pred-MVI_39401-lane_2-car-forward-82-908,82,82,908,908,0,0.0
held_out_test,tp-MVI_39401-lane_3-car-forward-927-927,tp,matched,MVI_39401,lane_3,car,forward,gt-MVI_39401-lane_3-car-forward-95-927,pred-MVI_39401-lane_3-car-forward-95-927,95,95,927,927,0,0.0
held_out_test,tp-MVI_39401-lane_1-car-forward-930-930,tp,matched,MVI_39401,lane_1,car,forward,gt-MVI_39401-lane_1-car-forward-90-930,pred-MVI_39401-lane_1-car-forward-90-930,90,90,930,930,0,0.0
held_out_test,tp-MVI_39401-lane_3-bus-forward-955-955,tp,matched,MVI_39401,lane_3,bus,forward,gt-MVI_39401-lane_3-bus-forward-129-955,pred-MVI_39401-lane_3-bus-forward-129-955,129,129,955,955,0,0.0
held_out_test,tp-MVI_39401-lane_1-bus-forward-961-961,tp,matched,MVI_39401,lane_1,bus,forward,gt-MVI_39401-lane_1-bus-forward-93-961,pred-MVI_39401-lane_1-bus-forward-93-961,93,93,961,961,0,0.0
held_out_test,tp-MVI_39401-lane_1-car-forward-984-984,tp,matched,MVI_39401,lane_1,car,forward,gt-MVI_39401-lane_1-car-forward-92-984,pred-MVI_39401-lane_1-car-forward-92-984,92,92,984,984,0,0.0
held_out_test,tp-MVI_39401-lane_1-car-forward-1012-1012,tp,matched,MVI_39401,lane_1,car,forward,gt-MVI_39401-lane_1-car-forward-100-1012,pred-MVI_39401-lane_1-car-forward-100-1012,100,100,1012,1012,0,0.0
held_out_test,tp-MVI_39401-lane_1-truck-forward-1015-1015,tp,matched,MVI_39401,lane_1,truck,forward,gt-MVI_39401-lane_1-truck-forward-94-1015,pred-MVI_39401-lane_1-truck-forward-94-1015,94,94,1015,1015,0,0.0
held_out_test,tp-MVI_39401-lane_1-car-forward-1041-1041,tp,matched,MVI_39401,lane_1,car,forward,gt-MVI_39401-lane_1-car-forward-97-1041,pred-MVI_39401-lane_1-car-forward-97-1041,97,97,1041,1041,0,0.0
held_out_test,tp-MVI_39401-lane_1-car-forward-1049-1049,tp,matched,MVI_39401,lane_1,car,forward,gt-MVI_39401-lane_1-car-forward-98-1049,pred-MVI_39401-lane_1-car-forward-98-1049,98,98,1049,1049,0,0.0
held_out_test,tp-MVI_39401-lane_1-car-forward-1077-1077,tp,matched,MVI_39401,lane_1,car,forward,gt-MVI_39401-lane_1-car-forward-99-1077,pred-MVI_39401-lane_1-car-forward-99-1077,99,99,1077,1077,0,0.0
held_out_test,tp-MVI_39401-lane_1-car-forward-1090-1090,tp,matched,MVI_39401,lane_1,car,forward,gt-MVI_39401-lane_1-car-forward-101-1090,pred-MVI_39401-lane_1-car-forward-101-1090,101,101,1090,1090,0,0.0
held_out_test,tp-MVI_39401-lane_1-car-forward-1111-1111,tp,matched,MVI_39401,lane_1,car,forward,gt-MVI_39401-lane_1-car-forward-102-1111,pred-MVI_39401-lane_1-car-forward-102-1111,102,102,1111,1111,0,0.0
held_out_test,tp-MVI_39401-lane_1-car-forward-1116-1116,tp,matched,MVI_39401,lane_1,car,forward,gt-MVI_39401-lane_1-car-forward-103-1116,pred-MVI_39401-lane_1-car-forward-103-1116,103,103,1116,1116,0,0.0
held_out_test,tp-MVI_39401-lane_3-car-forward-1134-1134,tp,matched,MVI_39401,lane_3,car,forward,gt-MVI_39401-lane_3-car-forward-107-1134,pred-MVI_39401-lane_3-car-forward-107-1134,107,107,1134,1134,0,0.0
held_out_test,tp-MVI_39401-lane_1-car-forward-1142-1142,tp,matched,MVI_39401,lane_1,car,forward,gt-MVI_39401-lane_1-car-forward-104-1142,pred-MVI_39401-lane_1-car-forward-104-1142,104,104,1142,1142,0,0.0
held_out_test,tp-MVI_39401-lane_1-car-forward-1176-1176,tp,matched,MVI_39401,lane_1,car,forward,gt-MVI_39401-lane_1-car-forward-106-1176,pred-MVI_39401-lane_1-car-forward-106-1176,106,106,1176,1176,0,0.0
held_out_test,tp-MVI_39401-lane_1-car-forward-1200-1200,tp,matched,MVI_39401,lane_1,car,forward,gt-MVI_39401-lane_1-car-forward-108-1200,pred-MVI_39401-lane_1-car-forward-108-1200,108,108,1200,1200,0,0.0
held_out_test,tp-MVI_39401-lane_3-car-forward-1215-1215,tp,matched,MVI_39401,lane_3,car,forward,gt-MVI_39401-lane_3-car-forward-112-1215,pred-MVI_39401-lane_3-car-forward-112-1215,112,112,1215,1215,0,0.0
held_out_test,tp-MVI_39401-lane_1-car-forward-1220-1220,tp,matched,MVI_39401,lane_1,car,forward,gt-MVI_39401-lane_1-car-forward-109-1220,pred-MVI_39401-lane_1-car-forward-109-1220,109,109,1220,1220,0,0.0
held_out_test,tp-MVI_39401-lane_1-bus-forward-1227-1227,tp,matched,MVI_39401,lane_1,bus,forward,gt-MVI_39401-lane_1-bus-forward-111-1227,pred-MVI_39401-lane_1-bus-forward-111-1227,111,111,1227,1227,0,0.0
held_out_test,tp-MVI_39401-lane_1-car-forward-1236-1236,tp,matched,MVI_39401,lane_1,car,forward,gt-MVI_39401-lane_1-car-forward-110-1236,pred-MVI_39401-lane_1-car-forward-110-1236,110,110,1236,1236,0,0.0
held_out_test,tp-MVI_39401-lane_3-car-forward-1275-1275,tp,matched,MVI_39401,lane_3,car,forward,gt-MVI_39401-lane_3-car-forward-117-1275,pred-MVI_39401-lane_3-car-forward-117-1275,117,117,1275,1275,0,0.0
held_out_test,tp-MVI_39401-lane_1-car-forward-1292-1292,tp,matched,MVI_39401,lane_1,car,forward,gt-MVI_39401-lane_1-car-forward-114-1292,pred-MVI_39401-lane_1-car-forward-114-1292,114,114,1292,1292,0,0.0
held_out_test,tp-MVI_39401-lane_3-car-forward-1310-1310,tp,matched,MVI_39401,lane_3,car,forward,gt-MVI_39401-lane_3-car-forward-120-1310,pred-MVI_39401-lane_3-car-forward-120-1310,120,120,1310,1310,0,0.0
held_out_test,tp-MVI_39401-lane_1-car-forward-1320-1320,tp,matched,MVI_39401,lane_1,car,forward,gt-MVI_39401-lane_1-car-forward-119-1320,pred-MVI_39401-lane_1-car-forward-119-1320,119,119,1320,1320,0,0.0
held_out_test,tp-MVI_39401-lane_1-car-forward-1340-1340,tp,matched,MVI_39401,lane_1,car,forward,gt-MVI_39401-lane_1-car-forward-116-1340,pred-MVI_39401-lane_1-car-forward-116-1340,116,116,1340,1340,0,0.0
held_out_test,tp-MVI_39401-lane_2-car-forward-1348-1348,tp,matched,MVI_39401,lane_2,car,forward,gt-MVI_39401-lane_2-car-forward-121-1348,pred-MVI_39401-lane_2-car-forward-121-1348,121,121,1348,1348,0,0.0
held_out_test,tp-MVI_39401-lane_1-car-forward-1349-1349,tp,matched,MVI_39401,lane_1,car,forward,gt-MVI_39401-lane_1-car-forward-113-1349,pred-MVI_39401-lane_1-car-forward-113-1349,113,113,1349,1349,0,0.0
held_out_test,tp-MVI_39401-lane_1-car-forward-1377-1377,tp,matched,MVI_39401,lane_1,car,forward,gt-MVI_39401-lane_1-car-forward-122-1377,pred-MVI_39401-lane_1-car-forward-122-1377,122,122,1377,1377,0,0.0
held_out_test,tp-MVI_40761-lane_2-bus-forward-9-9,tp,matched,MVI_40761,lane_2,bus,forward,gt-MVI_40761-lane_2-bus-forward-8-9,pred-MVI_40761-lane_2-bus-forward-8-9,8,8,9,9,0,0.0
held_out_test,tp-MVI_40761-lane_1-car-forward-74-74,tp,matched,MVI_40761,lane_1,car,forward,gt-MVI_40761-lane_1-car-forward-6-74,pred-MVI_40761-lane_1-car-forward-6-74,6,6,74,74,0,0.0
held_out_test,tp-MVI_40761-lane_1-car-forward-120-120,tp,matched,MVI_40761,lane_1,car,forward,gt-MVI_40761-lane_1-car-forward-7-120,pred-MVI_40761-lane_1-car-forward-7-120,7,7,120,120,0,0.0
held_out_test,tp-MVI_40761-lane_2-car-forward-203-203,tp,matched,MVI_40761,lane_2,car,forward,gt-MVI_40761-lane_2-car-forward-17-203,pred-MVI_40761-lane_2-car-forward-17-203,17,17,203,203,0,0.0
held_out_test,tp-MVI_40761-lane_1-car-forward-217-217,tp,matched,MVI_40761,lane_1,car,forward,gt-MVI_40761-lane_1-car-forward-15-217,pred-MVI_40761-lane_1-car-forward-15-217,15,15,217,217,0,0.0
held_out_test,tp-MVI_40761-lane_2-car-forward-859-859,tp,matched,MVI_40761,lane_2,car,forward,gt-MVI_40761-lane_2-car-forward-46-859,pred-MVI_40761-lane_2-car-forward-46-859,46,46,859,859,0,0.0
held_out_test,tp-MVI_40761-lane_2-car-forward-1270-1270,tp,matched,MVI_40761,lane_2,car,forward,gt-MVI_40761-lane_2-car-forward-56-1270,pred-MVI_40761-lane_2-car-forward-56-1270,56,56,1270,1270,0,0.0
held_out_test,tp-MVI_40761-lane_2-car-forward-1334-1334,tp,matched,MVI_40761,lane_2,car,forward,gt-MVI_40761-lane_2-car-forward-59-1334,pred-MVI_40761-lane_2-car-forward-59-1334,59,59,1334,1334,0,0.0
held_out_test,tp-MVI_40761-lane_2-car-forward-1402-1402,tp,matched,MVI_40761,lane_2,car,forward,gt-MVI_40761-lane_2-car-forward-61-1402,pred-MVI_40761-lane_2-car-forward-61-1402,61,61,1402,1402,0,0.0
held_out_test,tp-MVI_40761-lane_2-car-forward-1524-1524,tp,matched,MVI_40761,lane_2,car,forward,gt-MVI_40761-lane_2-car-forward-65-1524,pred-MVI_40761-lane_2-car-forward-65-1524,65,65,1524,1524,0,0.0
held_out_test,tp-MVI_40761-lane_2-car-forward-1844-1844,tp,matched,MVI_40761,lane_2,car,forward,gt-MVI_40761-lane_2-car-forward-73-1844,pred-MVI_40761-lane_2-car-forward-73-1844,73,73,1844,1844,0,0.0
held_out_test,tp-MVI_40793-lane_2-car-forward-194-194,tp,matched,MVI_40793,lane_2,car,forward,gt-MVI_40793-lane_2-car-forward-7-194,pred-MVI_40793-lane_2-car-forward-7-194,7,7,194,194,0,0.0
held_out_test,tp-MVI_40793-lane_1-car-forward-401-401,tp,matched,MVI_40793,lane_1,car,forward,gt-MVI_40793-lane_1-car-forward-2-401,pred-MVI_40793-lane_1-car-forward-2-401,2,2,401,401,0,0.0
held_out_test,tp-MVI_40793-lane_1-car-forward-430-430,tp,matched,MVI_40793,lane_1,car,forward,gt-MVI_40793-lane_1-car-forward-3-430,pred-MVI_40793-lane_1-car-forward-3-430,3,3,430,430,0,0.0
held_out_test,tp-MVI_40793-lane_1-car-forward-479-479,tp,matched,MVI_40793,lane_1,car,forward,gt-MVI_40793-lane_1-car-forward-5-479,pred-MVI_40793-lane_1-car-forward-5-479,5,5,479,479,0,0.0
held_out_test,tp-MVI_40793-lane_1-car-forward-491-491,tp,matched,MVI_40793,lane_1,car,forward,gt-MVI_40793-lane_1-car-forward-6-491,pred-MVI_40793-lane_1-car-forward-6-491,6,6,491,491,0,0.0
held_out_test,tp-MVI_40793-lane_1-car-forward-492-492,tp,matched,MVI_40793,lane_1,car,forward,gt-MVI_40793-lane_1-car-forward-4-492,pred-MVI_40793-lane_1-car-forward-4-492,4,4,492,492,0,0.0
held_out_test,tp-MVI_40793-lane_1-car-forward-507-507,tp,matched,MVI_40793,lane_1,car,forward,gt-MVI_40793-lane_1-car-forward-1-507,pred-MVI_40793-lane_1-car-forward-1-507,1,1,507,507,0,0.0
held_out_test,tp-MVI_40793-lane_2-car-forward-535-535,tp,matched,MVI_40793,lane_2,car,forward,gt-MVI_40793-lane_2-car-forward-10-535,pred-MVI_40793-lane_2-car-forward-10-535,10,10,535,535,0,0.0
held_out_test,tp-MVI_40793-lane_1-car-forward-547-547,tp,matched,MVI_40793,lane_1,car,forward,gt-MVI_40793-lane_1-car-forward-8-547,pred-MVI_40793-lane_1-car-forward-8-547,8,8,547,547,0,0.0
held_out_test,tp-MVI_40793-lane_1-car-forward-547-547,tp,matched,MVI_40793,lane_1,car,forward,gt-MVI_40793-lane_1-car-forward-16-547,pred-MVI_40793-lane_1-car-forward-16-547,16,16,547,547,0,0.0
held_out_test,tp-MVI_40793-lane_1-car-forward-551-551,tp,matched,MVI_40793,lane_1,car,forward,gt-MVI_40793-lane_1-car-forward-15-551,pred-MVI_40793-lane_1-car-forward-15-551,15,15,551,551,0,0.0
held_out_test,tp-MVI_40793-lane_2-car-forward-566-566,tp,matched,MVI_40793,lane_2,car,forward,gt-MVI_40793-lane_2-car-forward-12-566,pred-MVI_40793-lane_2-car-forward-12-566,12,12,566,566,0,0.0
held_out_test,tp-MVI_40793-lane_2-car-forward-576-576,tp,matched,MVI_40793,lane_2,car,forward,gt-MVI_40793-lane_2-car-forward-14-576,pred-MVI_40793-lane_2-car-forward-14-576,14,14,576,576,0,0.0
held_out_test,tp-MVI_40793-lane_1-car-forward-611-611,tp,matched,MVI_40793,lane_1,car,forward,gt-MVI_40793-lane_1-car-forward-24-611,pred-MVI_40793-lane_1-car-forward-24-611,24,24,611,611,0,0.0
held_out_test,tp-MVI_40793-lane_2-car-forward-611-611,tp,matched,MVI_40793,lane_2,car,forward,gt-MVI_40793-lane_2-car-forward-13-611,pred-MVI_40793-lane_2-car-forward-13-611,13,13,611,611,0,0.0
held_out_test,tp-MVI_40793-lane_2-car-forward-612-612,tp,matched,MVI_40793,lane_2,car,forward,gt-MVI_40793-lane_2-car-forward-18-612,pred-MVI_40793-lane_2-car-forward-18-612,18,18,612,612,0,0.0
held_out_test,tp-MVI_40793-lane_1-car-forward-631-631,tp,matched,MVI_40793,lane_1,car,forward,gt-MVI_40793-lane_1-car-forward-25-631,pred-MVI_40793-lane_1-car-forward-25-631,25,25,631,631,0,0.0
held_out_test,tp-MVI_40793-lane_1-car-forward-634-634,tp,matched,MVI_40793,lane_1,car,forward,gt-MVI_40793-lane_1-car-forward-26-634,pred-MVI_40793-lane_1-car-forward-26-634,26,26,634,634,0,0.0
held_out_test,tp-MVI_40793-lane_2-car-forward-636-636,tp,matched,MVI_40793,lane_2,car,forward,gt-MVI_40793-lane_2-car-forward-22-636,pred-MVI_40793-lane_2-car-forward-22-636,22,22,636,636,0,0.0
held_out_test,tp-MVI_40793-lane_2-car-forward-657-657,tp,matched,MVI_40793,lane_2,car,forward,gt-MVI_40793-lane_2-car-forward-23-657,pred-MVI_40793-lane_2-car-forward-23-657,23,23,657,657,0,0.0
held_out_test,tp-MVI_40793-lane_1-car-forward-659-659,tp,matched,MVI_40793,lane_1,car,forward,gt-MVI_40793-lane_1-car-forward-27-659,pred-MVI_40793-lane_1-car-forward-27-659,27,27,659,659,0,0.0
held_out_test,tp-MVI_40793-lane_2-car-forward-660-660,tp,matched,MVI_40793,lane_2,car,forward,gt-MVI_40793-lane_2-car-forward-21-660,pred-MVI_40793-lane_2-car-forward-21-660,21,21,660,660,0,0.0
held_out_test,tp-MVI_40793-lane_2-car-forward-680-680,tp,matched,MVI_40793,lane_2,car,forward,gt-MVI_40793-lane_2-car-forward-11-680,pred-MVI_40793-lane_2-car-forward-11-680,11,11,680,680,0,0.0
held_out_test,tp-MVI_40793-lane_1-car-forward-686-686,tp,matched,MVI_40793,lane_1,car,forward,gt-MVI_40793-lane_1-car-forward-31-686,pred-MVI_40793-lane_1-car-forward-31-686,31,31,686,686,0,0.0
held_out_test,tp-MVI_40793-lane_1-car-forward-700-700,tp,matched,MVI_40793,lane_1,car,forward,gt-MVI_40793-lane_1-car-forward-30-700,pred-MVI_40793-lane_1-car-forward-30-700,30,30,700,700,0,0.0
held_out_test,tp-MVI_40793-lane_1-car-forward-718-718,tp,matched,MVI_40793,lane_1,car,forward,gt-MVI_40793-lane_1-car-forward-35-718,pred-MVI_40793-lane_1-car-forward-35-718,35,35,718,718,0,0.0
held_out_test,tp-MVI_40793-lane_2-car-forward-725-725,tp,matched,MVI_40793,lane_2,car,forward,gt-MVI_40793-lane_2-car-forward-19-725,pred-MVI_40793-lane_2-car-forward-19-725,19,19,725,725,0,0.0
held_out_test,tp-MVI_40793-lane_1-car-forward-737-737,tp,matched,MVI_40793,lane_1,car,forward,gt-MVI_40793-lane_1-car-forward-37-737,pred-MVI_40793-lane_1-car-forward-37-737,37,37,737,737,0,0.0
held_out_test,tp-MVI_40793-lane_2-car-forward-750-750,tp,matched,MVI_40793,lane_2,car,forward,gt-MVI_40793-lane_2-car-forward-29-750,pred-MVI_40793-lane_2-car-forward-29-750,29,29,750,750,0,0.0
held_out_test,tp-MVI_40793-lane_1-car-forward-752-752,tp,matched,MVI_40793,lane_1,car,forward,gt-MVI_40793-lane_1-car-forward-36-752,pred-MVI_40793-lane_1-car-forward-36-752,36,36,752,752,0,0.0
held_out_test,tp-MVI_40793-lane_2-car-forward-762-762,tp,matched,MVI_40793,lane_2,car,forward,gt-MVI_40793-lane_2-car-forward-28-762,pred-MVI_40793-lane_2-car-forward-28-762,28,28,762,762,0,0.0
held_out_test,tp-MVI_40793-lane_2-car-forward-776-776,tp,matched,MVI_40793,lane_2,car,forward,gt-MVI_40793-lane_2-car-forward-32-776,pred-MVI_40793-lane_2-car-forward-32-776,32,32,776,776,0,0.0
held_out_test,tp-MVI_40793-lane_1-car-forward-790-790,tp,matched,MVI_40793,lane_1,car,forward,gt-MVI_40793-lane_1-car-forward-40-790,pred-MVI_40793-lane_1-car-forward-40-790,40,40,790,790,0,0.0
held_out_test,tp-MVI_40793-lane_2-car-forward-791-791,tp,matched,MVI_40793,lane_2,car,forward,gt-MVI_40793-lane_2-car-forward-34-791,pred-MVI_40793-lane_2-car-forward-34-791,34,34,791,791,0,0.0
held_out_test,tp-MVI_40793-lane_2-car-forward-809-809,tp,matched,MVI_40793,lane_2,car,forward,gt-MVI_40793-lane_2-car-forward-20-809,pred-MVI_40793-lane_2-car-forward-20-809,20,20,809,809,0,0.0
held_out_test,tp-MVI_40793-lane_2-car-forward-811-811,tp,matched,MVI_40793,lane_2,car,forward,gt-MVI_40793-lane_2-car-forward-38-811,pred-MVI_40793-lane_2-car-forward-38-811,38,38,811,811,0,0.0
held_out_test,tp-MVI_40793-lane_1-car-forward-813-813,tp,matched,MVI_40793,lane_1,car,forward,gt-MVI_40793-lane_1-car-forward-44-813,pred-MVI_40793-lane_1-car-forward-44-813,44,44,813,813,0,0.0
held_out_test,tp-MVI_40793-lane_1-car-forward-815-815,tp,matched,MVI_40793,lane_1,car,forward,gt-MVI_40793-lane_1-car-forward-43-815,pred-MVI_40793-lane_1-car-forward-43-815,43,43,815,815,0,0.0
held_out_test,tp-MVI_40793-lane_2-car-forward-830-830,tp,matched,MVI_40793,lane_2,car,forward,gt-MVI_40793-lane_2-car-forward-39-830,pred-MVI_40793-lane_2-car-forward-39-830,39,39,830,830,0,0.0
held_out_test,tp-MVI_40793-lane_1-car-forward-832-832,tp,matched,MVI_40793,lane_1,car,forward,gt-MVI_40793-lane_1-car-forward-46-832,pred-MVI_40793-lane_1-car-forward-46-832,46,46,832,832,0,0.0
held_out_test,tp-MVI_40793-lane_2-car-forward-854-854,tp,matched,MVI_40793,lane_2,car,forward,gt-MVI_40793-lane_2-car-forward-42-854,pred-MVI_40793-lane_2-car-forward-42-854,42,42,854,854,0,0.0
held_out_test,tp-MVI_40793-lane_2-car-forward-855-855,tp,matched,MVI_40793,lane_2,car,forward,gt-MVI_40793-lane_2-car-forward-33-855,pred-MVI_40793-lane_2-car-forward-33-855,33,33,855,855,0,0.0
held_out_test,tp-MVI_40793-lane_1-car-forward-866-866,tp,matched,MVI_40793,lane_1,car,forward,gt-MVI_40793-lane_1-car-forward-49-866,pred-MVI_40793-lane_1-car-forward-49-866,49,49,866,866,0,0.0
held_out_test,tp-MVI_40793-lane_1-car-forward-875-875,tp,matched,MVI_40793,lane_1,car,forward,gt-MVI_40793-lane_1-car-forward-48-875,pred-MVI_40793-lane_1-car-forward-48-875,48,48,875,875,0,0.0
held_out_test,tp-MVI_40793-lane_2-car-forward-890-890,tp,matched,MVI_40793,lane_2,car,forward,gt-MVI_40793-lane_2-car-forward-45-890,pred-MVI_40793-lane_2-car-forward-45-890,45,45,890,890,0,0.0
held_out_test,tp-MVI_40793-lane_1-car-forward-895-895,tp,matched,MVI_40793,lane_1,car,forward,gt-MVI_40793-lane_1-car-forward-50-895,pred-MVI_40793-lane_1-car-forward-50-895,50,50,895,895,0,0.0
held_out_test,tp-MVI_40793-lane_2-car-forward-907-907,tp,matched,MVI_40793,lane_2,car,forward,gt-MVI_40793-lane_2-car-forward-41-907,pred-MVI_40793-lane_2-car-forward-41-907,41,41,907,907,0,0.0
held_out_test,tp-MVI_40793-lane_2-car-forward-924-924,tp,matched,MVI_40793,lane_2,car,forward,gt-MVI_40793-lane_2-car-forward-47-924,pred-MVI_40793-lane_2-car-forward-47-924,47,47,924,924,0,0.0
held_out_test,tp-MVI_40793-lane_1-car-forward-930-930,tp,matched,MVI_40793,lane_1,car,forward,gt-MVI_40793-lane_1-car-forward-53-930,pred-MVI_40793-lane_1-car-forward-53-930,53,53,930,930,0,0.0
held_out_test,tp-MVI_40793-lane_1-car-forward-932-932,tp,matched,MVI_40793,lane_1,car,forward,gt-MVI_40793-lane_1-car-forward-54-932,pred-MVI_40793-lane_1-car-forward-54-932,54,54,932,932,0,0.0
held_out_test,tp-MVI_40793-lane_2-car-forward-965-965,tp,matched,MVI_40793,lane_2,car,forward,gt-MVI_40793-lane_2-car-forward-51-965,pred-MVI_40793-lane_2-car-forward-51-965,51,51,965,965,0,0.0
held_out_test,tp-MVI_40793-lane_1-truck-forward-1004-1004,tp,matched,MVI_40793,lane_1,truck,forward,gt-MVI_40793-lane_1-truck-forward-59-1004,pred-MVI_40793-lane_1-truck-forward-59-1004,59,59,1004,1004,0,0.0
held_out_test,tp-MVI_40793-lane_2-car-forward-1009-1009,tp,matched,MVI_40793,lane_2,car,forward,gt-MVI_40793-lane_2-car-forward-55-1009,pred-MVI_40793-lane_2-car-forward-55-1009,55,55,1009,1009,0,0.0
held_out_test,tp-MVI_40793-lane_2-bus-forward-1026-1026,tp,matched,MVI_40793,lane_2,bus,forward,gt-MVI_40793-lane_2-bus-forward-52-1026,pred-MVI_40793-lane_2-bus-forward-52-1026,52,52,1026,1026,0,0.0
held_out_test,tp-MVI_40793-lane_1-bus-forward-1044-1044,tp,matched,MVI_40793,lane_1,bus,forward,gt-MVI_40793-lane_1-bus-forward-56-1044,pred-MVI_40793-lane_1-bus-forward-56-1044,56,56,1044,1044,0,0.0
held_out_test,tp-MVI_40793-lane_1-car-forward-1075-1075,tp,matched,MVI_40793,lane_1,car,forward,gt-MVI_40793-lane_1-car-forward-62-1075,pred-MVI_40793-lane_1-car-forward-62-1075,62,62,1075,1075,0,0.0
held_out_test,tp-MVI_40793-lane_1-car-forward-1080-1080,tp,matched,MVI_40793,lane_1,car,forward,gt-MVI_40793-lane_1-car-forward-61-1080,pred-MVI_40793-lane_1-car-forward-61-1080,61,61,1080,1080,0,0.0
held_out_test,tp-MVI_40793-lane_2-bus-forward-1105-1105,tp,matched,MVI_40793,lane_2,bus,forward,gt-MVI_40793-lane_2-bus-forward-57-1105,pred-MVI_40793-lane_2-bus-forward-57-1105,57,57,1105,1105,0,0.0
held_out_test,tp-MVI_40793-lane_1-car-forward-1123-1123,tp,matched,MVI_40793,lane_1,car,forward,gt-MVI_40793-lane_1-car-forward-63-1123,pred-MVI_40793-lane_1-car-forward-63-1123,63,63,1123,1123,0,0.0
held_out_test,tp-MVI_40793-lane_1-car-forward-1143-1143,tp,matched,MVI_40793,lane_1,car,forward,gt-MVI_40793-lane_1-car-forward-64-1143,pred-MVI_40793-lane_1-car-forward-64-1143,64,64,1143,1143,0,0.0
held_out_test,tp-MVI_40793-lane_2-car-forward-1149-1149,tp,matched,MVI_40793,lane_2,car,forward,gt-MVI_40793-lane_2-car-forward-60-1149,pred-MVI_40793-lane_2-car-forward-60-1149,60,60,1149,1149,0,0.0
held_out_test,tp-MVI_40793-lane_1-car-forward-1182-1182,tp,matched,MVI_40793,lane_1,car,forward,gt-MVI_40793-lane_1-car-forward-67-1182,pred-MVI_40793-lane_1-car-forward-67-1182,67,67,1182,1182,0,0.0
held_out_test,tp-MVI_40793-lane_1-car-forward-1211-1211,tp,matched,MVI_40793,lane_1,car,forward,gt-MVI_40793-lane_1-car-forward-68-1211,pred-MVI_40793-lane_1-car-forward-68-1211,68,68,1211,1211,0,0.0
held_out_test,tp-MVI_40793-lane_2-bus-forward-1233-1233,tp,matched,MVI_40793,lane_2,bus,forward,gt-MVI_40793-lane_2-bus-forward-65-1233,pred-MVI_40793-lane_2-bus-forward-65-1233,65,65,1233,1233,0,0.0
held_out_test,tp-MVI_40793-lane_1-car-forward-1245-1245,tp,matched,MVI_40793,lane_1,car,forward,gt-MVI_40793-lane_1-car-forward-70-1245,pred-MVI_40793-lane_1-car-forward-70-1245,70,70,1245,1245,0,0.0
held_out_test,tp-MVI_40793-lane_2-bus-forward-1273-1273,tp,matched,MVI_40793,lane_2,bus,forward,gt-MVI_40793-lane_2-bus-forward-66-1273,pred-MVI_40793-lane_2-bus-forward-66-1273,66,66,1273,1273,0,0.0
held_out_test,tp-MVI_40793-lane_1-bus-forward-1287-1287,tp,matched,MVI_40793,lane_1,bus,forward,gt-MVI_40793-lane_1-bus-forward-69-1287,pred-MVI_40793-lane_1-bus-forward-69-1287,69,69,1287,1287,0,0.0
held_out_test,tp-MVI_40793-lane_2-bus-forward-1294-1294,tp,matched,MVI_40793,lane_2,bus,forward,gt-MVI_40793-lane_2-bus-forward-88-1294,pred-MVI_40793-lane_2-bus-forward-88-1294,88,88,1294,1294,0,0.0
held_out_test,tp-MVI_40793-lane_1-car-forward-1311-1311,tp,matched,MVI_40793,lane_1,car,forward,gt-MVI_40793-lane_1-car-forward-72-1311,pred-MVI_40793-lane_1-car-forward-72-1311,72,72,1311,1311,0,0.0
held_out_test,tp-MVI_40793-lane_2-truck-forward-1336-1336,tp,matched,MVI_40793,lane_2,truck,forward,gt-MVI_40793-lane_2-truck-forward-71-1336,pred-MVI_40793-lane_2-truck-forward-71-1336,71,71,1336,1336,0,0.0
held_out_test,tp-MVI_40793-lane_2-bus-forward-1397-1397,tp,matched,MVI_40793,lane_2,bus,forward,gt-MVI_40793-lane_2-bus-forward-74-1397,pred-MVI_40793-lane_2-bus-forward-74-1397,74,74,1397,1397,0,0.0
held_out_test,tp-MVI_40793-lane_2-car-forward-1426-1426,tp,matched,MVI_40793,lane_2,car,forward,gt-MVI_40793-lane_2-car-forward-75-1426,pred-MVI_40793-lane_2-car-forward-75-1426,75,75,1426,1426,0,0.0
held_out_test,tp-MVI_40793-lane_2-car-forward-1489-1489,tp,matched,MVI_40793,lane_2,car,forward,gt-MVI_40793-lane_2-car-forward-76-1489,pred-MVI_40793-lane_2-car-forward-76-1489,76,76,1489,1489,0,0.0
held_out_test,tp-MVI_40793-lane_1-car-forward-1502-1502,tp,matched,MVI_40793,lane_1,car,forward,gt-MVI_40793-lane_1-car-forward-79-1502,pred-MVI_40793-lane_1-car-forward-79-1502,79,79,1502,1502,0,0.0
held_out_test,tp-MVI_40793-lane_2-car-forward-1539-1539,tp,matched,MVI_40793,lane_2,car,forward,gt-MVI_40793-lane_2-car-forward-78-1539,pred-MVI_40793-lane_2-car-forward-78-1539,78,78,1539,1539,0,0.0
held_out_test,tp-MVI_40793-lane_2-car-forward-1565-1565,tp,matched,MVI_40793,lane_2,car,forward,gt-MVI_40793-lane_2-car-forward-77-1565,pred-MVI_40793-lane_2-car-forward-77-1565,77,77,1565,1565,0,0.0
held_out_test,tp-MVI_40793-lane_2-car-forward-1588-1588,tp,matched,MVI_40793,lane_2,car,forward,gt-MVI_40793-lane_2-car-forward-80-1588,pred-MVI_40793-lane_2-car-forward-80-1588,80,80,1588,1588,0,0.0
held_out_test,tp-MVI_40793-lane_2-car-forward-1617-1617,tp,matched,MVI_40793,lane_2,car,forward,gt-MVI_40793-lane_2-car-forward-81-1617,pred-MVI_40793-lane_2-car-forward-81-1617,81,81,1617,1617,0,0.0
held_out_test,tp-MVI_40793-lane_1-bus-forward-1629-1629,tp,matched,MVI_40793,lane_1,bus,forward,gt-MVI_40793-lane_1-bus-forward-82-1629,pred-MVI_40793-lane_1-bus-forward-82-1629,82,82,1629,1629,0,0.0
held_out_test,tp-MVI_40793-lane_1-car-forward-1637-1637,tp,matched,MVI_40793,lane_1,car,forward,gt-MVI_40793-lane_1-car-forward-84-1637,pred-MVI_40793-lane_1-car-forward-84-1637,84,84,1637,1637,0,0.0
held_out_test,tp-MVI_40793-lane_2-car-forward-1692-1692,tp,matched,MVI_40793,lane_2,car,forward,gt-MVI_40793-lane_2-car-forward-83-1692,pred-MVI_40793-lane_2-car-forward-83-1692,83,83,1692,1692,0,0.0
held_out_test,tp-MVI_40793-lane_1-car-forward-1863-1863,tp,matched,MVI_40793,lane_1,car,forward,gt-MVI_40793-lane_1-car-forward-85-1863,pred-MVI_40793-lane_1-car-forward-85-1863,85,85,1863,1863,0,0.0
held_out_test,tp-MVI_40793-lane_1-car-forward-1885-1885,tp,matched,MVI_40793,lane_1,car,forward,gt-MVI_40793-lane_1-car-forward-87-1885,pred-MVI_40793-lane_1-car-forward-87-1885,87,87,1885,1885,0,0.0
held_out_test,tp-MVI_40793-lane_2-car-forward-1938-1938,tp,matched,MVI_40793,lane_2,car,forward,gt-MVI_40793-lane_2-car-forward-86-1938,pred-MVI_40793-lane_2-car-forward-86-1938,86,86,1938,1938,0,0.0
held_out_test,tp-MVI_40854-lane_2-car-forward-40-40,tp,matched,MVI_40854,lane_2,car,forward,gt-MVI_40854-lane_2-car-forward-1-40,pred-MVI_40854-lane_2-car-forward-1-40,1,1,40,40,0,0.0
held_out_test,tp-MVI_40854-lane_2-bus-forward-67-67,tp,matched,MVI_40854,lane_2,bus,forward,gt-MVI_40854-lane_2-bus-forward-3-67,pred-MVI_40854-lane_2-bus-forward-3-67,3,3,67,67,0,0.0
held_out_test,tp-MVI_40854-lane_2-car-forward-70-70,tp,matched,MVI_40854,lane_2,car,forward,gt-MVI_40854-lane_2-car-forward-2-70,pred-MVI_40854-lane_2-car-forward-2-70,2,2,70,70,0,0.0
held_out_test,tp-MVI_40854-lane_2-car-forward-99-99,tp,matched,MVI_40854,lane_2,car,forward,gt-MVI_40854-lane_2-car-forward-8-99,pred-MVI_40854-lane_2-car-forward-8-99,8,8,99,99,0,0.0
held_out_test,tp-MVI_40854-lane_2-car-forward-118-118,tp,matched,MVI_40854,lane_2,car,forward,gt-MVI_40854-lane_2-car-forward-9-118,pred-MVI_40854-lane_2-car-forward-9-118,9,9,118,118,0,0.0
held_out_test,tp-MVI_40854-lane_2-truck-forward-120-120,tp,matched,MVI_40854,lane_2,truck,forward,gt-MVI_40854-lane_2-truck-forward-13-120,pred-MVI_40854-lane_2-truck-forward-13-120,13,13,120,120,0,0.0
held_out_test,tp-MVI_40854-lane_2-car-forward-138-138,tp,matched,MVI_40854,lane_2,car,forward,gt-MVI_40854-lane_2-car-forward-12-138,pred-MVI_40854-lane_2-car-forward-12-138,12,12,138,138,0,0.0
held_out_test,tp-MVI_40854-lane_1-car-forward-144-144,tp,matched,MVI_40854,lane_1,car,forward,gt-MVI_40854-lane_1-car-forward-4-144,pred-MVI_40854-lane_1-car-forward-4-144,4,4,144,144,0,0.0
held_out_test,tp-MVI_40854-lane_1-car-forward-163-163,tp,matched,MVI_40854,lane_1,car,forward,gt-MVI_40854-lane_1-car-forward-5-163,pred-MVI_40854-lane_1-car-forward-5-163,5,5,163,163,0,0.0
held_out_test,tp-MVI_40854-lane_1-car-forward-177-177,tp,matched,MVI_40854,lane_1,car,forward,gt-MVI_40854-lane_1-car-forward-6-177,pred-MVI_40854-lane_1-car-forward-6-177,6,6,177,177,0,0.0
held_out_test,tp-MVI_40854-lane_2-car-forward-188-188,tp,matched,MVI_40854,lane_2,car,forward,gt-MVI_40854-lane_2-car-forward-17-188,pred-MVI_40854-lane_2-car-forward-17-188,17,17,188,188,0,0.0
held_out_test,tp-MVI_40854-lane_2-car-forward-196-196,tp,matched,MVI_40854,lane_2,car,forward,gt-MVI_40854-lane_2-car-forward-22-196,pred-MVI_40854-lane_2-car-forward-22-196,22,22,196,196,0,0.0
held_out_test,tp-MVI_40854-lane_1-bus-forward-217-217,tp,matched,MVI_40854,lane_1,bus,forward,gt-MVI_40854-lane_1-bus-forward-7-217,pred-MVI_40854-lane_1-bus-forward-7-217,7,7,217,217,0,0.0
held_out_test,tp-MVI_40854-lane_2-car-forward-229-229,tp,matched,MVI_40854,lane_2,car,forward,gt-MVI_40854-lane_2-car-forward-21-229,pred-MVI_40854-lane_2-car-forward-21-229,21,21,229,229,0,0.0
held_out_test,tp-MVI_40854-lane_1-car-forward-232-232,tp,matched,MVI_40854,lane_1,car,forward,gt-MVI_40854-lane_1-car-forward-14-232,pred-MVI_40854-lane_1-car-forward-14-232,14,14,232,232,0,0.0
held_out_test,tp-MVI_40854-lane_2-car-forward-268-268,tp,matched,MVI_40854,lane_2,car,forward,gt-MVI_40854-lane_2-car-forward-24-268,pred-MVI_40854-lane_2-car-forward-24-268,24,24,268,268,0,0.0
held_out_test,tp-MVI_40854-lane_1-car-forward-272-272,tp,matched,MVI_40854,lane_1,car,forward,gt-MVI_40854-lane_1-car-forward-15-272,pred-MVI_40854-lane_1-car-forward-15-272,15,15,272,272,0,0.0
held_out_test,tp-MVI_40854-lane_2-car-forward-273-273,tp,matched,MVI_40854,lane_2,car,forward,gt-MVI_40854-lane_2-car-forward-25-273,pred-MVI_40854-lane_2-car-forward-25-273,25,25,273,273,0,0.0
held_out_test,tp-MVI_40854-lane_1-car-forward-289-289,tp,matched,MVI_40854,lane_1,car,forward,gt-MVI_40854-lane_1-car-forward-18-289,pred-MVI_40854-lane_1-car-forward-18-289,18,18,289,289,0,0.0
held_out_test,tp-MVI_40854-lane_2-bus-forward-304-304,tp,matched,MVI_40854,lane_2,bus,forward,gt-MVI_40854-lane_2-bus-forward-30-304,pred-MVI_40854-lane_2-bus-forward-30-304,30,30,304,304,0,0.0
held_out_test,tp-MVI_40854-lane_2-car-forward-305-305,tp,matched,MVI_40854,lane_2,car,forward,gt-MVI_40854-lane_2-car-forward-29-305,pred-MVI_40854-lane_2-car-forward-29-305,29,29,305,305,0,0.0
held_out_test,tp-MVI_40854-lane_1-truck-forward-328-328,tp,matched,MVI_40854,lane_1,truck,forward,gt-MVI_40854-lane_1-truck-forward-20-328,pred-MVI_40854-lane_1-truck-forward-20-328,20,20,328,328,0,0.0
held_out_test,tp-MVI_40854-lane_1-car-forward-340-340,tp,matched,MVI_40854,lane_1,car,forward,gt-MVI_40854-lane_1-car-forward-19-340,pred-MVI_40854-lane_1-car-forward-19-340,19,19,340,340,0,0.0
held_out_test,tp-MVI_40854-lane_2-car-forward-345-345,tp,matched,MVI_40854,lane_2,car,forward,gt-MVI_40854-lane_2-car-forward-33-345,pred-MVI_40854-lane_2-car-forward-33-345,33,33,345,345,0,0.0
held_out_test,tp-MVI_40854-lane_2-car-forward-345-345,tp,matched,MVI_40854,lane_2,car,forward,gt-MVI_40854-lane_2-car-forward-34-345,pred-MVI_40854-lane_2-car-forward-34-345,34,34,345,345,0,0.0
held_out_test,tp-MVI_40854-lane_2-car-forward-369-369,tp,matched,MVI_40854,lane_2,car,forward,gt-MVI_40854-lane_2-car-forward-40-369,pred-MVI_40854-lane_2-car-forward-40-369,40,40,369,369,0,0.0
held_out_test,tp-MVI_40854-lane_1-car-forward-383-383,tp,matched,MVI_40854,lane_1,car,forward,gt-MVI_40854-lane_1-car-forward-23-383,pred-MVI_40854-lane_1-car-forward-23-383,23,23,383,383,0,0.0
held_out_test,tp-MVI_40854-lane_1-car-forward-400-400,tp,matched,MVI_40854,lane_1,car,forward,gt-MVI_40854-lane_1-car-forward-27-400,pred-MVI_40854-lane_1-car-forward-27-400,27,27,400,400,0,0.0
held_out_test,tp-MVI_40854-lane_2-car-forward-400-400,tp,matched,MVI_40854,lane_2,car,forward,gt-MVI_40854-lane_2-car-forward-39-400,pred-MVI_40854-lane_2-car-forward-39-400,39,39,400,400,0,0.0
held_out_test,tp-MVI_40854-lane_2-car-forward-423-423,tp,matched,MVI_40854,lane_2,car,forward,gt-MVI_40854-lane_2-car-forward-41-423,pred-MVI_40854-lane_2-car-forward-41-423,41,41,423,423,0,0.0
held_out_test,tp-MVI_40854-lane_1-car-forward-426-426,tp,matched,MVI_40854,lane_1,car,forward,gt-MVI_40854-lane_1-car-forward-28-426,pred-MVI_40854-lane_1-car-forward-28-426,28,28,426,426,0,0.0
held_out_test,tp-MVI_40854-lane_1-car-forward-437-437,tp,matched,MVI_40854,lane_1,car,forward,gt-MVI_40854-lane_1-car-forward-26-437,pred-MVI_40854-lane_1-car-forward-26-437,26,26,437,437,0,0.0
held_out_test,tp-MVI_40854-lane_1-car-forward-453-453,tp,matched,MVI_40854,lane_1,car,forward,gt-MVI_40854-lane_1-car-forward-35-453,pred-MVI_40854-lane_1-car-forward-35-453,35,35,453,453,0,0.0
held_out_test,tp-MVI_40854-lane_1-car-forward-456-456,tp,matched,MVI_40854,lane_1,car,forward,gt-MVI_40854-lane_1-car-forward-32-456,pred-MVI_40854-lane_1-car-forward-32-456,32,32,456,456,0,0.0
held_out_test,tp-MVI_40854-lane_2-bus-forward-467-467,tp,matched,MVI_40854,lane_2,bus,forward,gt-MVI_40854-lane_2-bus-forward-45-467,pred-MVI_40854-lane_2-bus-forward-45-467,45,45,467,467,0,0.0
held_out_test,tp-MVI_40854-lane_2-car-forward-474-474,tp,matched,MVI_40854,lane_2,car,forward,gt-MVI_40854-lane_2-car-forward-46-474,pred-MVI_40854-lane_2-car-forward-46-474,46,46,474,474,0,0.0
held_out_test,tp-MVI_40854-lane_2-car-forward-486-486,tp,matched,MVI_40854,lane_2,car,forward,gt-MVI_40854-lane_2-car-forward-49-486,pred-MVI_40854-lane_2-car-forward-49-486,49,49,486,486,0,0.0
held_out_test,tp-MVI_40854-lane_1-car-forward-488-488,tp,matched,MVI_40854,lane_1,car,forward,gt-MVI_40854-lane_1-car-forward-31-488,pred-MVI_40854-lane_1-car-forward-31-488,31,31,488,488,0,0.0
held_out_test,tp-MVI_40854-lane_1-truck-forward-518-518,tp,matched,MVI_40854,lane_1,truck,forward,gt-MVI_40854-lane_1-truck-forward-37-518,pred-MVI_40854-lane_1-truck-forward-37-518,37,37,518,518,0,0.0
held_out_test,tp-MVI_40854-lane_2-car-forward-527-527,tp,matched,MVI_40854,lane_2,car,forward,gt-MVI_40854-lane_2-car-forward-51-527,pred-MVI_40854-lane_2-car-forward-51-527,51,51,527,527,0,0.0
held_out_test,tp-MVI_40854-lane_1-car-forward-541-541,tp,matched,MVI_40854,lane_1,car,forward,gt-MVI_40854-lane_1-car-forward-36-541,pred-MVI_40854-lane_1-car-forward-36-541,36,36,541,541,0,0.0
held_out_test,tp-MVI_40854-lane_2-bus-forward-548-548,tp,matched,MVI_40854,lane_2,bus,forward,gt-MVI_40854-lane_2-bus-forward-54-548,pred-MVI_40854-lane_2-bus-forward-54-548,54,54,548,548,0,0.0
held_out_test,tp-MVI_40854-lane_2-car-forward-560-560,tp,matched,MVI_40854,lane_2,car,forward,gt-MVI_40854-lane_2-car-forward-52-560,pred-MVI_40854-lane_2-car-forward-52-560,52,52,560,560,0,0.0
held_out_test,tp-MVI_40854-lane_2-car-forward-560-560,tp,matched,MVI_40854,lane_2,car,forward,gt-MVI_40854-lane_2-car-forward-53-560,pred-MVI_40854-lane_2-car-forward-53-560,53,53,560,560,0,0.0
held_out_test,tp-MVI_40854-lane_1-car-forward-582-582,tp,matched,MVI_40854,lane_1,car,forward,gt-MVI_40854-lane_1-car-forward-44-582,pred-MVI_40854-lane_1-car-forward-44-582,44,44,582,582,0,0.0
held_out_test,tp-MVI_40854-lane_2-car-forward-600-600,tp,matched,MVI_40854,lane_2,car,forward,gt-MVI_40854-lane_2-car-forward-57-600,pred-MVI_40854-lane_2-car-forward-57-600,57,57,600,600,0,0.0
held_out_test,tp-MVI_40854-lane_1-car-forward-607-607,tp,matched,MVI_40854,lane_1,car,forward,gt-MVI_40854-lane_1-car-forward-42-607,pred-MVI_40854-lane_1-car-forward-42-607,42,42,607,607,0,0.0
held_out_test,tp-MVI_40854-lane_2-car-forward-615-615,tp,matched,MVI_40854,lane_2,car,forward,gt-MVI_40854-lane_2-car-forward-58-615,pred-MVI_40854-lane_2-car-forward-58-615,58,58,615,615,0,0.0
held_out_test,tp-MVI_40854-lane_2-car-forward-646-646,tp,matched,MVI_40854,lane_2,car,forward,gt-MVI_40854-lane_2-car-forward-60-646,pred-MVI_40854-lane_2-car-forward-60-646,60,60,646,646,0,0.0
held_out_test,tp-MVI_40854-lane_2-car-forward-659-659,tp,matched,MVI_40854,lane_2,car,forward,gt-MVI_40854-lane_2-car-forward-61-659,pred-MVI_40854-lane_2-car-forward-61-659,61,61,659,659,0,0.0
held_out_test,tp-MVI_40854-lane_1-car-forward-662-662,tp,matched,MVI_40854,lane_1,car,forward,gt-MVI_40854-lane_1-car-forward-50-662,pred-MVI_40854-lane_1-car-forward-50-662,50,50,662,662,0,0.0
held_out_test,tp-MVI_40854-lane_2-car-forward-698-698,tp,matched,MVI_40854,lane_2,car,forward,gt-MVI_40854-lane_2-car-forward-65-698,pred-MVI_40854-lane_2-car-forward-65-698,65,65,698,698,0,0.0
held_out_test,tp-MVI_40854-lane_1-car-forward-702-702,tp,matched,MVI_40854,lane_1,car,forward,gt-MVI_40854-lane_1-car-forward-55-702,pred-MVI_40854-lane_1-car-forward-55-702,55,55,702,702,0,0.0
held_out_test,tp-MVI_40854-lane_2-bus-forward-707-707,tp,matched,MVI_40854,lane_2,bus,forward,gt-MVI_40854-lane_2-bus-forward-64-707,pred-MVI_40854-lane_2-bus-forward-64-707,64,64,707,707,0,0.0
held_out_test,tp-MVI_40854-lane_2-car-forward-730-730,tp,matched,MVI_40854,lane_2,car,forward,gt-MVI_40854-lane_2-car-forward-67-730,pred-MVI_40854-lane_2-car-forward-67-730,67,67,730,730,0,0.0
held_out_test,tp-MVI_40854-lane_1-car-forward-746-746,tp,matched,MVI_40854,lane_1,car,forward,gt-MVI_40854-lane_1-car-forward-56-746,pred-MVI_40854-lane_1-car-forward-56-746,56,56,746,746,0,0.0
held_out_test,tp-MVI_40854-lane_2-car-forward-753-753,tp,matched,MVI_40854,lane_2,car,forward,gt-MVI_40854-lane_2-car-forward-68-753,pred-MVI_40854-lane_2-car-forward-68-753,68,68,753,753,0,0.0
held_out_test,tp-MVI_40854-lane_2-car-forward-792-792,tp,matched,MVI_40854,lane_2,car,forward,gt-MVI_40854-lane_2-car-forward-71-792,pred-MVI_40854-lane_2-car-forward-71-792,71,71,792,792,0,0.0
held_out_test,tp-MVI_40854-lane_2-car-forward-820-820,tp,matched,MVI_40854,lane_2,car,forward,gt-MVI_40854-lane_2-car-forward-73-820,pred-MVI_40854-lane_2-car-forward-73-820,73,73,820,820,0,0.0
held_out_test,tp-MVI_40854-lane_1-car-forward-825-825,tp,matched,MVI_40854,lane_1,car,forward,gt-MVI_40854-lane_1-car-forward-63-825,pred-MVI_40854-lane_1-car-forward-63-825,63,63,825,825,0,0.0
held_out_test,tp-MVI_40854-lane_2-car-forward-846-846,tp,matched,MVI_40854,lane_2,car,forward,gt-MVI_40854-lane_2-car-forward-75-846,pred-MVI_40854-lane_2-car-forward-75-846,75,75,846,846,0,0.0
held_out_test,tp-MVI_40854-lane_2-car-forward-853-853,tp,matched,MVI_40854,lane_2,car,forward,gt-MVI_40854-lane_2-car-forward-74-853,pred-MVI_40854-lane_2-car-forward-74-853,74,74,853,853,0,0.0
held_out_test,tp-MVI_40854-lane_1-car-forward-871-871,tp,matched,MVI_40854,lane_1,car,forward,gt-MVI_40854-lane_1-car-forward-66-871,pred-MVI_40854-lane_1-car-forward-66-871,66,66,871,871,0,0.0
held_out_test,tp-MVI_40854-lane_1-car-forward-876-876,tp,matched,MVI_40854,lane_1,car,forward,gt-MVI_40854-lane_1-car-forward-70-876,pred-MVI_40854-lane_1-car-forward-70-876,70,70,876,876,0,0.0
held_out_test,tp-MVI_40854-lane_2-car-forward-909-909,tp,matched,MVI_40854,lane_2,car,forward,gt-MVI_40854-lane_2-car-forward-76-909,pred-MVI_40854-lane_2-car-forward-76-909,76,76,909,909,0,0.0
held_out_test,tp-MVI_40854-lane_1-car-forward-916-916,tp,matched,MVI_40854,lane_1,car,forward,gt-MVI_40854-lane_1-car-forward-69-916,pred-MVI_40854-lane_1-car-forward-69-916,69,69,916,916,0,0.0
held_out_test,tp-MVI_40854-lane_2-bus-forward-985-985,tp,matched,MVI_40854,lane_2,bus,forward,gt-MVI_40854-lane_2-bus-forward-79-985,pred-MVI_40854-lane_2-bus-forward-79-985,79,79,985,985,0,0.0
held_out_test,tp-MVI_40854-lane_1-car-forward-1077-1077,tp,matched,MVI_40854,lane_1,car,forward,gt-MVI_40854-lane_1-car-forward-78-1077,pred-MVI_40854-lane_1-car-forward-78-1077,78,78,1077,1077,0,0.0
held_out_test,tp-MVI_40854-lane_1-car-forward-1130-1130,tp,matched,MVI_40854,lane_1,car,forward,gt-MVI_40854-lane_1-car-forward-80-1130,pred-MVI_40854-lane_1-car-forward-80-1130,80,80,1130,1130,0,0.0
held_out_test,tp-MVI_40892-lane_1-car-forward-156-156,tp,matched,MVI_40892,lane_1,car,forward,gt-MVI_40892-lane_1-car-forward-3-156,pred-MVI_40892-lane_1-car-forward-3-156,3,3,156,156,0,0.0
held_out_test,tp-MVI_40892-lane_1-car-forward-492-492,tp,matched,MVI_40892,lane_1,car,forward,gt-MVI_40892-lane_1-car-forward-4-492,pred-MVI_40892-lane_1-car-forward-4-492,4,4,492,492,0,0.0
held_out_test,tp-MVI_40892-lane_1-car-forward-656-656,tp,matched,MVI_40892,lane_1,car,forward,gt-MVI_40892-lane_1-car-forward-5-656,pred-MVI_40892-lane_1-car-forward-5-656,5,5,656,656,0,0.0
held_out_test,tp-MVI_40892-lane_1-car-forward-758-758,tp,matched,MVI_40892,lane_1,car,forward,gt-MVI_40892-lane_1-car-forward-7-758,pred-MVI_40892-lane_1-car-forward-7-758,7,7,758,758,0,0.0
