run_id,sample_index,timestamp,elapsed_s,phase,status,uptime_s,frames_read,frames_processed,frames_dropped,snapshot_fps,latest_frame_seq,lane_volume_total,global_unique_count,latest_track_count,last_error,model_name,roi_mode,ai_imgsz,reader_wait_ms,frame_interarrival_ms,frame_age_ms,preprocess_ms,infer_wall_ms,track_ms,render_ms,jpeg_ms,publish_ms,loop_idle_ms,raw_det,kept_det,active_tracks,lost_tracks,dropped_reason,reader_cropped,reader_output,frame_fetch_status,frame_fetch_bytes,frame_fetch_content_type,frame_fetch_seq,frame_fetch_error,sample_dt_s,read_fps_sample,processed_fps_sample,published_fps_sample,dropped_delta,processed_delta,published_delta
phase08-live-hls-30min-20260718,0,1784366216.207,3.163,warmup,starting,0.0,0,0,0,0.0,0,0,0,0,,,,0,,,,,,,,,,,,,,,,,[],404,0,,,"{""detail"":""Live frame not ready""}",0.0,0.0,0.0,0.0,0,0,0
phase08-live-hls-30min-20260718,1,1784366221.207,8.163,warmup,starting,5.0,0,0,0,0.0,0,0,0,0,,,,0,,,,,,,,,,,,,,,,,[],404,0,,,"{""detail"":""Live frame not ready""}",5.0,0.0,0.0,0.0,0,0,0
phase08-live-hls-30min-20260718,2,1784366226.207,13.164,warmup,running,10.0,23,7,0,0.0,7,0,0,1,,models/yolo11m.pt,crop_rect,640,55.0,66.7,0.8,0.5,9.1,0.3,0.3,1.7,2.1,55.0,6,1,1,0,,True,"[1098, 682]",200,224144,image/jpeg,8,,5.001,4.599,1.4,1.4,0,7,7
phase08-live-hls-30min-20260718,3,1784366231.208,18.164,warmup,running,15.0,98,82,0,15.01,82,0,0,2,,models/yolo11m.pt,crop_rect,640,54.5,66.7,0.9,0.5,8.9,0.3,0.3,1.7,2.1,54.5,4,0,0,2,,True,"[1098, 682]",200,210759,image/jpeg,83,,5.0,15.0,15.0,15.0,0,75,75
phase08-live-hls-30min-20260718,4,1784366236.208,23.165,warmup,running,20.0,172,157,0,14.96,157,0,0,1,,models/yolo11m.pt,crop_rect,640,49.3,66.6,0.8,0.5,14.0,0.3,0.3,1.8,2.2,49.3,3,1,1,0,,True,"[1098, 682]",200,222937,image/jpeg,157,,5.001,14.797,14.997,14.997,0,75,75
phase08-live-hls-30min-20260718,5,1784366241.208,28.165,warmup,running,25.0,248,232,0,15.01,232,0,0,1,,models/yolo11m.pt,crop_rect,640,53.9,66.7,0.8,0.5,9.4,0.3,0.4,1.7,2.1,53.9,4,1,1,0,,True,"[1098, 682]",200,219357,image/jpeg,232,,5.0,15.2,15.0,15.0,0,75,75
phase08-live-hls-30min-20260718,6,1784366246.208,33.165,warmup,running,30.0,322,307,0,14.97,307,0,0,1,,models/yolo11m.pt,crop_rect,640,49.8,66.7,0.9,0.5,14.0,0.3,0.3,1.7,2.0,49.8,2,1,1,0,,True,"[1098, 682]",200,211999,image/jpeg,307,,5.0,14.8,15.0,15.0,0,75,75
phase08-live-hls-30min-20260718,7,1784366251.209,38.165,warmup,running,35.0,398,383,0,15.04,383,1,1,1,,models/yolo11m.pt,crop_rect,640,53.7,66.5,0.8,0.5,9.3,0.3,0.4,1.9,2.2,53.7,2,1,1,0,,True,"[1098, 682]",200,224357,image/jpeg,383,,5.0,15.2,15.2,15.2,0,76,76
phase08-live-hls-30min-20260718,8,1784366256.209,43.165,warmup,running,40.0,473,457,0,15.0,457,1,1,1,,models/yolo11m.pt,crop_rect,640,48.6,66.7,0.9,0.5,14.3,0.3,0.4,1.8,2.1,48.6,3,1,1,0,,True,"[1098, 682]",200,217635,image/jpeg,457,,5.0,15.0,14.8,14.8,0,74,74
phase08-live-hls-30min-20260718,9,1784366261.209,48.166,warmup,running,45.0,547,532,0,15.02,532,1,1,1,,models/yolo11m.pt,crop_rect,640,49.8,66.6,0.7,0.5,15.2,0.3,0.4,1.8,2.2,49.8,2,1,1,0,,True,"[1098, 682]",200,234726,image/jpeg,532,,5.001,14.797,14.997,14.997,0,75,75
phase08-live-hls-30min-20260718,10,1784366266.21,53.166,warmup,running,50.0,623,607,0,15.03,607,1,1,2,,models/yolo11m.pt,crop_rect,640,54.4,66.7,0.9,0.5,8.9,0.3,0.3,1.7,2.0,54.4,3,0,0,2,,True,"[1098, 682]",200,217524,image/jpeg,608,,5.0,15.2,15.0,15.0,0,75,75
phase08-live-hls-30min-20260718,11,1784366271.21,58.166,warmup,running,55.0,697,682,0,15.01,682,1,1,1,,models/yolo11m.pt,crop_rect,640,49.8,66.7,0.8,0.5,16.3,0.3,0.3,1.8,2.1,49.8,2,1,1,0,,True,"[1098, 682]",200,239649,image/jpeg,682,,5.0,14.8,15.0,15.0,0,75,75
phase08-live-hls-30min-20260718,12,1784366276.21,63.167,steady_state,running,60.0,772,757,0,15.04,757,1,1,1,,models/yolo11m.pt,crop_rect,640,53.3,66.7,0.9,0.5,9.1,0.3,0.4,1.7,2.1,53.3,3,1,1,0,,True,"[1098, 682]",200,226040,image/jpeg,757,,5.001,14.997,14.997,14.997,0,75,75
phase08-live-hls-30min-20260718,13,1784366281.211,68.167,steady_state,running,65.0,848,832,0,15.03,832,1,1,1,,models/yolo11m.pt,crop_rect,640,49.9,66.7,0.9,0.5,13.9,0.3,0.3,1.8,2.1,49.9,2,1,1,0,,True,"[1098, 682]",200,241976,image/jpeg,832,,5.0,15.2,15.0,15.0,0,75,75
phase08-live-hls-30min-20260718,14,1784366286.211,73.168,steady_state,running,70.0,923,907,0,15.04,907,1,1,1,,models/yolo11m.pt,crop_rect,640,54.7,66.7,0.9,0.5,8.9,0.3,0.4,1.8,2.1,54.7,2,1,1,0,,True,"[1098, 682]",200,230644,image/jpeg,908,,5.001,14.997,14.997,14.997,0,75,75
phase08-live-hls-30min-20260718,15,1784366291.212,78.168,steady_state,running,75.0,998,983,0,15.0,983,1,1,1,,models/yolo11m.pt,crop_rect,640,49.5,66.6,0.7,0.4,13.5,0.3,0.3,1.7,2.1,49.5,2,1,1,0,,True,"[1098, 682]",200,223057,image/jpeg,983,,5.0,15.0,15.2,15.2,0,76,76
phase08-live-hls-30min-20260718,16,1784366296.212,83.168,steady_state,running,80.0,1073,1057,0,15.04,1057,1,1,1,,models/yolo11m.pt,crop_rect,640,54.6,66.7,0.9,0.5,8.7,0.3,0.4,1.7,2.1,54.6,4,1,1,0,,True,"[1098, 682]",200,223630,image/jpeg,1058,,5.0,15.0,14.8,14.8,0,74,74
phase08-live-hls-30min-20260718,17,1784366301.212,88.169,steady_state,running,85.0,1148,1132,0,15.0,1132,1,1,1,,models/yolo11m.pt,crop_rect,640,49.6,66.8,0.9,0.5,14.1,0.3,0.3,1.7,2.0,49.6,3,1,1,0,,True,"[1098, 682]",200,215398,image/jpeg,1132,,5.001,14.997,14.997,14.997,0,75,75
phase08-live-hls-30min-20260718,18,1784366306.212,93.169,steady_state,running,90.0,1223,1208,0,14.99,1208,1,1,1,,models/yolo11m.pt,crop_rect,640,54.5,66.8,0.8,0.5,10.9,0.2,0.3,1.7,2.0,54.5,4,0,0,1,,True,"[1098, 682]",200,214964,image/jpeg,1208,,5.0,15.0,15.2,15.2,0,76,76
phase08-live-hls-30min-20260718,19,1784366311.213,98.169,steady_state,running,95.0,1298,1282,0,15.0,1282,1,1,1,,models/yolo11m.pt,crop_rect,640,50.0,66.7,0.8,0.5,13.8,0.3,0.3,1.8,2.1,50.0,4,1,1,0,,True,"[1098, 682]",200,216090,image/jpeg,1282,,5.0,15.0,14.8,14.8,0,74,74
phase08-live-hls-30min-20260718,20,1784366316.213,103.17,steady_state,running,100.0,1373,1358,0,15.0,1358,1,1,1,,models/yolo11m.pt,crop_rect,640,54.4,66.7,0.8,0.5,9.6,0.3,0.4,1.7,2.0,54.4,3,1,1,0,,True,"[1098, 682]",200,214433,image/jpeg,1358,,5.001,14.997,15.197,15.197,0,76,76
phase08-live-hls-30min-20260718,21,1784366321.213,108.17,steady_state,running,105.0,1448,1432,0,15.02,1432,1,1,1,,models/yolo11m.pt,crop_rect,640,50.2,66.7,0.8,0.5,14.0,0.3,0.3,1.8,2.2,50.2,2,1,1,0,,True,"[1098, 682]",200,227367,image/jpeg,1432,,5.0,15.0,14.8,14.8,0,74,74
phase08-live-hls-30min-20260718,22,1784366326.214,113.17,steady_state,running,110.0,1523,1508,0,15.0,1508,1,1,1,,models/yolo11m.pt,crop_rect,640,55.0,66.6,0.8,0.5,9.5,0.3,0.3,1.7,2.0,55.0,3,1,1,0,,True,"[1098, 682]",200,217058,image/jpeg,1508,,5.0,15.0,15.2,15.2,0,76,76
phase08-live-hls-30min-20260718,23,1784366331.214,118.17,steady_state,running,115.0,1598,1582,0,14.95,1582,1,1,1,,models/yolo11m.pt,crop_rect,640,49.1,66.7,0.8,0.5,14.0,0.3,0.4,1.8,2.2,49.1,2,1,1,0,,True,"[1098, 682]",200,227737,image/jpeg,1583,,5.0,15.0,14.8,14.8,0,74,74
phase08-live-hls-30min-20260718,24,1784366336.214,123.171,steady_state,running,120.0,1673,1657,0,15.04,1657,1,1,1,,models/yolo11m.pt,crop_rect,640,53.6,66.6,0.9,0.5,9.5,0.3,0.4,1.7,2.1,53.6,2,1,1,0,,True,"[1098, 682]",200,217216,image/jpeg,1658,,5.001,14.997,14.997,14.997,0,75,75
phase08-live-hls-30min-20260718,25,1784366341.214,128.171,steady_state,running,125.0,1748,1733,0,15.01,1733,1,1,2,,models/yolo11m.pt,crop_rect,640,49.7,66.6,0.9,0.5,13.8,0.3,0.4,1.8,2.1,49.7,4,1,1,1,,True,"[1098, 682]",200,237966,image/jpeg,1733,,5.0,15.0,15.2,15.2,0,76,76
phase08-live-hls-30min-20260718,26,1784366346.215,133.171,steady_state,running,130.0,1823,1808,0,15.04,1808,1,1,1,,models/yolo11m.pt,crop_rect,640,54.4,66.6,0.8,0.5,10.2,0.3,0.4,1.7,2.1,54.4,4,1,1,0,,True,"[1098, 682]",200,213267,image/jpeg,1808,,5.0,15.0,15.0,15.0,0,75,75
phase08-live-hls-30min-20260718,27,1784366351.215,138.171,steady_state,running,135.0,1898,1882,0,15.0,1882,1,1,1,,models/yolo11m.pt,crop_rect,640,49.1,66.7,0.9,0.5,13.8,0.3,0.3,1.7,2.0,49.1,2,1,1,0,,True,"[1098, 682]",200,229335,image/jpeg,1883,,5.0,15.0,14.8,14.8,0,74,74
phase08-live-hls-30min-20260718,28,1784366356.215,143.172,steady_state,running,140.0,1973,1957,0,15.03,1957,1,1,1,,models/yolo11m.pt,crop_rect,640,52.4,66.7,0.9,0.5,9.5,0.3,0.4,2.0,2.4,52.4,2,1,1,0,,True,"[1098, 682]",200,221080,image/jpeg,1957,,5.001,14.997,14.997,14.997,0,75,75
phase08-live-hls-30min-20260718,29,1784366361.215,148.172,steady_state,running,145.0,2048,2032,0,15.0,2032,1,1,1,,models/yolo11m.pt,crop_rect,640,53.9,66.7,0.9,0.5,9.2,0.3,0.4,1.7,2.0,53.9,5,1,1,0,,True,"[1098, 682]",200,226279,image/jpeg,2032,,5.0,15.0,15.0,15.0,0,75,75
phase08-live-hls-30min-20260718,30,1784366366.216,153.172,steady_state,running,150.0,2123,2108,0,14.91,2108,1,1,1,,models/yolo11m.pt,crop_rect,640,39.0,66.7,0.9,0.5,24.9,0.3,0.4,1.9,2.3,39.0,2,1,1,0,,True,"[1098, 682]",200,231619,image/jpeg,2108,,5.0,15.0,15.2,15.2,0,76,76
phase08-live-hls-30min-20260718,31,1784366371.216,158.172,steady_state,running,155.0,2198,2182,0,15.0,2182,1,1,1,,models/yolo11m.pt,crop_rect,640,52.9,66.6,1.0,0.5,9.4,0.3,0.4,1.8,2.2,52.9,5,1,1,0,,True,"[1098, 682]",200,237526,image/jpeg,2183,,5.0,15.0,14.8,14.8,0,74,74
phase08-live-hls-30min-20260718,32,1784366376.216,163.172,steady_state,running,160.0,2273,2257,0,14.96,2257,1,1,1,,models/yolo11m.pt,crop_rect,640,48.7,66.6,0.8,0.5,14.5,0.3,0.3,1.7,2.1,48.7,2,1,1,0,,True,"[1098, 682]",200,223090,image/jpeg,2258,,5.0,15.0,15.0,15.0,0,75,75
phase08-live-hls-30min-20260718,33,1784366381.216,168.173,steady_state,running,165.0,2348,2333,0,14.99,2333,1,1,3,,models/yolo11m.pt,crop_rect,640,54.0,66.7,0.8,0.6,8.8,0.4,0.3,1.6,2.0,54.0,4,3,3,0,,True,"[1098, 682]",200,196490,image/jpeg,2333,,5.001,14.997,15.197,15.197,0,76,76
phase08-live-hls-30min-20260718,34,1784366386.216,173.173,steady_state,running,170.0,2423,2408,0,14.96,2408,1,1,1,,models/yolo11m.pt,crop_rect,640,49.8,66.7,1.1,0.5,14.2,0.3,0.3,1.8,2.1,49.8,2,1,1,0,,True,"[1098, 682]",200,225125,image/jpeg,2408,,5.0,15.0,15.0,15.0,0,75,75
phase08-live-hls-30min-20260718,35,1784366391.217,178.173,steady_state,running,175.0,2498,2483,0,14.99,2483,1,1,1,,models/yolo11m.pt,crop_rect,640,54.0,66.6,0.6,0.5,8.9,0.3,0.4,1.8,2.1,54.0,2,1,1,0,,True,"[1098, 682]",200,232865,image/jpeg,2483,,5.0,15.0,15.0,15.0,0,75,75
phase08-live-hls-30min-20260718,36,1784366396.217,183.173,steady_state,running,180.0,2573,2557,0,14.96,2557,1,1,1,,models/yolo11m.pt,crop_rect,640,47.6,66.6,0.8,0.5,16.5,0.3,0.4,1.7,2.1,47.6,2,1,1,0,,True,"[1098, 682]",200,242034,image/jpeg,2557,,5.0,15.0,14.8,14.8,0,74,74
phase08-live-hls-30min-20260718,37,1784366401.217,188.174,steady_state,running,185.0,2648,2633,0,15.0,2633,1,1,1,,models/yolo11m.pt,crop_rect,640,54.6,66.7,0.8,0.5,9.8,0.3,0.3,1.8,2.1,54.6,2,1,1,0,,True,"[1098, 682]",200,232270,image/jpeg,2633,,5.001,14.997,15.197,15.197,0,76,76
phase08-live-hls-30min-20260718,38,1784366406.218,193.174,steady_state,running,190.0,2723,2708,0,15.01,2708,1,1,1,,models/yolo11m.pt,crop_rect,640,54.6,66.8,1.0,0.5,10.1,0.3,0.4,1.7,2.1,54.6,3,1,1,0,,True,"[1098, 682]",200,220706,image/jpeg,2708,,5.0,15.0,15.0,15.0,0,75,75
phase08-live-hls-30min-20260718,39,1784366411.218,198.174,steady_state,running,195.0,2798,2783,0,14.99,2783,1,1,1,,models/yolo11m.pt,crop_rect,640,47.1,66.7,0.9,0.5,13.8,0.3,0.3,1.8,2.1,47.1,3,1,1,0,,True,"[1098, 682]",200,236548,image/jpeg,2783,,5.0,15.0,15.0,15.0,0,75,75
phase08-live-hls-30min-20260718,40,1784366416.218,203.174,steady_state,running,200.0,2873,2858,0,15.0,2858,1,1,1,,models/yolo11m.pt,crop_rect,640,0.3,66.7,2.2,0.5,9.1,0.3,0.4,1.7,2.1,0.3,4,1,1,0,,True,"[1098, 682]",200,220933,image/jpeg,2858,,5.0,15.0,15.0,15.0,0,75,75
phase08-live-hls-30min-20260718,41,1784366421.219,208.175,steady_state,running,205.0,2948,2932,0,14.98,2932,1,1,1,,models/yolo11m.pt,crop_rect,640,36.4,66.6,0.8,0.5,53.2,0.3,0.3,1.7,2.1,36.4,3,1,1,0,,True,"[1098, 682]",200,232690,image/jpeg,2932,,5.001,14.997,14.797,14.797,0,74,74
phase08-live-hls-30min-20260718,42,1784366426.219,213.175,steady_state,running,210.0,3023,3008,0,14.99,3008,1,1,1,,models/yolo11m.pt,crop_rect,640,47.3,66.7,0.9,0.5,14.3,0.3,0.3,1.7,2.0,47.3,2,1,1,0,,True,"[1098, 682]",200,230790,image/jpeg,3008,,5.0,15.0,15.2,15.2,0,76,76
phase08-live-hls-30min-20260718,43,1784366431.219,218.175,steady_state,running,215.0,3098,3083,0,15.02,3083,1,1,1,,models/yolo11m.pt,crop_rect,640,47.0,66.8,0.9,0.5,15.1,0.3,0.4,1.7,2.0,47.0,4,1,1,0,,True,"[1098, 682]",200,215622,image/jpeg,3083,,5.0,15.0,15.0,15.0,0,75,75
phase08-live-hls-30min-20260718,44,1784366436.219,223.176,steady_state,running,220.0,3173,3158,0,15.0,3158,1,1,1,,models/yolo11m.pt,crop_rect,640,47.5,66.6,0.7,0.4,15.7,0.3,0.3,1.7,2.1,47.5,4,1,1,0,,True,"[1098, 682]",200,232771,image/jpeg,3158,,5.001,14.997,14.997,14.997,0,75,75
phase08-live-hls-30min-20260718,45,1784366441.22,228.176,steady_state,running,225.0,3248,3233,0,15.01,3233,1,1,1,,models/yolo11m.pt,crop_rect,640,46.5,66.7,0.7,0.5,15.4,0.3,0.3,1.7,2.1,46.5,3,1,1,0,,True,"[1098, 682]",200,232161,image/jpeg,3233,,5.0,15.0,15.0,15.0,0,75,75
phase08-live-hls-30min-20260718,46,1784366446.22,233.176,steady_state,running,230.0,3323,3308,0,14.98,3308,1,1,1,,models/yolo11m.pt,crop_rect,640,37.9,66.6,0.9,0.5,17.5,0.3,0.4,1.8,2.1,37.9,4,1,1,0,,True,"[1098, 682]",200,206482,image/jpeg,3308,,5.0,15.0,15.0,15.0,0,75,75
phase08-live-hls-30min-20260718,47,1784366451.22,238.177,steady_state,running,235.0,3398,3383,0,15.06,3383,1,1,1,,models/yolo11m.pt,crop_rect,640,47.6,66.6,0.7,0.4,17.0,0.3,0.3,1.7,2.0,47.6,2,1,1,0,,True,"[1098, 682]",200,222475,image/jpeg,3383,,5.001,14.997,14.997,14.997,0,75,75
phase08-live-hls-30min-20260718,48,1784366456.22,243.177,steady_state,running,240.0,3473,3458,0,15.0,3458,1,1,1,,models/yolo11m.pt,crop_rect,640,47.4,66.7,1.0,0.5,15.9,0.3,0.4,1.7,2.1,47.4,2,1,1,0,,True,"[1098, 682]",200,230153,image/jpeg,3458,,5.0,15.0,15.0,15.0,0,75,75
phase08-live-hls-30min-20260718,49,1784366461.221,248.177,steady_state,running,245.0,3548,3533,0,15.01,3533,1,1,1,,models/yolo11m.pt,crop_rect,640,47.7,66.7,0.7,0.5,18.3,0.3,0.4,1.7,2.1,47.7,3,1,1,0,,True,"[1098, 682]",200,228130,image/jpeg,3533,,5.0,15.0,15.0,15.0,0,75,75
phase08-live-hls-30min-20260718,50,1784366466.221,253.177,steady_state,running,250.0,3623,3608,0,14.99,3608,1,1,1,,models/yolo11m.pt,crop_rect,640,47.2,66.7,0.9,0.5,16.1,0.3,0.4,1.7,2.1,47.2,3,1,1,0,,True,"[1098, 682]",200,211785,image/jpeg,3608,,5.0,15.0,15.0,15.0,0,75,75
phase08-live-hls-30min-20260718,51,1784366471.221,258.177,steady_state,running,255.0,3698,3683,0,14.99,3683,1,1,1,,models/yolo11m.pt,crop_rect,640,47.2,66.6,0.8,0.5,15.8,0.3,0.3,1.7,2.1,47.2,2,1,1,0,,True,"[1098, 682]",200,238543,image/jpeg,3683,,5.0,15.0,15.0,15.0,0,75,75
phase08-live-hls-30min-20260718,52,1784366476.221,263.178,steady_state,running,260.0,3773,3758,0,15.0,3758,1,1,1,,models/yolo11m.pt,crop_rect,640,49.2,66.7,0.8,0.5,14.4,0.3,0.4,1.6,2.0,49.2,4,1,1,0,,True,"[1098, 682]",200,200256,image/jpeg,3758,,5.001,14.997,14.997,14.997,0,75,75
phase08-live-hls-30min-20260718,53,1784366481.222,268.178,steady_state,running,265.0,3848,3833,0,15.05,3833,1,1,1,,models/yolo11m.pt,crop_rect,640,48.1,66.8,0.8,0.5,15.6,0.3,0.4,1.7,2.1,48.1,2,1,1,0,,True,"[1098, 682]",200,217635,image/jpeg,3833,,5.0,15.0,15.0,15.0,0,75,75
phase08-live-hls-30min-20260718,54,1784366486.222,273.178,steady_state,running,270.0,3923,3908,0,15.0,3908,1,1,2,,models/yolo11m.pt,crop_rect,640,47.9,66.8,0.8,0.5,16.3,0.3,0.4,1.7,2.1,47.9,3,2,2,0,,True,"[1098, 682]",200,225404,image/jpeg,3908,,5.0,15.0,15.0,15.0,0,75,75
phase08-live-hls-30min-20260718,55,1784366491.222,278.179,steady_state,running,275.0,3998,3983,0,15.04,3983,1,1,1,,models/yolo11m.pt,crop_rect,640,47.8,66.6,0.8,0.5,16.0,0.3,0.3,1.7,2.1,47.8,2,1,1,0,,True,"[1098, 682]",200,214721,image/jpeg,3983,,5.001,14.997,14.997,14.997,0,75,75
phase08-live-hls-30min-20260718,56,1784366496.222,283.179,steady_state,running,280.0,4073,4058,0,15.0,4058,1,1,1,,models/yolo11m.pt,crop_rect,640,48.5,66.7,0.8,0.5,16.0,0.3,0.3,1.7,2.1,48.5,4,1,1,0,,True,"[1098, 682]",200,215296,image/jpeg,4058,,5.0,15.0,15.0,15.0,0,75,75
phase08-live-hls-30min-20260718,57,1784366501.223,288.179,steady_state,running,285.0,4148,4133,0,15.0,4133,1,1,1,,models/yolo11m.pt,crop_rect,640,48.0,66.7,0.8,0.5,16.6,0.3,0.4,1.8,2.1,48.0,4,1,1,0,,True,"[1098, 682]",200,233323,image/jpeg,4133,,5.0,15.0,15.0,15.0,0,75,75
phase08-live-hls-30min-20260718,58,1784366506.223,293.18,steady_state,running,290.0,4223,4208,0,15.07,4208,1,1,2,,models/yolo11m.pt,crop_rect,640,50.3,66.7,0.9,0.5,14.8,0.3,0.4,1.7,2.1,50.3,3,2,2,0,,True,"[1098, 682]",200,238904,image/jpeg,4208,,5.001,14.997,14.997,14.997,0,75,75
phase08-live-hls-30min-20260718,59,1784366511.223,298.18,steady_state,running,295.0,4298,4283,0,15.0,4283,1,1,2,,models/yolo11m.pt,crop_rect,640,48.2,66.7,0.7,0.5,15.6,0.3,0.4,1.8,2.2,48.2,3,2,2,0,,True,"[1098, 682]",200,243131,image/jpeg,4283,,5.0,15.0,15.0,15.0,0,75,75
phase08-live-hls-30min-20260718,60,1784366516.224,303.18,steady_state,running,300.0,4373,4358,0,15.0,4358,1,1,1,,models/yolo11m.pt,crop_rect,640,47.7,66.6,0.9,0.5,17.6,0.3,0.4,1.7,2.1,47.7,4,1,1,0,,True,"[1098, 682]",200,213641,image/jpeg,4358,,5.0,15.0,15.0,15.0,0,75,75
phase08-live-hls-30min-20260718,61,1784366521.224,308.181,steady_state,running,305.0,4448,4433,0,14.98,4433,1,1,2,,models/yolo11m.pt,crop_rect,640,49.3,66.7,0.9,0.5,16.8,0.3,0.4,1.8,2.2,49.3,3,2,2,0,,True,"[1098, 682]",200,232324,image/jpeg,4433,,5.001,14.997,14.997,14.997,0,75,75
phase08-live-hls-30min-20260718,62,1784366526.224,313.181,steady_state,running,310.0,4523,4508,0,15.0,4508,1,1,2,,models/yolo11m.pt,crop_rect,640,49.5,66.8,0.8,0.5,17.0,0.3,0.4,1.7,2.1,49.5,3,2,2,0,,True,"[1098, 682]",200,219955,image/jpeg,4508,,5.0,15.0,15.0,15.0,0,75,75
phase08-live-hls-30min-20260718,63,1784366531.225,318.181,steady_state,running,315.0,4598,4583,0,15.0,4583,1,1,2,,models/yolo11m.pt,crop_rect,640,49.1,66.7,0.8,0.5,16.8,0.3,0.4,1.7,2.0,49.1,3,2,2,0,,True,"[1098, 682]",200,216203,image/jpeg,4583,,5.0,15.0,15.0,15.0,0,75,75
phase08-live-hls-30min-20260718,64,1784366536.225,323.181,steady_state,running,320.0,4673,4658,0,15.0,4658,1,1,2,,models/yolo11m.pt,crop_rect,640,48.9,66.6,0.9,0.5,16.5,0.3,0.4,1.8,2.1,48.9,3,2,2,0,,True,"[1098, 682]",200,230114,image/jpeg,4658,,5.0,15.0,15.0,15.0,0,75,75
phase08-live-hls-30min-20260718,65,1784366541.225,328.182,steady_state,running,325.0,4748,4733,0,14.99,4733,1,1,2,,models/yolo11m.pt,crop_rect,640,49.4,66.7,0.8,0.5,15.9,0.3,0.4,1.7,2.1,49.4,3,2,2,0,,True,"[1098, 682]",200,227380,image/jpeg,4733,,5.001,14.997,14.997,14.997,0,75,75
phase08-live-hls-30min-20260718,66,1784366546.226,333.182,steady_state,running,330.0,4823,4808,0,14.99,4808,1,1,2,,models/yolo11m.pt,crop_rect,640,48.5,66.7,0.9,0.5,16.3,0.3,0.4,1.7,2.1,48.5,4,2,2,0,,True,"[1098, 682]",200,206503,image/jpeg,4808,,5.0,15.0,15.0,15.0,0,75,75
phase08-live-hls-30min-20260718,67,1784366551.226,338.183,steady_state,running,335.0,4898,4883,0,14.98,4883,1,1,2,,models/yolo11m.pt,crop_rect,640,48.9,66.6,0.7,0.5,16.6,0.3,0.4,1.8,2.2,48.9,4,2,2,0,,True,"[1098, 682]",200,222702,image/jpeg,4883,,5.001,14.997,14.997,14.997,0,75,75
phase08-live-hls-30min-20260718,68,1784366556.226,343.183,steady_state,running,340.0,4973,4958,0,15.0,4958,1,1,2,,models/yolo11m.pt,crop_rect,640,48.5,66.6,0.7,0.5,16.8,0.4,0.4,1.8,2.1,48.5,4,2,2,0,,True,"[1098, 682]",200,237946,image/jpeg,4958,,5.0,15.0,15.0,15.0,0,75,75
phase08-live-hls-30min-20260718,69,1784366561.227,348.183,steady_state,running,345.0,5048,5033,0,14.93,5033,1,1,3,,models/yolo11m.pt,crop_rect,640,49.0,66.7,0.8,0.5,15.5,0.3,0.4,1.7,2.1,49.0,5,1,1,2,,True,"[1098, 682]",200,220442,image/jpeg,5033,,5.0,15.0,15.0,15.0,0,75,75
phase08-live-hls-30min-20260718,70,1784366566.227,353.184,steady_state,running,350.0,5123,5108,0,15.0,5108,1,1,2,,models/yolo11m.pt,crop_rect,640,39.7,66.6,0.7,0.5,26.6,0.4,0.3,1.8,2.2,39.7,4,2,2,0,,True,"[1098, 682]",200,213350,image/jpeg,5108,,5.001,14.997,14.997,14.997,0,75,75
phase08-live-hls-30min-20260718,71,1784366571.228,358.184,steady_state,running,355.0,5198,5183,0,15.01,5183,1,1,1,,models/yolo11m.pt,crop_rect,640,49.5,66.7,0.6,0.5,13.8,0.3,0.4,1.7,2.0,49.5,4,1,1,0,,True,"[1098, 682]",200,189996,image/jpeg,5183,,5.0,15.0,15.0,15.0,0,75,75
phase08-live-hls-30min-20260718,72,1784366576.228,363.185,steady_state,running,360.0,5273,5258,0,15.01,5258,2,2,2,,models/yolo11m.pt,crop_rect,640,49.5,66.7,0.9,0.5,14.4,0.4,0.4,1.7,2.1,49.5,3,2,2,0,,True,"[1098, 682]",200,217986,image/jpeg,5258,,5.001,14.997,14.997,14.997,0,75,75
phase08-live-hls-30min-20260718,73,1784366581.228,368.185,steady_state,running,365.0,5348,5333,0,15.0,5333,2,2,2,,models/yolo11m.pt,crop_rect,640,49.3,66.6,0.7,0.5,14.7,0.3,0.4,1.7,2.1,49.3,4,2,2,0,,True,"[1098, 682]",200,221305,image/jpeg,5333,,5.0,15.0,15.0,15.0,0,75,75
phase08-live-hls-30min-20260718,74,1784366586.229,373.185,steady_state,running,370.0,5423,5408,0,14.99,5408,3,3,4,,models/yolo11m.pt,crop_rect,640,49.4,66.6,0.6,0.5,14.5,0.4,0.4,1.6,2.0,49.4,6,3,3,1,,True,"[1098, 682]",200,187023,image/jpeg,5408,,5.0,15.0,15.0,15.0,0,75,75
phase08-live-hls-30min-20260718,75,1784366591.229,378.186,steady_state,running,375.0,5498,5483,0,15.0,5483,4,4,3,,models/yolo11m.pt,crop_rect,640,49.6,66.6,0.8,0.5,14.4,0.4,0.4,1.6,2.0,49.6,6,3,3,0,,True,"[1098, 682]",200,197636,image/jpeg,5483,,5.001,14.997,14.997,14.997,0,75,75
phase08-live-hls-30min-20260718,76,1784366596.23,383.186,steady_state,running,380.0,5573,5558,0,15.0,5558,5,5,3,,models/yolo11m.pt,crop_rect,640,48.9,66.6,0.6,0.5,14.4,0.3,0.3,1.5,1.9,48.9,7,2,2,1,,True,"[1098, 682]",200,186241,image/jpeg,5558,,5.0,15.0,15.0,15.0,0,75,75
phase08-live-hls-30min-20260718,77,1784366601.23,388.186,steady_state,running,385.0,5648,5633,0,15.03,5633,8,7,2,,models/yolo11m.pt,crop_rect,640,50.1,66.6,0.8,0.5,12.9,0.3,0.3,1.9,2.2,50.1,4,1,1,1,,True,"[1098, 682]",200,210153,image/jpeg,5633,,5.0,15.0,15.0,15.0,0,75,75
phase08-live-hls-30min-20260718,78,1784366606.23,393.186,steady_state,running,390.0,5723,5708,0,15.0,5708,8,7,2,,models/yolo11m.pt,crop_rect,640,49.7,66.8,0.6,0.5,14.1,0.3,0.4,1.7,2.1,49.7,4,2,2,0,,True,"[1098, 682]",200,223053,image/jpeg,5708,,5.0,15.0,15.0,15.0,0,75,75
phase08-live-hls-30min-20260718,79,1784366611.23,398.186,steady_state,running,395.0,5798,5783,0,15.0,5783,8,7,2,,models/yolo11m.pt,crop_rect,640,49.3,66.8,0.8,0.5,14.0,0.3,0.4,1.9,2.2,49.3,3,2,2,0,,True,"[1098, 682]",200,229987,image/jpeg,5783,,5.0,15.0,15.0,15.0,0,75,75
phase08-live-hls-30min-20260718,80,1784366616.23,403.187,steady_state,running,400.0,5873,5858,0,14.93,5858,8,7,2,,models/yolo11m.pt,crop_rect,640,49.0,66.6,0.9,0.5,14.8,0.3,0.4,1.8,2.2,49.0,3,2,2,0,,True,"[1098, 682]",200,237715,image/jpeg,5858,,5.001,14.997,14.997,14.997,0,75,75
phase08-live-hls-30min-20260718,81,1784366621.23,408.187,steady_state,running,405.0,5949,5933,0,15.0,5933,8,7,2,,models/yolo11m.pt,crop_rect,640,48.9,66.7,0.7,0.5,14.2,0.3,0.4,1.7,2.1,48.9,4,2,2,0,,True,"[1098, 682]",200,231074,image/jpeg,5934,,5.0,15.2,15.0,15.0,0,75,75
phase08-live-hls-30min-20260718,82,1784366626.231,413.187,steady_state,running,410.0,6023,6008,0,14.99,6008,8,7,2,,models/yolo11m.pt,crop_rect,640,49.2,66.6,0.8,0.5,14.7,0.3,0.4,1.7,2.1,49.2,3,2,2,0,,True,"[1098, 682]",200,224429,image/jpeg,6008,,5.0,14.8,15.0,15.0,0,75,75
phase08-live-hls-30min-20260718,83,1784366631.231,418.187,steady_state,running,415.0,6098,6083,0,14.99,6083,8,7,2,,models/yolo11m.pt,crop_rect,640,48.8,66.7,0.9,0.5,15.1,0.3,0.4,1.8,2.2,48.8,3,2,2,0,,True,"[1098, 682]",200,239325,image/jpeg,6083,,5.0,15.0,15.0,15.0,0,75,75
phase08-live-hls-30min-20260718,84,1784366636.231,423.187,steady_state,running,420.0,6174,6158,0,15.0,6158,9,8,2,,models/yolo11m.pt,crop_rect,640,48.9,66.7,0.8,0.5,14.4,0.4,0.4,1.6,2.0,48.9,6,2,2,0,,True,"[1098, 682]",200,191984,image/jpeg,6159,,5.0,15.2,15.0,15.0,0,75,75
phase08-live-hls-30min-20260718,85,1784366641.231,428.188,steady_state,running,425.0,6248,6233,0,15.05,6233,9,8,2,,models/yolo11m.pt,crop_rect,640,49.1,66.6,0.8,0.5,14.7,0.3,0.4,1.8,2.2,49.1,5,2,2,0,,True,"[1098, 682]",200,218488,image/jpeg,6233,,5.001,14.797,14.997,14.997,0,75,75
phase08-live-hls-30min-20260718,86,1784366646.231,433.188,steady_state,running,430.0,6324,6308,0,15.0,6308,9,8,2,,models/yolo11m.pt,crop_rect,640,49.1,66.6,0.8,0.5,14.4,0.3,0.4,1.9,2.2,49.1,4,2,2,0,,True,"[1098, 682]",200,222653,image/jpeg,6309,,5.0,15.2,15.0,15.0,0,75,75
phase08-live-hls-30min-20260718,87,1784366651.232,438.188,steady_state,running,435.0,6398,6383,0,15.0,6383,9,8,2,,models/yolo11m.pt,crop_rect,640,48.5,66.7,0.8,0.5,14.1,0.3,0.3,1.8,2.2,48.5,4,2,2,0,,True,"[1098, 682]",200,221442,image/jpeg,6383,,5.0,14.8,15.0,15.0,0,75,75
phase08-live-hls-30min-20260718,88,1784366656.232,443.189,steady_state,running,440.0,6474,6458,0,14.99,6458,10,9,3,,models/yolo11m.pt,crop_rect,640,48.2,66.7,0.9,0.5,14.4,0.4,0.4,1.7,2.1,48.2,5,3,3,0,,True,"[1098, 682]",200,224302,image/jpeg,6458,,5.001,15.197,14.997,14.997,0,75,75
phase08-live-hls-30min-20260718,89,1784366661.232,448.189,steady_state,running,445.0,6549,6533,0,15.01,6533,12,11,2,,models/yolo11m.pt,crop_rect,640,47.4,66.7,0.8,0.5,14.4,0.3,0.4,1.7,2.0,47.4,4,2,2,0,,True,"[1098, 682]",200,214266,image/jpeg,6533,,5.0,15.0,15.0,15.0,0,75,75
phase08-live-hls-30min-20260718,90,1784366666.232,453.189,steady_state,running,450.1,6624,6608,0,15.0,6608,12,11,2,,models/yolo11m.pt,crop_rect,640,47.0,66.6,0.8,0.5,14.9,0.3,0.4,1.7,2.1,47.0,5,2,2,0,,True,"[1098, 682]",200,222387,image/jpeg,6609,,5.0,15.0,15.0,15.0,0,75,75
phase08-live-hls-30min-20260718,91,1784366671.233,458.189,steady_state,running,455.1,6699,6683,0,15.02,6683,12,11,2,,models/yolo11m.pt,crop_rect,640,42.2,66.7,0.9,0.5,22.0,0.3,0.4,1.8,2.2,42.2,3,2,2,0,,True,"[1098, 682]",200,244241,image/jpeg,6684,,5.0,15.0,15.0,15.0,0,75,75
phase08-live-hls-30min-20260718,92,1784366676.233,463.189,steady_state,running,460.0,6773,6758,0,15.0,6758,12,11,2,,models/yolo11m.pt,crop_rect,640,48.7,66.6,0.8,0.5,14.8,0.3,0.4,1.7,2.1,48.7,5,2,2,0,,True,"[1098, 682]",200,232235,image/jpeg,6758,,5.0,14.8,15.0,15.0,0,75,75
phase08-live-hls-30min-20260718,93,1784366681.233,468.19,steady_state,running,465.0,6849,6833,0,14.99,6833,12,11,2,,models/yolo11m.pt,crop_rect,640,49.5,66.7,0.8,0.5,14.7,0.3,0.4,1.8,2.1,49.5,3,2,2,0,,True,"[1098, 682]",200,243107,image/jpeg,6833,,5.001,15.197,14.997,14.997,0,75,75
phase08-live-hls-30min-20260718,94,1784366686.234,473.19,steady_state,running,470.0,6923,6908,0,15.0,6908,12,11,2,,models/yolo11m.pt,crop_rect,640,48.7,66.7,0.8,0.5,14.2,0.3,0.4,1.8,2.2,48.7,3,2,2,0,,True,"[1098, 682]",200,241838,image/jpeg,6908,,5.0,14.8,15.0,15.0,0,75,75
phase08-live-hls-30min-20260718,95,1784366691.234,478.191,steady_state,running,475.0,6999,6983,0,15.01,6983,12,11,2,,models/yolo11m.pt,crop_rect,640,48.8,66.7,0.9,0.5,14.5,0.3,0.4,1.8,2.1,48.8,4,2,2,0,,True,"[1098, 682]",200,238417,image/jpeg,6983,,5.001,15.197,14.997,14.997,0,75,75
phase08-live-hls-30min-20260718,96,1784366696.234,483.191,steady_state,running,480.0,7073,7058,0,15.01,7058,12,11,2,,models/yolo11m.pt,crop_rect,640,48.4,66.7,0.6,0.5,14.7,0.3,0.3,1.9,2.2,48.4,3,2,2,0,,True,"[1098, 682]",200,234223,image/jpeg,7059,,5.0,14.8,15.0,15.0,0,75,75
phase08-live-hls-30min-20260718,97,1784366701.235,488.191,steady_state,running,485.0,7149,7133,0,15.0,7133,12,11,2,,models/yolo11m.pt,crop_rect,640,48.5,66.7,0.8,0.5,15.4,0.3,0.4,1.7,2.1,48.5,4,2,2,0,,True,"[1098, 682]",200,227136,image/jpeg,7134,,5.0,15.2,15.0,15.0,0,75,75
phase08-live-hls-30min-20260718,98,1784366706.235,493.191,steady_state,running,490.1,7224,7209,0,15.01,7209,12,11,2,,models/yolo11m.pt,crop_rect,640,49.2,66.6,0.8,0.5,14.3,0.3,0.4,1.7,2.1,49.2,6,2,2,0,,True,"[1098, 682]",200,228369,image/jpeg,7209,,5.0,15.0,15.2,15.2,0,76,76
phase08-live-hls-30min-20260718,99,1784366711.235,498.191,steady_state,running,495.0,7299,7283,0,14.99,7283,12,11,2,,models/yolo11m.pt,crop_rect,640,47.5,66.8,0.6,0.5,14.0,0.3,0.4,1.7,2.1,47.5,6,2,2,0,,True,"[1098, 682]",200,222928,image/jpeg,7284,,5.0,15.0,14.8,14.8,0,74,74
phase08-live-hls-30min-20260718,100,1784366716.235,503.192,steady_state,running,500.0,7373,7358,0,15.0,7358,12,11,2,,models/yolo11m.pt,crop_rect,640,47.9,66.7,0.9,0.5,14.6,0.3,0.4,1.7,2.0,47.9,4,2,2,0,,True,"[1098, 682]",200,216160,image/jpeg,7358,,5.001,14.797,14.997,14.997,0,75,75
phase08-live-hls-30min-20260718,101,1784366721.235,508.192,steady_state,running,505.1,7449,7434,0,14.99,7434,12,11,2,,models/yolo11m.pt,crop_rect,640,48.4,66.7,0.8,0.5,14.3,0.3,0.4,1.7,2.1,48.4,6,2,2,0,,True,"[1098, 682]",200,230252,image/jpeg,7434,,5.0,15.2,15.2,15.2,0,76,76
phase08-live-hls-30min-20260718,102,1784366726.236,513.192,steady_state,running,510.0,7524,7508,0,15.0,7508,12,11,2,,models/yolo11m.pt,crop_rect,640,47.7,66.8,0.9,0.5,14.7,0.3,0.4,1.7,2.1,47.7,6,2,2,0,,True,"[1098, 682]",200,215347,image/jpeg,7508,,5.0,15.0,14.8,14.8,0,74,74
phase08-live-hls-30min-20260718,103,1784366731.236,518.193,steady_state,running,515.0,7599,7583,0,14.95,7583,12,11,2,,models/yolo11m.pt,crop_rect,640,53.6,66.7,0.8,0.5,9.4,0.3,0.4,1.8,2.1,53.6,3,2,2,0,,True,"[1098, 682]",200,240008,image/jpeg,7583,,5.001,14.997,14.997,14.997,0,75,75
phase08-live-hls-30min-20260718,104,1784366736.237,523.193,steady_state,running,520.0,7674,7658,0,15.0,7658,12,11,2,,models/yolo11m.pt,crop_rect,640,47.0,66.7,0.7,0.5,14.4,0.3,0.4,1.7,2.1,47.0,4,2,2,0,,True,"[1098, 682]",200,221703,image/jpeg,7658,,5.0,15.0,15.0,15.0,0,75,75
phase08-live-hls-30min-20260718,105,1784366741.237,528.193,steady_state,running,525.0,7749,7733,0,14.99,7733,12,11,2,,models/yolo11m.pt,crop_rect,640,46.4,66.7,0.9,0.5,15.2,0.3,0.4,1.8,2.1,46.4,3,2,2,0,,True,"[1098, 682]",200,249470,image/jpeg,7734,,5.0,15.0,15.0,15.0,0,75,75
phase08-live-hls-30min-20260718,106,1784366746.237,533.193,steady_state,running,530.1,7824,7809,0,14.99,7809,12,11,2,,models/yolo11m.pt,crop_rect,640,48.1,66.7,0.8,0.5,19.8,0.3,0.3,1.9,2.3,48.1,3,2,2,0,,True,"[1098, 682]",200,241804,image/jpeg,7809,,5.0,15.0,15.2,15.2,0,76,76
phase08-live-hls-30min-20260718,107,1784366751.238,538.194,steady_state,running,535.0,7899,7883,0,15.01,7883,12,11,2,,models/yolo11m.pt,crop_rect,640,47.4,66.7,0.8,0.5,15.2,0.3,0.4,1.8,2.1,47.4,3,2,2,0,,True,"[1098, 682]",200,234726,image/jpeg,7884,,5.001,14.997,14.797,14.797,0,74,74
phase08-live-hls-30min-20260718,108,1784366756.238,543.195,steady_state,running,540.0,7974,7958,0,15.0,7958,12,11,2,,models/yolo11m.pt,crop_rect,640,47.1,66.7,0.9,0.5,16.2,0.3,0.4,1.7,2.1,47.1,5,2,2,0,,True,"[1098, 682]",200,230027,image/jpeg,7959,,5.001,14.997,14.997,14.997,0,75,75
phase08-live-hls-30min-20260718,109,1784366761.238,548.195,steady_state,running,545.0,8049,8033,0,15.02,8033,12,11,2,,models/yolo11m.pt,crop_rect,640,47.1,66.4,0.8,0.5,16.2,0.3,0.4,1.7,2.1,47.1,5,2,2,0,,True,"[1098, 682]",200,229562,image/jpeg,8034,,5.0,15.0,15.0,15.0,0,75,75
phase08-live-hls-30min-20260718,110,1784366766.239,553.195,steady_state,running,550.0,8124,8108,0,15.0,8108,12,11,2,,models/yolo11m.pt,crop_rect,640,47.6,66.7,0.8,0.5,15.9,0.3,0.4,1.7,2.1,47.6,3,2,2,0,,True,"[1098, 682]",200,231116,image/jpeg,8109,,5.0,15.0,15.0,15.0,0,75,75
phase08-live-hls-30min-20260718,111,1784366771.239,558.196,steady_state,running,555.0,8199,8183,0,15.0,8183,12,11,2,,models/yolo11m.pt,crop_rect,640,46.5,66.6,0.6,0.5,16.4,0.3,0.4,1.9,2.3,46.5,4,2,2,0,,True,"[1098, 682]",200,230386,image/jpeg,8184,,5.001,14.997,14.997,14.997,0,75,75
phase08-live-hls-30min-20260718,112,1784366776.239,563.196,steady_state,running,560.0,8274,8259,0,14.99,8259,12,11,2,,models/yolo11m.pt,crop_rect,640,46.1,66.6,0.7,0.5,16.0,0.3,0.4,1.8,2.1,46.1,3,2,2,0,,True,"[1098, 682]",200,237820,image/jpeg,8259,,5.0,15.0,15.2,15.2,0,76,76
phase08-live-hls-30min-20260718,113,1784366781.24,568.196,steady_state,running,565.1,8349,8334,0,15.0,8334,12,11,2,,models/yolo11m.pt,crop_rect,640,46.7,66.7,0.9,0.5,15.4,0.3,0.4,1.7,2.1,46.7,5,2,2,0,,True,"[1098, 682]",200,229923,image/jpeg,8334,,5.0,15.0,15.0,15.0,0,75,75
phase08-live-hls-30min-20260718,114,1784366786.24,573.197,steady_state,running,570.0,8424,8408,0,14.99,8408,12,11,2,,models/yolo11m.pt,crop_rect,640,47.1,66.7,0.7,0.5,17.4,0.3,0.4,1.8,2.2,47.1,5,2,2,0,,True,"[1098, 682]",200,216900,image/jpeg,8409,,5.001,14.997,14.797,14.797,0,74,74
phase08-live-hls-30min-20260718,115,1784366791.241,578.197,steady_state,running,575.0,8499,8483,0,15.0,8483,12,11,2,,models/yolo11m.pt,crop_rect,640,45.2,66.8,0.7,0.4,16.2,0.3,0.4,1.8,2.1,45.2,6,2,2,0,,True,"[1098, 682]",200,240147,image/jpeg,8483,,5.0,15.0,15.0,15.0,0,75,75
phase08-live-hls-30min-20260718,116,1784366796.241,583.197,steady_state,running,580.0,8574,8558,0,15.01,8558,12,11,2,,models/yolo11m.pt,crop_rect,640,47.3,66.5,0.6,0.4,16.9,0.4,0.4,1.7,2.1,47.3,5,2,2,0,,True,"[1098, 682]",200,222149,image/jpeg,8558,,5.0,15.0,15.0,15.0,0,75,75
phase08-live-hls-30min-20260718,117,1784366801.241,588.197,steady_state,running,585.1,8649,8634,0,14.99,8634,12,11,2,,models/yolo11m.pt,crop_rect,640,46.0,66.6,0.7,0.5,21.6,0.3,0.4,1.8,2.1,46.0,5,2,2,0,,True,"[1098, 682]",200,242020,image/jpeg,8634,,5.0,15.0,15.2,15.2,0,76,76
phase08-live-hls-30min-20260718,118,1784366806.241,593.198,steady_state,running,590.1,8724,8709,0,14.95,8709,12,11,2,,models/yolo11m.pt,crop_rect,640,47.1,66.6,0.8,0.5,16.2,0.3,0.4,1.7,2.1,47.1,5,2,2,0,,True,"[1098, 682]",200,221273,image/jpeg,8709,,5.001,14.997,14.997,14.997,0,75,75
phase08-live-hls-30min-20260718,119,1784366811.241,598.198,steady_state,running,595.0,8799,8783,0,15.01,8783,12,11,2,,models/yolo11m.pt,crop_rect,640,36.9,66.7,0.9,0.5,27.1,0.3,0.4,1.8,2.1,36.9,4,2,2,0,,True,"[1098, 682]",200,231234,image/jpeg,8783,,5.0,15.0,14.8,14.8,0,74,74
phase08-live-hls-30min-20260718,120,1784366816.241,603.198,steady_state,running,600.0,8874,8858,0,15.0,8858,12,11,2,,models/yolo11m.pt,crop_rect,640,47.4,66.6,0.9,0.5,16.4,0.3,0.4,1.7,2.1,47.4,3,2,2,0,,True,"[1098, 682]",200,218663,image/jpeg,8859,,5.0,15.0,15.0,15.0,0,75,75
phase08-live-hls-30min-20260718,121,1784366821.242,608.198,steady_state,running,605.0,8949,8934,0,15.0,8934,12,11,2,,models/yolo11m.pt,crop_rect,640,47.0,66.7,0.8,0.5,16.7,0.3,0.4,1.7,2.1,47.0,3,2,2,0,,True,"[1098, 682]",200,225386,image/jpeg,8934,,5.0,15.0,15.2,15.2,0,76,76
phase08-live-hls-30min-20260718,122,1784366826.242,613.199,steady_state,running,610.0,9024,9009,0,15.02,9009,12,11,2,,models/yolo11m.pt,crop_rect,640,47.5,66.6,0.9,0.5,16.1,0.4,0.4,1.8,2.2,47.5,4,2,2,0,,True,"[1098, 682]",200,224983,image/jpeg,9009,,5.001,14.997,14.997,14.997,0,75,75
phase08-live-hls-30min-20260718,123,1784366831.243,618.199,steady_state,running,615.0,9099,9083,0,15.0,9083,12,11,2,,models/yolo11m.pt,crop_rect,640,38.4,66.5,0.8,0.5,24.4,0.3,0.4,1.8,2.2,38.4,4,2,2,0,,True,"[1098, 682]",200,239360,image/jpeg,9083,,5.0,15.0,14.8,14.8,0,74,74
phase08-live-hls-30min-20260718,124,1784366836.243,623.2,steady_state,running,620.1,9174,9159,0,15.01,9159,12,11,2,,models/yolo11m.pt,crop_rect,640,46.8,66.7,0.8,0.5,17.2,0.3,0.4,1.7,2.1,46.8,3,2,2,0,,True,"[1098, 682]",200,227323,image/jpeg,9159,,5.001,14.997,15.197,15.197,0,76,76
phase08-live-hls-30min-20260718,125,1784366841.244,628.2,steady_state,running,625.1,9249,9234,0,15.0,9234,14,13,3,,models/yolo11m.pt,crop_rect,640,47.3,66.6,0.8,0.5,15.7,0.4,0.4,1.6,2.0,47.3,5,2,2,1,,True,"[1098, 682]",200,209295,image/jpeg,9234,,5.0,15.0,15.0,15.0,0,75,75
phase08-live-hls-30min-20260718,126,1784366846.244,633.2,steady_state,running,630.1,9324,9309,0,15.0,9309,15,14,2,,models/yolo11m.pt,crop_rect,640,39.6,66.7,0.7,0.5,23.0,0.4,0.4,1.6,2.0,39.6,4,2,2,0,,True,"[1098, 682]",200,193205,image/jpeg,9309,,5.0,15.0,15.0,15.0,0,75,75
phase08-live-hls-30min-20260718,127,1784366851.244,638.201,steady_state,running,635.0,9399,9384,0,15.0,9384,15,14,2,,models/yolo11m.pt,crop_rect,640,47.1,66.5,0.9,0.5,16.7,0.3,0.4,1.7,2.1,47.1,5,2,2,0,,True,"[1098, 682]",200,217252,image/jpeg,9384,,5.001,14.997,14.997,14.997,0,75,75
phase08-live-hls-30min-20260718,128,1784366856.244,643.201,steady_state,running,640.1,9474,9459,0,15.06,9459,15,14,3,,models/yolo11m.pt,crop_rect,640,47.5,66.6,0.7,0.5,16.2,0.3,0.4,1.7,2.1,47.5,4,1,1,2,,True,"[1098, 682]",200,227271,image/jpeg,9459,,5.0,15.0,15.0,15.0,0,75,75
phase08-live-hls-30min-20260718,129,1784366861.245,648.201,steady_state,running,645.1,9549,9534,0,15.0,9534,15,14,2,,models/yolo11m.pt,crop_rect,640,47.5,66.7,0.8,0.5,15.7,0.3,0.4,1.7,2.2,47.5,5,2,2,0,,True,"[1098, 682]",200,240217,image/jpeg,9534,,5.0,15.0,15.0,15.0,0,75,75
phase08-live-hls-30min-20260718,130,1784366866.245,653.201,steady_state,running,650.0,9624,9609,0,15.0,9609,15,14,2,,models/yolo11m.pt,crop_rect,640,48.0,66.7,0.8,0.5,16.3,0.3,0.4,1.7,2.0,48.0,4,2,2,0,,True,"[1098, 682]",200,217536,image/jpeg,9609,,5.0,15.0,15.0,15.0,0,75,75
phase08-live-hls-30min-20260718,131,1784366871.245,658.202,steady_state,running,655.1,9699,9684,0,15.0,9684,15,14,2,,models/yolo11m.pt,crop_rect,640,47.5,66.6,0.6,0.4,16.1,0.3,0.4,1.7,2.1,47.5,3,2,2,0,,True,"[1098, 682]",200,229909,image/jpeg,9684,,5.001,14.997,14.997,14.997,0,75,75
phase08-live-hls-30min-20260718,132,1784366876.246,663.202,steady_state,running,660.1,9774,9759,0,14.92,9759,15,14,2,,models/yolo11m.pt,crop_rect,640,48.9,66.7,0.8,0.5,15.4,0.3,0.4,1.8,2.2,48.9,3,2,2,0,,True,"[1098, 682]",200,243183,image/jpeg,9759,,5.0,15.0,15.0,15.0,0,75,75
phase08-live-hls-30min-20260718,133,1784366881.246,668.202,steady_state,running,665.1,9849,9834,0,15.11,9834,15,14,3,,models/yolo11m.pt,crop_rect,640,49.2,66.6,0.7,0.5,17.1,0.3,0.4,1.7,2.1,49.2,4,3,3,0,,True,"[1098, 682]",200,226104,image/jpeg,9834,,5.0,15.0,15.0,15.0,0,75,75
phase08-live-hls-30min-20260718,134,1784366886.246,673.202,steady_state,running,670.1,9924,9909,0,14.96,9909,15,14,2,,models/yolo11m.pt,crop_rect,640,49.0,66.5,0.8,0.5,16.0,0.3,0.4,1.7,2.1,49.0,3,2,2,0,,True,"[1098, 682]",200,231667,image/jpeg,9909,,5.0,15.0,15.0,15.0,0,75,75
phase08-live-hls-30min-20260718,135,1784366891.246,678.203,steady_state,running,675.1,9999,9984,0,15.0,9984,15,14,2,,models/yolo11m.pt,crop_rect,640,38.8,66.6,0.9,0.5,24.9,0.3,0.4,1.8,2.1,38.8,4,2,2,0,,True,"[1098, 682]",200,227612,image/jpeg,9984,,5.001,14.997,14.997,14.997,0,75,75
phase08-live-hls-30min-20260718,136,1784366896.247,683.203,steady_state,running,680.1,10074,10059,0,15.01,10059,15,14,2,,models/yolo11m.pt,crop_rect,640,49.1,66.6,0.9,0.5,16.3,0.3,0.4,1.8,2.3,49.1,3,2,2,0,,True,"[1098, 682]",200,245639,image/jpeg,10059,,5.0,15.0,15.0,15.0,0,75,75
phase08-live-hls-30min-20260718,137,1784366901.247,688.203,steady_state,running,685.1,10149,10134,0,14.94,10134,15,14,2,,models/yolo11m.pt,crop_rect,640,48.5,66.6,0.7,0.5,15.7,0.4,0.4,1.6,2.0,48.5,6,2,2,0,,True,"[1098, 682]",200,203518,image/jpeg,10134,,5.0,15.0,15.0,15.0,0,75,75
phase08-live-hls-30min-20260718,138,1784366906.247,693.204,steady_state,running,690.1,10224,10209,0,14.99,10209,15,14,2,,models/yolo11m.pt,crop_rect,640,49.5,66.5,0.8,0.5,15.8,0.4,0.4,1.6,2.0,49.5,4,2,2,0,,True,"[1098, 682]",200,198692,image/jpeg,10209,,5.001,14.997,14.997,14.997,0,75,75
phase08-live-hls-30min-20260718,139,1784366911.247,698.204,steady_state,running,695.1,10299,10284,0,14.99,10284,15,14,2,,models/yolo11m.pt,crop_rect,640,38.2,66.7,0.8,0.5,26.2,0.3,0.4,1.7,2.0,38.2,3,2,2,0,,True,"[1098, 682]",200,213250,image/jpeg,10284,,5.0,15.0,15.0,15.0,0,75,75
phase08-live-hls-30min-20260718,140,1784366916.248,703.204,steady_state,running,700.1,10374,10359,0,15.01,10359,15,14,2,,models/yolo11m.pt,crop_rect,640,48.5,66.7,0.8,0.7,15.7,0.5,0.4,1.8,2.1,48.5,5,2,2,0,,True,"[1098, 682]",200,220428,image/jpeg,10359,,5.0,15.0,15.0,15.0,0,75,75
phase08-live-hls-30min-20260718,141,1784366921.248,708.204,steady_state,running,705.1,10449,10434,0,15.0,10434,15,14,2,,models/yolo11m.pt,crop_rect,640,48.2,66.7,0.9,0.5,14.6,0.3,0.4,1.7,2.1,48.2,4,2,2,0,,True,"[1098, 682]",200,224203,image/jpeg,10434,,5.0,15.0,15.0,15.0,0,75,75
phase08-live-hls-30min-20260718,142,1784366926.248,713.205,steady_state,running,710.0,10524,10509,0,14.93,10509,15,14,2,,models/yolo11m.pt,crop_rect,640,47.7,66.7,0.9,0.5,14.9,0.4,0.4,1.8,2.2,47.7,5,2,2,0,,True,"[1098, 682]",200,210649,image/jpeg,10509,,5.001,14.997,14.997,14.997,0,75,75
phase08-live-hls-30min-20260718,143,1784366931.248,718.205,steady_state,running,715.0,10599,10584,0,15.01,10584,15,14,2,,models/yolo11m.pt,crop_rect,640,47.4,66.7,0.9,0.5,14.9,0.3,0.4,1.8,2.1,47.4,3,2,2,0,,True,"[1098, 682]",200,224869,image/jpeg,10584,,5.0,15.0,15.0,15.0,0,75,75
phase08-live-hls-30min-20260718,144,1784366936.248,723.205,steady_state,running,720.1,10674,10659,0,15.09,10659,15,14,2,,models/yolo11m.pt,crop_rect,640,49.5,66.7,0.8,0.5,14.8,0.3,0.4,1.7,2.1,49.5,6,2,2,0,,True,"[1098, 682]",200,201723,image/jpeg,10659,,5.0,15.0,15.0,15.0,0,75,75
phase08-live-hls-30min-20260718,145,1784366941.249,728.205,steady_state,running,725.1,10749,10734,0,15.0,10734,15,14,2,,models/yolo11m.pt,crop_rect,640,39.2,66.7,0.8,0.5,23.9,0.3,0.4,1.7,2.1,39.2,3,2,2,0,,True,"[1098, 682]",200,234577,image/jpeg,10734,,5.0,15.0,15.0,15.0,0,75,75
phase08-live-hls-30min-20260718,146,1784366946.249,733.206,steady_state,running,730.1,10824,10809,0,15.0,10809,15,14,3,,models/yolo11m.pt,crop_rect,640,49.6,66.8,0.8,0.5,14.2,0.3,0.4,1.7,2.1,49.6,4,2,2,1,,True,"[1098, 682]",200,190723,image/jpeg,10809,,5.001,14.997,14.997,14.997,0,75,75
phase08-live-hls-30min-20260718,147,1784366951.249,738.206,steady_state,running,735.1,10899,10884,0,15.0,10884,15,14,2,,models/yolo11m.pt,crop_rect,640,49.4,66.7,0.8,0.5,14.4,0.3,0.4,1.8,2.2,49.4,3,2,2,0,,True,"[1098, 682]",200,229961,image/jpeg,10884,,5.0,15.0,15.0,15.0,0,75,75
phase08-live-hls-30min-20260718,148,1784366956.25,743.206,steady_state,running,740.1,10974,10959,0,14.92,10959,15,14,2,,models/yolo11m.pt,crop_rect,640,49.6,66.6,0.8,0.5,14.8,0.3,0.3,1.7,2.0,49.6,4,2,2,0,,True,"[1098, 682]",200,212533,image/jpeg,10959,,5.0,15.0,15.0,15.0,0,75,75
phase08-live-hls-30min-20260718,149,1784366961.25,748.206,steady_state,running,745.0,11049,11034,0,14.92,11034,15,14,3,,models/yolo11m.pt,crop_rect,640,48.9,66.7,0.9,0.5,14.8,0.4,0.4,1.7,2.1,48.9,4,2,2,1,,True,"[1098, 682]",200,216831,image/jpeg,11034,,5.0,15.0,15.0,15.0,0,75,75
phase08-live-hls-30min-20260718,150,1784366966.25,753.207,steady_state,running,750.1,11124,11109,0,15.02,11109,16,15,2,,models/yolo11m.pt,crop_rect,640,48.4,66.7,0.8,0.5,14.5,0.3,0.4,1.7,2.0,48.4,4,2,2,0,,True,"[1098, 682]",200,215278,image/jpeg,11109,,5.001,14.997,14.997,14.997,0,75,75
phase08-live-hls-30min-20260718,151,1784366971.251,758.207,steady_state,running,755.1,11199,11184,0,15.03,11184,16,15,2,,models/yolo11m.pt,crop_rect,640,49.7,66.7,0.8,0.5,13.9,0.3,0.4,1.7,2.1,49.7,3,2,2,0,,True,"[1098, 682]",200,223813,image/jpeg,11184,,5.0,15.0,15.0,15.0,0,75,75
phase08-live-hls-30min-20260718,152,1784366976.251,763.207,steady_state,running,760.1,11274,11259,0,15.0,11259,16,15,2,,models/yolo11m.pt,crop_rect,640,49.0,66.7,0.7,0.5,13.8,0.3,0.4,1.7,2.1,49.0,4,2,2,0,,True,"[1098, 682]",200,216980,image/jpeg,11259,,5.0,15.0,15.0,15.0,0,75,75
phase08-live-hls-30min-20260718,153,1784366981.251,768.208,steady_state,running,765.0,11349,11334,0,15.0,11334,16,15,2,,models/yolo11m.pt,crop_rect,640,49.5,66.7,0.8,0.5,15.0,0.3,0.3,1.7,2.1,49.5,6,2,2,0,,True,"[1098, 682]",200,223101,image/jpeg,11334,,5.001,14.997,14.997,14.997,0,75,75
phase08-live-hls-30min-20260718,154,1784366986.251,773.208,steady_state,running,770.1,11424,11409,0,15.0,11409,16,15,2,,models/yolo11m.pt,crop_rect,640,49.2,66.7,0.6,0.5,13.9,0.3,0.3,1.7,2.0,49.2,5,1,1,1,,True,"[1098, 682]",200,216520,image/jpeg,11409,,5.0,15.0,15.0,15.0,0,75,75
phase08-live-hls-30min-20260718,155,1784366991.252,778.208,steady_state,running,775.0,11499,11484,0,15.0,11484,16,15,2,,models/yolo11m.pt,crop_rect,640,41.4,66.7,0.8,0.5,21.7,0.3,0.4,2.0,2.4,41.4,3,2,2,0,,True,"[1098, 682]",200,237075,image/jpeg,11484,,5.0,15.0,15.0,15.0,0,75,75
phase08-live-hls-30min-20260718,156,1784366996.252,783.208,steady_state,running,780.0,11574,11559,0,15.0,11559,16,15,2,,models/yolo11m.pt,crop_rect,640,48.8,66.6,0.9,0.6,14.4,0.4,0.4,1.7,2.1,48.8,4,2,2,0,,True,"[1098, 682]",200,234356,image/jpeg,11559,,5.0,15.0,15.0,15.0,0,75,75
phase08-live-hls-30min-20260718,157,1784367001.252,788.209,steady_state,running,785.0,11649,11634,0,15.06,11634,16,15,2,,models/yolo11m.pt,crop_rect,640,41.5,66.7,0.8,0.6,21.5,0.3,0.4,1.8,2.2,41.5,3,2,2,0,,True,"[1098, 682]",200,219441,image/jpeg,11634,,5.001,14.997,14.997,14.997,0,75,75
phase08-live-hls-30min-20260718,158,1784367006.253,793.209,steady_state,running,790.1,11724,11709,0,15.01,11709,16,15,2,,models/yolo11m.pt,crop_rect,640,50.1,66.8,0.8,0.5,13.8,0.3,0.4,1.8,2.2,50.1,3,2,2,0,,True,"[1098, 682]",200,237363,image/jpeg,11709,,5.0,15.0,15.0,15.0,0,75,75
phase08-live-hls-30min-20260718,159,1784367011.253,798.21,steady_state,running,795.1,11799,11784,0,15.0,11784,16,15,2,,models/yolo11m.pt,crop_rect,640,49.1,66.7,0.9,0.5,14.2,0.3,0.3,1.8,2.1,49.1,3,2,2,0,,True,"[1098, 682]",200,226442,image/jpeg,11784,,5.001,14.997,14.997,14.997,0,75,75
phase08-live-hls-30min-20260718,160,1784367016.254,803.21,steady_state,running,800.1,11874,11859,0,15.0,11859,16,15,2,,models/yolo11m.pt,crop_rect,640,49.1,66.7,0.8,0.5,14.7,0.3,0.4,1.7,2.1,49.1,4,2,2,0,,True,"[1098, 682]",200,233619,image/jpeg,11859,,5.0,15.0,15.0,15.0,0,75,75
phase08-live-hls-30min-20260718,161,1784367021.254,808.21,steady_state,running,805.1,11950,11934,0,14.93,11934,16,15,2,,models/yolo11m.pt,crop_rect,640,49.1,66.6,0.8,0.5,14.0,0.3,0.3,1.9,2.2,49.1,3,2,2,0,,True,"[1098, 682]",200,228054,image/jpeg,11934,,5.0,15.2,15.0,15.0,0,75,75
phase08-live-hls-30min-20260718,162,1784367026.254,813.211,steady_state,running,810.1,12024,12009,0,15.0,12009,16,15,2,,models/yolo11m.pt,crop_rect,640,50.4,66.7,0.8,0.5,13.1,0.3,0.4,1.7,2.1,50.4,4,2,2,0,,True,"[1098, 682]",200,221394,image/jpeg,12009,,5.001,14.797,14.997,14.997,0,75,75
phase08-live-hls-30min-20260718,163,1784367031.255,818.211,steady_state,running,815.1,12100,12084,0,15.07,12084,16,15,2,,models/yolo11m.pt,crop_rect,640,48.9,66.6,0.8,0.5,14.4,0.3,0.4,1.7,2.1,48.9,4,2,2,0,,True,"[1098, 682]",200,227011,image/jpeg,12084,,5.0,15.2,15.0,15.0,0,75,75
phase08-live-hls-30min-20260718,164,1784367036.255,823.211,steady_state,running,820.0,12174,12159,0,15.08,12159,16,15,2,,models/yolo11m.pt,crop_rect,640,49.0,66.7,0.9,0.5,14.1,0.3,0.4,1.8,2.2,49.0,4,2,2,0,,True,"[1098, 682]",200,215816,image/jpeg,12159,,5.0,14.8,15.0,15.0,0,75,75
phase08-live-hls-30min-20260718,165,1784367041.255,828.212,steady_state,running,825.1,12249,12234,0,14.99,12234,18,17,3,,models/yolo11m.pt,crop_rect,640,49.4,66.7,0.8,0.5,14.5,0.3,0.4,1.7,2.0,49.4,4,2,2,1,,True,"[1098, 682]",200,216598,image/jpeg,12234,,5.001,14.997,14.997,14.997,0,75,75
phase08-live-hls-30min-20260718,166,1784367046.255,833.212,steady_state,running,830.1,12324,12309,0,15.0,12309,18,17,2,,models/yolo11m.pt,crop_rect,640,48.7,66.7,0.8,0.5,14.6,0.3,0.4,1.9,2.3,48.7,5,2,2,0,,True,"[1098, 682]",200,221463,image/jpeg,12309,,5.0,15.0,15.0,15.0,0,75,75
phase08-live-hls-30min-20260718,167,1784367051.256,838.212,steady_state,running,835.1,12400,12384,0,15.0,12384,19,18,2,,models/yolo11m.pt,crop_rect,640,48.0,66.5,0.9,0.5,14.3,0.3,0.4,1.7,2.1,48.0,4,2,2,0,,True,"[1098, 682]",200,222272,image/jpeg,12384,,5.0,15.2,15.0,15.0,0,75,75
phase08-live-hls-30min-20260718,168,1784367056.256,843.213,steady_state,running,840.1,12474,12459,0,15.01,12459,19,18,3,,models/yolo11m.pt,crop_rect,640,48.1,66.7,0.8,0.5,14.2,0.3,0.4,1.6,2.0,48.1,4,3,3,0,,True,"[1098, 682]",200,199749,image/jpeg,12459,,5.001,14.797,14.997,14.997,0,75,75
phase08-live-hls-30min-20260718,169,1784367061.256,848.213,steady_state,running,845.1,12550,12534,0,15.01,12534,23,22,2,,models/yolo11m.pt,crop_rect,640,47.9,66.7,0.9,0.5,13.3,0.3,0.3,1.6,2.0,47.9,4,2,2,0,,True,"[1098, 682]",200,208298,image/jpeg,12534,,5.0,15.2,15.0,15.0,0,75,75
phase08-live-hls-30min-20260718,170,1784367066.257,853.213,steady_state,running,850.1,12624,12609,0,15.0,12609,23,22,2,,models/yolo11m.pt,crop_rect,640,46.0,66.7,0.8,0.5,14.5,0.3,0.4,1.8,2.2,46.0,3,2,2,0,,True,"[1098, 682]",200,238527,image/jpeg,12609,,5.0,14.8,15.0,15.0,0,75,75
phase08-live-hls-30min-20260718,171,1784367071.257,858.213,steady_state,running,855.1,12700,12684,0,15.01,12684,23,22,2,,models/yolo11m.pt,crop_rect,640,47.6,66.7,0.9,0.5,14.2,0.3,0.4,1.7,2.1,47.6,4,2,2,0,,True,"[1098, 682]",200,228376,image/jpeg,12684,,5.0,15.2,15.0,15.0,0,75,75
phase08-live-hls-30min-20260718,172,1784367076.257,863.214,steady_state,running,860.1,12775,12759,0,15.01,12759,23,22,2,,models/yolo11m.pt,crop_rect,640,46.7,66.7,1.0,0.5,14.4,0.3,0.4,1.9,2.3,46.7,4,2,2,0,,True,"[1098, 682]",200,228031,image/jpeg,12759,,5.001,14.997,14.997,14.997,0,75,75
phase08-live-hls-30min-20260718,173,1784367081.257,868.214,steady_state,running,865.1,12850,12834,0,15.03,12834,23,22,2,,models/yolo11m.pt,crop_rect,640,48.9,66.6,0.8,0.5,13.4,0.3,0.4,1.8,2.3,48.9,3,2,2,0,,True,"[1098, 682]",200,245970,image/jpeg,12835,,5.0,15.0,15.0,15.0,0,75,75
phase08-live-hls-30min-20260718,174,1784367086.258,873.214,steady_state,running,870.1,12925,12909,0,15.0,12909,23,22,2,,models/yolo11m.pt,crop_rect,640,45.4,66.7,0.9,0.5,15.1,0.3,0.4,1.8,2.2,45.4,4,2,2,0,,True,"[1098, 682]",200,221088,image/jpeg,12910,,5.0,15.0,15.0,15.0,0,75,75
phase08-live-hls-30min-20260718,175,1784367091.258,878.214,steady_state,running,875.1,13000,12984,0,15.03,12984,23,22,2,,models/yolo11m.pt,crop_rect,640,47.6,66.7,0.8,0.5,15.2,0.3,0.4,1.7,2.1,47.6,3,2,2,0,,True,"[1098, 682]",200,230656,image/jpeg,12985,,5.0,15.0,15.0,15.0,0,75,75
phase08-live-hls-30min-20260718,176,1784367096.258,883.214,steady_state,running,880.1,13075,13059,0,15.01,13059,23,22,2,,models/yolo11m.pt,crop_rect,640,47.2,66.7,0.7,0.5,15.6,0.3,0.4,1.7,2.1,47.2,3,2,2,0,,True,"[1098, 682]",200,231003,image/jpeg,13060,,5.0,15.0,15.0,15.0,0,75,75
phase08-live-hls-30min-20260718,177,1784367101.258,888.214,steady_state,running,885.1,13150,13134,0,14.99,13134,23,22,2,,models/yolo11m.pt,crop_rect,640,38.5,66.7,1.0,0.5,23.8,0.3,0.4,1.7,2.1,38.5,5,2,2,0,,True,"[1098, 682]",200,217726,image/jpeg,13135,,5.0,15.0,15.0,15.0,0,75,75
phase08-live-hls-30min-20260718,178,1784367106.258,893.215,steady_state,running,890.1,13225,13209,0,15.06,13209,24,22,2,,models/yolo11m.pt,crop_rect,640,47.1,66.7,0.8,0.5,16.2,0.3,0.4,1.7,2.0,47.1,4,2,2,0,,True,"[1098, 682]",200,213098,image/jpeg,13210,,5.001,14.997,14.997,14.997,0,75,75
phase08-live-hls-30min-20260718,179,1784367111.258,898.215,steady_state,running,895.1,13299,13284,0,15.0,13284,24,22,2,,models/yolo11m.pt,crop_rect,640,48.9,66.8,0.6,0.5,14.7,0.3,0.4,1.7,2.1,48.9,3,2,2,0,,True,"[1098, 682]",200,227519,image/jpeg,13284,,5.0,14.8,15.0,15.0,0,75,75
phase08-live-hls-30min-20260718,180,1784367116.259,903.215,steady_state,running,900.1,13375,13360,0,15.0,13360,24,22,2,,models/yolo11m.pt,crop_rect,640,45.7,66.6,0.9,0.5,14.4,0.3,0.4,1.7,2.1,45.7,4,2,2,0,,True,"[1098, 682]",200,220665,image/jpeg,13360,,5.0,15.2,15.2,15.2,0,76,76
phase08-live-hls-30min-20260718,181,1784367121.259,908.216,steady_state,running,905.1,13450,13434,0,15.0,13434,24,22,2,,models/yolo11m.pt,crop_rect,640,47.8,66.7,0.6,0.5,17.4,0.3,0.4,1.8,2.2,47.8,3,2,2,0,,True,"[1098, 682]",200,227295,image/jpeg,13435,,5.001,14.997,14.797,14.797,0,74,74
phase08-live-hls-30min-20260718,182,1784367126.259,913.216,steady_state,running,910.1,13525,13509,0,15.0,13509,24,22,2,,models/yolo11m.pt,crop_rect,640,47.6,66.6,0.9,0.5,16.3,0.3,0.4,1.8,2.2,47.6,3,2,2,0,,True,"[1098, 682]",200,239790,image/jpeg,13509,,5.0,15.0,15.0,15.0,0,75,75
phase08-live-hls-30min-20260718,183,1784367131.26,918.216,steady_state,running,915.1,13600,13584,0,15.02,13584,24,22,2,,models/yolo11m.pt,crop_rect,640,46.8,66.7,0.7,0.5,16.1,0.3,0.4,1.7,2.1,46.8,6,2,2,0,,True,"[1098, 682]",200,226369,image/jpeg,13585,,5.0,15.0,15.0,15.0,0,75,75
phase08-live-hls-30min-20260718,184,1784367136.26,923.216,steady_state,running,920.1,13675,13659,0,15.01,13659,24,22,2,,models/yolo11m.pt,crop_rect,640,47.4,66.7,0.8,0.5,16.3,0.3,0.4,1.7,2.0,47.4,4,2,2,0,,True,"[1098, 682]",200,208201,image/jpeg,13660,,5.0,15.0,15.0,15.0,0,75,75
phase08-live-hls-30min-20260718,185,1784367141.26,928.216,steady_state,running,925.1,13750,13734,0,15.0,13734,24,22,2,,models/yolo11m.pt,crop_rect,640,46.8,66.6,0.6,0.5,15.8,0.3,0.4,1.7,2.1,46.8,5,2,2,0,,True,"[1098, 682]",200,239134,image/jpeg,13735,,5.0,15.0,15.0,15.0,0,75,75
phase08-live-hls-30min-20260718,186,1784367146.26,933.217,steady_state,running,930.1,13825,13809,0,14.93,13809,24,22,2,,models/yolo11m.pt,crop_rect,640,47.5,66.5,0.8,0.5,16.1,0.3,0.4,1.7,2.1,47.5,4,2,2,0,,True,"[1098, 682]",200,238657,image/jpeg,13810,,5.001,14.997,14.997,14.997,0,75,75
phase08-live-hls-30min-20260718,187,1784367151.261,938.217,steady_state,running,935.1,13900,13884,0,14.99,13884,24,22,2,,models/yolo11m.pt,crop_rect,640,47.9,66.6,0.6,0.4,16.6,0.3,0.4,1.7,2.1,47.9,4,2,2,0,,True,"[1098, 682]",200,222641,image/jpeg,13884,,5.0,15.0,15.0,15.0,0,75,75
phase08-live-hls-30min-20260718,188,1784367156.261,943.217,steady_state,running,940.1,13975,13959,0,15.0,13959,24,22,2,,models/yolo11m.pt,crop_rect,640,47.5,66.7,0.8,0.5,16.4,0.4,0.4,1.6,2.0,47.5,4,2,2,0,,True,"[1098, 682]",200,209894,image/jpeg,13959,,5.0,15.0,15.0,15.0,0,75,75
phase08-live-hls-30min-20260718,189,1784367161.261,948.218,steady_state,running,945.1,14050,14034,0,15.0,14034,24,22,2,,models/yolo11m.pt,crop_rect,640,47.8,66.6,0.7,0.5,16.0,0.3,0.4,1.7,2.1,47.8,6,2,2,0,,True,"[1098, 682]",200,212644,image/jpeg,14035,,5.001,14.997,14.997,14.997,0,75,75
phase08-live-hls-30min-20260718,190,1784367166.261,953.218,steady_state,running,950.1,14125,14110,0,15.01,14110,24,22,2,,models/yolo11m.pt,crop_rect,640,47.8,66.7,0.8,0.5,17.9,0.3,0.4,1.6,2.1,47.8,3,2,2,0,,True,"[1098, 682]",200,193849,image/jpeg,14110,,5.0,15.0,15.2,15.2,0,76,76
phase08-live-hls-30min-20260718,191,1784367171.262,958.219,steady_state,running,955.1,14200,14184,0,15.0,14184,24,22,2,,models/yolo11m.pt,crop_rect,640,48.4,66.6,0.6,0.4,15.6,0.3,0.4,1.6,2.0,48.4,6,2,2,0,,True,"[1098, 682]",200,188466,image/jpeg,14184,,5.001,14.997,14.797,14.797,0,74,74
phase08-live-hls-30min-20260718,192,1784367176.262,963.219,steady_state,running,960.1,14275,14259,0,15.01,14259,24,22,2,,models/yolo11m.pt,crop_rect,640,47.3,66.5,0.8,0.5,16.7,0.3,0.4,1.6,2.0,47.3,4,2,2,0,,True,"[1098, 682]",200,189966,image/jpeg,14259,,5.0,15.0,15.0,15.0,0,75,75
phase08-live-hls-30min-20260718,193,1784367181.263,968.219,steady_state,running,965.1,14350,14334,0,14.99,14334,24,22,2,,models/yolo11m.pt,crop_rect,640,47.4,66.7,0.8,0.5,17.4,0.3,0.4,1.7,2.0,47.4,4,2,2,0,,True,"[1098, 682]",200,213952,image/jpeg,14334,,5.0,15.0,15.0,15.0,0,75,75
phase08-live-hls-30min-20260718,194,1784367186.263,973.22,steady_state,running,970.1,14425,14410,0,14.99,14410,25,23,2,,models/yolo11m.pt,crop_rect,640,47.7,66.8,0.8,0.5,16.1,0.3,0.4,1.7,2.1,47.7,3,2,2,0,,True,"[1098, 682]",200,211519,image/jpeg,14410,,5.001,14.997,15.197,15.197,0,76,76
phase08-live-hls-30min-20260718,195,1784367191.263,978.22,steady_state,running,975.1,14500,14484,0,15.02,14484,25,23,2,,models/yolo11m.pt,crop_rect,640,48.3,66.7,0.9,0.5,18.1,0.3,0.4,2.4,2.8,48.3,6,2,2,0,,True,"[1098, 682]",200,227608,image/jpeg,14485,,5.0,15.0,14.8,14.8,0,74,74
phase08-live-hls-30min-20260718,196,1784367196.264,983.22,steady_state,running,980.1,14575,14560,0,14.99,14560,25,23,2,,models/yolo11m.pt,crop_rect,640,47.1,66.7,0.6,0.4,16.4,0.3,0.4,1.7,2.0,47.1,3,2,2,0,,True,"[1098, 682]",200,212424,image/jpeg,14560,,5.0,15.0,15.2,15.2,0,76,76
phase08-live-hls-30min-20260718,197,1784367201.264,988.221,steady_state,running,985.1,14650,14635,0,15.0,14635,25,23,2,,models/yolo11m.pt,crop_rect,640,47.4,66.7,0.8,0.5,16.0,0.3,0.4,1.8,2.2,47.4,6,2,2,0,,True,"[1098, 682]",200,231090,image/jpeg,14635,,5.001,14.997,14.997,14.997,0,75,75
phase08-live-hls-30min-20260718,198,1784367206.265,993.221,steady_state,running,990.1,14725,14710,0,15.0,14710,25,23,2,,models/yolo11m.pt,crop_rect,640,39.1,66.7,0.9,0.5,16.3,0.3,0.4,1.7,2.1,39.1,4,2,2,0,,True,"[1098, 682]",200,233335,image/jpeg,14710,,5.0,15.0,15.0,15.0,0,75,75
phase08-live-hls-30min-20260718,199,1784367211.265,998.221,steady_state,running,995.1,14800,14785,0,15.05,14785,25,23,2,,models/yolo11m.pt,crop_rect,640,47.4,66.7,0.8,0.5,16.1,0.3,0.4,1.7,2.1,47.4,4,2,2,0,,True,"[1098, 682]",200,225188,image/jpeg,14785,,5.0,15.0,15.0,15.0,0,75,75
phase08-live-hls-30min-20260718,200,1784367216.265,1003.222,steady_state,running,1000.1,14875,14860,0,15.0,14860,25,23,2,,models/yolo11m.pt,crop_rect,640,48.2,66.7,0.8,0.5,16.4,0.4,0.4,1.7,2.1,48.2,5,2,2,0,,True,"[1098, 682]",200,225947,image/jpeg,14860,,5.001,14.997,14.997,14.997,0,75,75
phase08-live-hls-30min-20260718,201,1784367221.266,1008.222,steady_state,running,1005.1,14950,14935,0,14.99,14935,25,23,2,,models/yolo11m.pt,crop_rect,640,35.8,66.7,0.9,0.5,9.0,0.4,0.4,1.8,2.3,35.8,5,2,2,0,,True,"[1098, 682]",200,231337,image/jpeg,14935,,5.0,15.0,15.0,15.0,0,75,75
phase08-live-hls-30min-20260718,202,1784367226.266,1013.222,steady_state,running,1010.1,15025,15009,0,15.0,15009,25,23,2,,models/yolo11m.pt,crop_rect,640,49.8,66.8,0.9,0.5,14.2,0.3,0.5,1.9,2.4,49.8,5,2,2,0,,True,"[1098, 682]",200,224682,image/jpeg,15010,,5.0,15.0,14.8,14.8,0,74,74
phase08-live-hls-30min-20260718,203,1784367231.266,1018.222,steady_state,running,1015.1,15100,15084,0,14.92,15084,25,23,2,,models/yolo11m.pt,crop_rect,640,49.8,66.6,0.6,0.5,14.7,0.3,0.4,1.8,2.2,49.8,3,2,2,0,,True,"[1098, 682]",200,233396,image/jpeg,15085,,5.0,15.0,15.0,15.0,0,75,75
phase08-live-hls-30min-20260718,204,1784367236.266,1023.223,steady_state,running,1020.1,15175,15160,0,14.99,15160,25,23,2,,models/yolo11m.pt,crop_rect,640,49.0,66.7,0.9,0.5,16.3,0.3,0.4,1.8,2.2,49.0,3,2,2,0,,True,"[1098, 682]",200,229941,image/jpeg,15160,,5.001,14.997,15.197,15.197,0,76,76
phase08-live-hls-30min-20260718,205,1784367241.266,1028.223,steady_state,running,1025.1,15250,15234,0,15.0,15234,26,24,3,,models/yolo11m.pt,crop_rect,640,49.8,66.6,0.9,0.5,14.7,0.3,0.4,1.7,2.1,49.8,4,3,3,0,,True,"[1098, 682]",200,203810,image/jpeg,15234,,5.0,15.0,14.8,14.8,0,74,74
phase08-live-hls-30min-20260718,206,1784367246.267,1033.223,steady_state,running,1030.1,15325,15310,0,15.0,15310,26,24,2,,models/yolo11m.pt,crop_rect,640,48.7,66.7,0.8,0.5,16.8,0.3,0.4,1.7,2.1,48.7,3,2,2,0,,True,"[1098, 682]",200,224056,image/jpeg,15310,,5.0,15.0,15.2,15.2,0,76,76
phase08-live-hls-30min-20260718,207,1784367251.267,1038.223,steady_state,running,1035.1,15400,15385,0,14.98,15385,26,24,2,,models/yolo11m.pt,crop_rect,640,50.8,66.8,0.8,0.5,15.7,0.3,0.4,1.7,2.1,50.8,3,2,2,0,,True,"[1098, 682]",200,217180,image/jpeg,15385,,5.0,15.0,15.0,15.0,0,75,75
phase08-live-hls-30min-20260718,208,1784367256.267,1043.224,steady_state,running,1040.1,15475,15459,0,15.01,15459,26,24,2,,models/yolo11m.pt,crop_rect,640,49.1,66.7,0.8,0.5,14.5,0.3,0.4,1.7,2.1,49.1,4,2,2,0,,True,"[1098, 682]",200,223415,image/jpeg,15460,,5.001,14.997,14.797,14.797,0,74,74
phase08-live-hls-30min-20260718,209,1784367261.267,1048.224,steady_state,running,1045.1,15550,15534,0,15.0,15534,27,25,2,,models/yolo11m.pt,crop_rect,640,49.8,66.8,0.6,0.5,14.0,0.3,0.3,1.7,2.0,49.8,2,1,1,1,,True,"[1098, 682]",200,221775,image/jpeg,15535,,5.0,15.0,15.0,15.0,0,75,75
phase08-live-hls-30min-20260718,210,1784367266.267,1053.224,steady_state,running,1050.1,15625,15610,0,15.08,15610,27,25,2,,models/yolo11m.pt,crop_rect,640,49.1,66.6,0.9,0.5,14.9,0.3,0.4,1.7,2.1,49.1,3,2,2,0,,True,"[1098, 682]",200,211350,image/jpeg,15610,,5.0,15.0,15.2,15.2,0,76,76
phase08-live-hls-30min-20260718,211,1784367271.268,1058.224,steady_state,running,1055.1,15700,15684,0,15.0,15684,27,25,2,,models/yolo11m.pt,crop_rect,640,49.4,66.6,0.8,0.5,14.4,0.3,0.3,1.8,2.1,49.4,4,1,1,1,,True,"[1098, 682]",200,232479,image/jpeg,15685,,5.0,15.0,14.8,14.8,0,74,74
phase08-live-hls-30min-20260718,212,1784367276.268,1063.224,steady_state,running,1060.1,15775,15760,0,15.0,15760,27,25,2,,models/yolo11m.pt,crop_rect,640,49.4,66.8,0.7,0.5,14.7,0.3,0.4,1.7,2.1,49.4,4,2,2,0,,True,"[1098, 682]",200,200632,image/jpeg,15760,,5.0,15.0,15.2,15.2,0,76,76
phase08-live-hls-30min-20260718,213,1784367281.268,1068.225,steady_state,running,1065.1,15850,15835,0,15.0,15835,28,26,2,,models/yolo11m.pt,crop_rect,640,49.9,66.7,0.8,0.5,14.5,0.3,0.4,1.6,2.0,49.9,5,2,2,0,,True,"[1098, 682]",200,183656,image/jpeg,15835,,5.001,14.997,14.997,14.997,0,75,75
phase08-live-hls-30min-20260718,214,1784367286.268,1073.225,steady_state,running,1070.1,15925,15910,0,15.01,15910,28,26,2,,models/yolo11m.pt,crop_rect,640,49.2,66.7,0.7,0.5,14.0,0.3,0.4,1.6,2.0,49.2,5,2,2,0,,True,"[1098, 682]",200,204023,image/jpeg,15910,,5.0,15.0,15.0,15.0,0,75,75
phase08-live-hls-30min-20260718,215,1784367291.269,1078.225,steady_state,running,1075.1,16000,15985,0,15.0,15985,28,26,2,,models/yolo11m.pt,crop_rect,640,49.4,66.7,0.8,0.5,14.6,0.3,0.4,1.6,2.0,49.4,5,2,2,0,,True,"[1098, 682]",200,209782,image/jpeg,15985,,5.0,15.0,15.0,15.0,0,75,75
phase08-live-hls-30min-20260718,216,1784367296.269,1083.225,steady_state,running,1080.1,16075,16060,0,15.0,16060,28,26,3,,models/yolo11m.pt,crop_rect,640,49.7,66.7,0.7,0.5,14.8,0.3,0.4,1.6,1.9,49.7,4,3,3,0,,True,"[1098, 682]",200,189632,image/jpeg,16060,,5.0,15.0,15.0,15.0,0,75,75
phase08-live-hls-30min-20260718,217,1784367301.269,1088.226,steady_state,running,1085.1,16150,16135,0,15.03,16135,28,26,2,,models/yolo11m.pt,crop_rect,640,49.2,66.6,0.6,0.5,14.1,0.3,0.4,1.7,2.0,49.2,6,2,2,0,,True,"[1098, 682]",200,213974,image/jpeg,16135,,5.001,14.997,14.997,14.997,0,75,75
phase08-live-hls-30min-20260718,218,1784367306.27,1093.226,steady_state,running,1090.1,16225,16210,0,15.0,16210,28,26,2,,models/yolo11m.pt,crop_rect,640,49.4,66.6,0.8,0.5,24.4,0.3,0.4,1.7,2.1,49.4,4,2,2,0,,True,"[1098, 682]",200,213238,image/jpeg,16210,,5.0,15.0,15.0,15.0,0,75,75
phase08-live-hls-30min-20260718,219,1784367311.27,1098.227,steady_state,running,1095.1,16300,16285,0,15.02,16285,28,26,3,,models/yolo11m.pt,crop_rect,640,49.5,66.7,0.8,0.5,14.3,0.3,0.4,1.7,2.1,49.5,4,3,3,0,,True,"[1098, 682]",200,204334,image/jpeg,16285,,5.001,14.997,14.997,14.997,0,75,75
phase08-live-hls-30min-20260718,220,1784367316.271,1103.227,steady_state,running,1100.1,16375,16360,0,15.01,16360,29,27,3,,models/yolo11m.pt,crop_rect,640,49.1,66.7,0.9,0.5,14.9,0.3,0.4,1.6,1.9,49.1,4,3,3,0,,True,"[1098, 682]",200,184637,image/jpeg,16360,,5.0,15.0,15.0,15.0,0,75,75
phase08-live-hls-30min-20260718,221,1784367321.271,1108.227,steady_state,running,1105.1,16450,16435,0,15.05,16435,29,27,2,,models/yolo11m.pt,crop_rect,640,54.4,66.7,0.8,0.5,13.0,0.3,0.3,1.7,2.1,54.4,4,2,2,0,,True,"[1098, 682]",200,233750,image/jpeg,16435,,5.0,15.0,15.0,15.0,0,75,75
phase08-live-hls-30min-20260718,222,1784367326.271,1113.228,steady_state,running,1110.1,16525,16510,0,15.06,16510,29,27,2,,models/yolo11m.pt,crop_rect,640,54.6,66.6,0.8,0.5,8.9,0.3,0.4,1.8,2.2,54.6,3,2,2,0,,True,"[1098, 682]",200,226231,image/jpeg,16510,,5.001,14.997,14.997,14.997,0,75,75
phase08-live-hls-30min-20260718,223,1784367331.271,1118.228,steady_state,running,1115.1,16600,16585,0,14.99,16585,29,27,2,,models/yolo11m.pt,crop_rect,640,48.9,66.7,0.9,0.5,14.2,0.3,0.4,1.7,2.0,48.9,3,2,2,0,,True,"[1098, 682]",200,221002,image/jpeg,16585,,5.0,15.0,15.0,15.0,0,75,75
phase08-live-hls-30min-20260718,224,1784367336.272,1123.228,steady_state,running,1120.1,16675,16660,0,15.0,16660,30,28,3,,models/yolo11m.pt,crop_rect,640,49.5,66.7,0.6,0.5,14.7,0.3,0.4,1.7,2.1,49.5,4,2,2,1,,True,"[1098, 682]",200,226578,image/jpeg,16660,,5.0,15.0,15.0,15.0,0,75,75
phase08-live-hls-30min-20260718,225,1784367341.272,1128.228,steady_state,running,1125.1,16750,16735,0,14.97,16735,30,28,2,,models/yolo11m.pt,crop_rect,640,49.6,66.7,0.9,0.5,16.2,0.4,0.4,1.7,2.1,49.6,3,2,2,0,,True,"[1098, 682]",200,223226,image/jpeg,16735,,5.0,15.0,15.0,15.0,0,75,75
phase08-live-hls-30min-20260718,226,1784367346.272,1133.229,steady_state,running,1130.1,16825,16810,0,15.04,16810,30,28,2,,models/yolo11m.pt,crop_rect,640,50.2,66.7,0.8,0.5,13.5,0.3,0.4,1.7,2.1,50.2,4,2,2,0,,True,"[1098, 682]",200,235095,image/jpeg,16810,,5.001,14.997,14.997,14.997,0,75,75
phase08-live-hls-30min-20260718,227,1784367351.272,1138.229,steady_state,running,1135.1,16900,16885,0,15.04,16885,30,28,2,,models/yolo11m.pt,crop_rect,640,50.8,66.7,0.9,0.5,13.2,0.3,0.4,1.7,2.1,50.8,3,2,2,0,,True,"[1098, 682]",200,216277,image/jpeg,16885,,5.0,15.0,15.0,15.0,0,75,75
phase08-live-hls-30min-20260718,228,1784367356.273,1143.229,steady_state,running,1140.1,16975,16960,0,14.98,16960,30,28,2,,models/yolo11m.pt,crop_rect,640,54.0,66.7,0.8,0.5,9.5,0.3,0.4,1.7,2.0,54.0,3,2,2,0,,True,"[1098, 682]",200,220231,image/jpeg,16960,,5.0,15.0,15.0,15.0,0,75,75
phase08-live-hls-30min-20260718,229,1784367361.273,1148.229,steady_state,running,1145.1,17050,17035,0,14.99,17035,30,28,2,,models/yolo11m.pt,crop_rect,640,48.6,66.7,0.8,0.5,14.2,0.3,0.4,1.7,2.1,48.6,4,2,2,0,,True,"[1098, 682]",200,235031,image/jpeg,17035,,5.0,15.0,15.0,15.0,0,75,75
phase08-live-hls-30min-20260718,230,1784367366.273,1153.23,steady_state,running,1150.1,17125,17110,0,14.98,17110,30,28,3,,models/yolo11m.pt,crop_rect,640,49.6,66.7,0.9,0.5,14.0,0.3,0.4,1.7,2.1,49.6,4,3,3,0,,True,"[1098, 682]",200,219802,image/jpeg,17110,,5.001,14.997,14.997,14.997,0,75,75
phase08-live-hls-30min-20260718,231,1784367371.273,1158.23,steady_state,running,1155.1,17200,17185,0,14.96,17185,30,28,2,,models/yolo11m.pt,crop_rect,640,49.0,66.7,0.8,0.5,14.1,0.3,0.4,1.8,2.1,49.0,4,2,2,0,,True,"[1098, 682]",200,237879,image/jpeg,17185,,5.0,15.0,15.0,15.0,0,75,75
phase08-live-hls-30min-20260718,232,1784367376.274,1163.23,steady_state,running,1160.1,17275,17260,0,15.04,17260,31,29,3,,models/yolo11m.pt,crop_rect,640,50.5,66.7,0.8,0.5,13.4,0.3,0.4,1.7,2.1,50.5,5,2,2,1,,True,"[1098, 682]",200,213746,image/jpeg,17260,,5.0,15.0,15.0,15.0,0,75,75
phase08-live-hls-30min-20260718,233,1784367381.274,1168.23,steady_state,running,1165.1,17350,17335,0,15.0,17335,32,30,2,,models/yolo11m.pt,crop_rect,640,49.0,66.7,0.9,0.5,14.2,0.3,0.4,1.6,2.0,49.0,4,2,2,0,,True,"[1098, 682]",200,199206,image/jpeg,17335,,5.0,15.0,15.0,15.0,0,75,75
phase08-live-hls-30min-20260718,234,1784367386.275,1173.231,steady_state,running,1170.1,17425,17410,0,15.06,17410,32,30,2,,models/yolo11m.pt,crop_rect,640,50.1,66.7,0.9,0.5,13.3,0.3,0.4,1.7,2.1,50.1,4,2,2,0,,True,"[1098, 682]",200,221680,image/jpeg,17410,,5.001,14.997,14.997,14.997,0,75,75
phase08-live-hls-30min-20260718,235,1784367391.275,1178.231,steady_state,running,1175.1,17500,17485,0,15.02,17485,32,30,2,,models/yolo11m.pt,crop_rect,640,49.3,66.6,0.7,0.5,14.4,0.3,0.4,1.7,2.1,49.3,3,2,2,0,,True,"[1098, 682]",200,221079,image/jpeg,17485,,5.0,15.0,15.0,15.0,0,75,75
phase08-live-hls-30min-20260718,236,1784367396.275,1183.232,steady_state,running,1180.1,17575,17560,0,15.0,17560,32,30,2,,models/yolo11m.pt,crop_rect,640,48.4,66.7,0.9,0.5,15.6,0.3,0.4,1.8,2.2,48.4,4,2,2,0,,True,"[1098, 682]",200,220036,image/jpeg,17560,,5.001,14.997,14.997,14.997,0,75,75
phase08-live-hls-30min-20260718,237,1784367401.276,1188.232,steady_state,running,1185.1,17650,17635,0,14.96,17635,32,30,2,,models/yolo11m.pt,crop_rect,640,48.2,66.8,0.8,0.5,15.8,0.3,0.4,1.9,2.3,48.2,5,2,2,0,,True,"[1098, 682]",200,234325,image/jpeg,17635,,5.0,15.0,15.0,15.0,0,75,75
phase08-live-hls-30min-20260718,238,1784367406.276,1193.233,steady_state,running,1190.1,17725,17710,0,15.0,17710,32,30,2,,models/yolo11m.pt,crop_rect,640,48.2,66.6,0.8,0.5,15.1,0.3,0.4,1.9,2.2,48.2,3,2,2,0,,True,"[1098, 682]",200,224397,image/jpeg,17710,,5.001,14.997,14.997,14.997,0,75,75
phase08-live-hls-30min-20260718,239,1784367411.276,1198.233,steady_state,running,1195.1,17801,17785,0,14.95,17785,32,30,2,,models/yolo11m.pt,crop_rect,640,47.4,66.6,0.7,0.5,14.3,0.3,0.3,1.7,2.0,47.4,5,1,1,1,,True,"[1098, 682]",200,230153,image/jpeg,17785,,5.0,15.2,15.0,15.0,0,75,75
phase08-live-hls-30min-20260718,240,1784367416.277,1203.234,steady_state,running,1200.1,17876,17860,0,15.0,17860,32,30,2,,models/yolo11m.pt,crop_rect,640,36.0,66.7,0.9,0.5,13.5,0.3,0.4,1.7,2.1,36.0,3,2,2,0,,True,"[1098, 682]",200,233843,image/jpeg,17861,,5.001,14.997,14.997,14.997,0,75,75
phase08-live-hls-30min-20260718,241,1784367421.278,1208.234,steady_state,running,1205.1,17950,17935,0,15.04,17935,32,30,2,,models/yolo11m.pt,crop_rect,640,47.3,66.7,0.9,0.5,14.7,0.3,0.4,1.8,2.1,47.3,3,2,2,0,,True,"[1098, 682]",200,227530,image/jpeg,17935,,5.0,14.8,15.0,15.0,0,75,75
phase08-live-hls-30min-20260718,242,1784367426.278,1213.234,steady_state,running,1210.1,18025,18010,0,14.99,18010,32,30,2,,models/yolo11m.pt,crop_rect,640,47.7,66.7,0.9,0.5,14.5,0.3,0.4,1.8,2.2,47.7,5,2,2,0,,True,"[1098, 682]",200,231243,image/jpeg,18010,,5.0,15.0,15.0,15.0,0,75,75
phase08-live-hls-30min-20260718,243,1784367431.278,1218.235,steady_state,running,1215.1,18100,18085,0,15.0,18085,33,31,2,,models/yolo11m.pt,crop_rect,640,46.5,66.7,0.8,0.5,19.1,0.4,0.4,1.6,2.0,46.5,3,2,2,0,,True,"[1098, 682]",200,174338,image/jpeg,18085,,5.001,14.997,14.997,14.997,0,75,75
phase08-live-hls-30min-20260718,244,1784367436.279,1223.235,steady_state,running,1220.1,18175,18160,0,15.0,18160,34,32,2,,models/yolo11m.pt,crop_rect,640,32.2,66.6,0.9,0.5,17.0,0.4,0.4,1.6,2.0,32.2,4,2,2,0,,True,"[1098, 682]",200,195863,image/jpeg,18160,,5.0,15.0,15.0,15.0,0,75,75
phase08-live-hls-30min-20260718,245,1784367441.279,1228.236,steady_state,running,1225.1,18250,18235,0,14.98,18235,35,33,2,,models/yolo11m.pt,crop_rect,640,43.7,66.7,0.9,0.5,16.2,0.4,0.4,1.7,2.1,43.7,5,2,2,0,,True,"[1098, 682]",200,222592,image/jpeg,18235,,5.001,14.997,14.997,14.997,0,75,75
phase08-live-hls-30min-20260718,246,1784367446.279,1233.236,steady_state,running,1230.1,18326,18310,0,14.99,18310,35,33,2,,models/yolo11m.pt,crop_rect,640,49.0,66.8,0.8,0.5,13.9,0.3,0.4,1.6,2.0,49.0,4,2,2,0,,True,"[1098, 682]",200,210950,image/jpeg,18310,,5.0,15.2,15.0,15.0,0,75,75
phase08-live-hls-30min-20260718,247,1784367451.28,1238.236,steady_state,running,1235.1,18400,18385,0,15.01,18385,35,33,2,,models/yolo11m.pt,crop_rect,640,39.0,66.7,0.8,0.5,25.5,0.3,0.4,1.7,2.1,39.0,3,2,2,0,,True,"[1098, 682]",200,219196,image/jpeg,18385,,5.0,14.8,15.0,15.0,0,75,75
phase08-live-hls-30min-20260718,248,1784367456.28,1243.236,steady_state,running,1240.1,18475,18460,0,15.03,18460,35,33,2,,models/yolo11m.pt,crop_rect,640,49.3,66.6,0.8,0.5,14.4,0.3,0.4,1.7,2.1,49.3,4,2,2,0,,True,"[1098, 682]",200,211313,image/jpeg,18460,,5.0,15.0,15.0,15.0,0,75,75
phase08-live-hls-30min-20260718,249,1784367461.28,1248.236,steady_state,running,1245.1,18550,18535,0,15.06,18535,35,33,2,,models/yolo11m.pt,crop_rect,640,47.3,66.5,0.8,0.5,15.5,0.3,0.4,1.7,2.1,47.3,4,2,2,0,,True,"[1098, 682]",200,235411,image/jpeg,18535,,5.0,15.0,15.0,15.0,0,75,75
phase08-live-hls-30min-20260718,250,1784367466.28,1253.237,steady_state,running,1250.1,18625,18610,0,14.92,18610,35,33,3,,models/yolo11m.pt,crop_rect,640,49.5,66.7,0.9,0.5,14.4,0.3,0.4,1.7,2.0,49.5,4,3,3,0,,True,"[1098, 682]",200,215708,image/jpeg,18610,,5.001,14.997,14.997,14.997,0,75,75
phase08-live-hls-30min-20260718,251,1784367471.281,1258.237,steady_state,running,1255.1,18701,18685,0,15.04,18685,35,33,2,,models/yolo11m.pt,crop_rect,640,42.2,66.6,0.9,0.5,21.6,0.4,0.4,1.8,2.2,42.2,4,2,2,0,,True,"[1098, 682]",200,234617,image/jpeg,18686,,5.0,15.2,15.0,15.0,0,75,75
phase08-live-hls-30min-20260718,252,1784367476.281,1263.238,steady_state,running,1260.1,18776,18760,0,15.05,18760,35,33,2,,models/yolo11m.pt,crop_rect,640,54.3,66.7,0.8,0.5,9.8,0.3,0.4,1.7,2.1,54.3,3,2,2,0,,True,"[1098, 682]",200,219610,image/jpeg,18761,,5.001,14.997,14.997,14.997,0,75,75
phase08-live-hls-30min-20260718,253,1784367481.282,1268.238,steady_state,running,1265.1,18850,18835,0,15.0,18835,35,33,2,,models/yolo11m.pt,crop_rect,640,47.5,66.6,0.8,0.5,16.1,0.3,0.4,1.8,2.2,47.5,6,2,2,0,,True,"[1098, 682]",200,212324,image/jpeg,18835,,5.0,14.8,15.0,15.0,0,75,75
phase08-live-hls-30min-20260718,254,1784367486.282,1273.238,steady_state,running,1270.1,18926,18910,0,15.0,18910,35,33,2,,models/yolo11m.pt,crop_rect,640,46.6,66.5,0.7,0.5,17.1,0.3,0.4,1.7,2.1,46.6,4,2,2,0,,True,"[1098, 682]",200,215056,image/jpeg,18910,,5.0,15.2,15.0,15.0,0,75,75
phase08-live-hls-30min-20260718,255,1784367491.282,1278.238,steady_state,running,1275.1,19000,18985,0,15.0,18985,35,33,2,,models/yolo11m.pt,crop_rect,640,45.9,66.8,0.7,0.5,16.7,0.4,0.4,1.8,2.2,45.9,3,2,2,0,,True,"[1098, 682]",200,232970,image/jpeg,18985,,5.0,14.8,15.0,15.0,0,75,75
phase08-live-hls-30min-20260718,256,1784367496.282,1283.239,steady_state,running,1280.1,19076,19060,0,15.01,19060,35,33,2,,models/yolo11m.pt,crop_rect,640,49.7,66.7,0.7,0.5,15.0,0.3,0.4,1.7,2.1,49.7,4,2,2,0,,True,"[1098, 682]",200,215604,image/jpeg,19061,,5.001,15.197,14.997,14.997,0,75,75
phase08-live-hls-30min-20260718,257,1784367501.283,1288.239,steady_state,running,1285.1,19150,19135,0,15.01,19135,35,33,2,,models/yolo11m.pt,crop_rect,640,47.2,66.7,0.6,0.4,17.8,0.3,0.4,1.7,2.0,47.2,7,2,2,0,,True,"[1098, 682]",200,209026,image/jpeg,19135,,5.0,14.8,15.0,15.0,0,75,75
phase08-live-hls-30min-20260718,258,1784367506.283,1293.239,steady_state,running,1290.1,19226,19210,0,15.06,19210,35,33,2,,models/yolo11m.pt,crop_rect,640,47.1,66.7,0.9,0.5,15.0,0.4,0.4,1.7,2.0,47.1,3,2,2,0,,True,"[1098, 682]",200,220976,image/jpeg,19210,,5.0,15.2,15.0,15.0,0,75,75
phase08-live-hls-30min-20260718,259,1784367511.283,1298.24,steady_state,running,1295.1,19301,19285,0,15.1,19285,35,33,2,,models/yolo11m.pt,crop_rect,640,49.6,66.7,0.9,0.5,14.2,0.3,0.4,1.7,2.1,49.6,3,2,2,0,,True,"[1098, 682]",200,222796,image/jpeg,19285,,5.001,14.997,14.997,14.997,0,75,75
phase08-live-hls-30min-20260718,260,1784367516.284,1303.24,steady_state,running,1300.1,19376,19360,0,14.93,19360,35,33,2,,models/yolo11m.pt,crop_rect,640,42.1,66.6,0.8,0.5,21.8,0.3,0.4,1.7,2.1,42.1,3,2,2,0,,True,"[1098, 682]",200,225325,image/jpeg,19361,,5.0,15.0,15.0,15.0,0,75,75
phase08-live-hls-30min-20260718,261,1784367521.284,1308.24,steady_state,running,1305.1,19451,19435,0,15.0,19435,35,33,2,,models/yolo11m.pt,crop_rect,640,37.3,66.6,0.8,0.5,26.5,0.4,0.4,1.7,2.1,37.3,3,2,2,0,,True,"[1098, 682]",200,213013,image/jpeg,19435,,5.0,15.0,15.0,15.0,0,75,75
phase08-live-hls-30min-20260718,262,1784367526.284,1313.241,steady_state,running,1310.1,19526,19510,0,15.0,19510,35,33,2,,models/yolo11m.pt,crop_rect,640,48.9,66.7,0.6,0.5,14.0,0.3,0.4,1.7,2.1,48.9,4,2,2,0,,True,"[1098, 682]",200,215946,image/jpeg,19510,,5.001,14.997,14.997,14.997,0,75,75
phase08-live-hls-30min-20260718,263,1784367531.285,1318.241,steady_state,running,1315.1,19600,19585,0,14.95,19585,35,33,2,,models/yolo11m.pt,crop_rect,640,49.4,66.7,0.7,0.5,13.6,0.3,0.4,1.7,2.1,49.4,3,2,2,0,,True,"[1098, 682]",200,235365,image/jpeg,19585,,5.0,14.8,15.0,15.0,0,75,75
phase08-live-hls-30min-20260718,264,1784367536.285,1323.242,steady_state,running,1320.1,19676,19660,0,15.05,19660,35,33,2,,models/yolo11m.pt,crop_rect,640,48.0,66.6,0.8,0.5,17.2,0.3,0.4,1.6,2.0,48.0,3,2,2,1,,True,"[1098, 682]",200,189843,image/jpeg,19661,,5.001,15.197,14.997,14.997,0,75,75
phase08-live-hls-30min-20260718,265,1784367541.285,1328.242,steady_state,running,1325.1,19750,19735,0,15.01,19735,35,33,2,,models/yolo11m.pt,crop_rect,640,50.3,66.9,0.9,0.5,14.7,0.3,0.4,1.7,2.1,50.3,3,2,2,0,,True,"[1098, 682]",200,224779,image/jpeg,19735,,5.0,14.8,15.0,15.0,0,75,75
phase08-live-hls-30min-20260718,266,1784367546.286,1333.243,steady_state,running,1330.1,19825,19810,0,14.99,19810,35,33,2,,models/yolo11m.pt,crop_rect,640,48.5,66.5,0.8,0.5,15.5,0.3,0.4,1.7,2.1,48.5,4,2,2,0,,True,"[1098, 682]",200,232301,image/jpeg,19811,,5.001,14.997,14.997,14.997,0,75,75
phase08-live-hls-30min-20260718,267,1784367551.286,1338.243,steady_state,running,1335.1,19901,19885,0,15.0,19885,35,33,2,,models/yolo11m.pt,crop_rect,640,49.2,66.7,0.8,0.4,14.2,0.3,0.4,1.7,2.0,49.2,3,2,2,0,,True,"[1098, 682]",200,222514,image/jpeg,19885,,5.0,15.2,15.0,15.0,0,75,75
phase08-live-hls-30min-20260718,268,1784367556.286,1343.243,steady_state,running,1340.1,19976,19961,0,14.93,19961,35,33,3,,models/yolo11m.pt,crop_rect,640,40.2,66.6,0.9,0.5,16.4,0.3,0.3,1.7,2.0,40.2,4,1,1,2,,True,"[1098, 682]",200,194701,image/jpeg,19961,,5.0,15.0,15.2,15.2,0,76,76
phase08-live-hls-30min-20260718,269,1784367561.287,1348.243,steady_state,running,1345.1,20051,20035,0,14.93,20035,35,33,2,,models/yolo11m.pt,crop_rect,640,49.4,66.7,0.9,0.5,14.3,0.4,0.4,1.7,2.1,49.4,4,2,2,0,,True,"[1098, 682]",200,213955,image/jpeg,20035,,5.0,15.0,14.8,14.8,0,74,74
phase08-live-hls-30min-20260718,270,1784367566.287,1353.244,steady_state,running,1350.1,20126,20111,0,14.93,20111,35,33,2,,models/yolo11m.pt,crop_rect,640,47.8,66.6,0.7,0.5,15.1,0.3,0.3,1.6,2.0,47.8,3,2,2,0,,True,"[1098, 682]",200,212434,image/jpeg,20111,,5.001,14.997,15.197,15.197,0,76,76
phase08-live-hls-30min-20260718,271,1784367571.288,1358.244,steady_state,running,1355.1,20201,20186,0,15.0,20186,35,33,2,,models/yolo11m.pt,crop_rect,640,49.3,66.7,0.8,0.5,15.3,0.3,0.4,1.6,2.0,49.3,3,2,2,0,,True,"[1098, 682]",200,210525,image/jpeg,20186,,5.0,15.0,15.0,15.0,0,75,75
phase08-live-hls-30min-20260718,272,1784367576.288,1363.244,steady_state,running,1360.1,20276,20260,0,15.01,20260,36,34,3,,models/yolo11m.pt,crop_rect,640,49.4,66.7,0.8,0.5,13.6,0.3,0.3,1.7,2.0,49.4,3,2,2,1,,True,"[1098, 682]",200,216378,image/jpeg,20260,,5.0,15.0,14.8,14.8,0,74,74
phase08-live-hls-30min-20260718,273,1784367581.288,1368.245,steady_state,running,1365.1,20351,20335,0,14.99,20335,36,34,2,,models/yolo11m.pt,crop_rect,640,47.2,66.7,0.8,0.5,14.9,0.3,0.4,1.9,2.3,47.2,5,2,2,0,,True,"[1098, 682]",200,220253,image/jpeg,20336,,5.001,14.997,14.997,14.997,0,75,75
phase08-live-hls-30min-20260718,274,1784367586.288,1373.245,steady_state,running,1370.1,20426,20410,0,15.06,20410,36,34,2,,models/yolo11m.pt,crop_rect,640,46.9,66.7,0.6,0.5,14.4,0.3,0.4,1.8,2.1,46.9,3,2,2,0,,True,"[1098, 682]",200,227511,image/jpeg,20410,,5.0,15.0,15.0,15.0,0,75,75
phase08-live-hls-30min-20260718,275,1784367591.289,1378.245,steady_state,running,1375.1,20501,20486,0,15.04,20486,36,34,2,,models/yolo11m.pt,crop_rect,640,49.2,66.5,0.6,0.5,14.3,0.3,0.4,1.7,2.1,49.2,3,2,2,0,,True,"[1098, 682]",200,212660,image/jpeg,20486,,5.0,15.0,15.2,15.2,0,76,76
phase08-live-hls-30min-20260718,276,1784367596.289,1383.246,steady_state,running,1380.1,20576,20561,0,14.99,20561,36,34,2,,models/yolo11m.pt,crop_rect,640,49.3,66.5,0.9,0.5,22.5,0.3,0.4,1.6,2.0,49.3,3,2,2,0,,True,"[1098, 682]",200,198837,image/jpeg,20561,,5.001,14.997,14.997,14.997,0,75,75
phase08-live-hls-30min-20260718,277,1784367601.29,1388.246,steady_state,running,1385.1,20651,20636,0,15.08,20636,36,34,2,,models/yolo11m.pt,crop_rect,640,49.9,66.7,0.7,0.5,14.2,0.3,0.4,1.7,2.1,49.9,3,2,2,0,,True,"[1098, 682]",200,214103,image/jpeg,20636,,5.0,15.0,15.0,15.0,0,75,75
phase08-live-hls-30min-20260718,278,1784367606.29,1393.247,steady_state,running,1390.1,20726,20710,0,15.05,20710,36,34,2,,models/yolo11m.pt,crop_rect,640,47.6,66.7,0.6,0.4,16.6,0.3,0.4,1.7,2.1,47.6,4,2,2,0,,True,"[1098, 682]",200,224626,image/jpeg,20711,,5.001,14.997,14.797,14.797,0,74,74
phase08-live-hls-30min-20260718,279,1784367611.291,1398.247,steady_state,running,1395.1,20801,20786,0,15.02,20786,36,34,2,,models/yolo11m.pt,crop_rect,640,49.7,66.6,0.9,0.5,14.6,0.3,0.4,1.7,2.1,49.7,4,2,2,0,,True,"[1098, 682]",200,234616,image/jpeg,20786,,5.0,15.0,15.2,15.2,0,76,76
phase08-live-hls-30min-20260718,280,1784367616.291,1403.248,steady_state,running,1400.1,20876,20860,0,14.95,20860,36,34,2,,models/yolo11m.pt,crop_rect,640,47.9,66.7,0.9,0.5,16.3,0.4,0.4,1.8,2.2,47.9,4,2,2,0,,True,"[1098, 682]",200,232518,image/jpeg,20860,,5.001,14.997,14.797,14.797,0,74,74
phase08-live-hls-30min-20260718,281,1784367621.292,1408.248,steady_state,running,1405.1,20951,20935,0,15.01,20935,36,34,2,,models/yolo11m.pt,crop_rect,640,50.0,66.7,0.8,0.4,14.0,0.3,0.4,1.6,2.0,50.0,6,2,2,0,,True,"[1098, 682]",200,195900,image/jpeg,20936,,5.0,15.0,15.0,15.0,0,75,75
phase08-live-hls-30min-20260718,282,1784367626.292,1413.249,steady_state,running,1410.1,21026,21010,0,15.05,21010,36,34,2,,models/yolo11m.pt,crop_rect,640,41.8,66.6,0.8,0.5,21.2,0.3,0.4,1.6,2.0,41.8,5,2,2,0,,True,"[1098, 682]",200,206953,image/jpeg,21010,,5.001,14.997,14.997,14.997,0,75,75
phase08-live-hls-30min-20260718,283,1784367631.293,1418.249,steady_state,running,1415.1,21101,21085,0,15.1,21085,36,34,2,,models/yolo11m.pt,crop_rect,640,48.7,66.8,0.8,0.5,15.6,0.3,0.4,1.7,2.1,48.7,4,2,2,0,,True,"[1098, 682]",200,232371,image/jpeg,21085,,5.0,15.0,15.0,15.0,0,75,75
phase08-live-hls-30min-20260718,284,1784367636.293,1423.25,steady_state,running,1420.1,21176,21160,0,14.97,21160,36,34,2,,models/yolo11m.pt,crop_rect,640,49.3,66.8,0.6,0.5,15.0,0.3,0.4,1.7,2.0,49.3,4,2,2,0,,True,"[1098, 682]",200,199472,image/jpeg,21161,,5.001,14.997,14.997,14.997,0,75,75
phase08-live-hls-30min-20260718,285,1784367641.294,1428.251,steady_state,running,1425.1,21251,21235,0,14.99,21235,36,34,2,,models/yolo11m.pt,crop_rect,640,39.9,66.6,0.7,0.5,24.2,0.3,0.4,1.7,2.1,39.9,4,2,2,0,,True,"[1098, 682]",200,222613,image/jpeg,21236,,5.001,14.997,14.997,14.997,0,75,75
phase08-live-hls-30min-20260718,286,1784367646.294,1433.251,steady_state,running,1430.1,21326,21310,0,15.07,21310,36,34,2,,models/yolo11m.pt,crop_rect,640,49.6,66.7,0.9,0.5,16.6,0.3,0.4,1.7,2.1,49.6,4,2,2,0,,True,"[1098, 682]",200,217212,image/jpeg,21311,,5.0,15.0,15.0,15.0,0,75,75
phase08-live-hls-30min-20260718,287,1784367651.295,1438.251,steady_state,running,1435.1,21401,21386,0,14.99,21386,37,35,2,,models/yolo11m.pt,crop_rect,640,41.9,66.6,0.8,0.5,14.2,0.3,0.4,1.7,2.1,41.9,3,2,2,0,,True,"[1098, 682]",200,223623,image/jpeg,21386,,5.0,15.0,15.2,15.2,0,76,76
phase08-live-hls-30min-20260718,288,1784367656.295,1443.252,steady_state,running,1440.1,21476,21461,0,15.08,21461,37,35,2,,models/yolo11m.pt,crop_rect,640,49.8,66.6,0.8,0.5,17.2,0.3,0.4,1.7,2.1,49.8,3,2,2,0,,True,"[1098, 682]",200,223971,image/jpeg,21461,,5.001,14.997,14.997,14.997,0,75,75
phase08-live-hls-30min-20260718,289,1784367661.296,1448.252,steady_state,running,1445.1,21551,21535,0,14.53,21535,37,35,2,,models/yolo11m.pt,crop_rect,640,48.9,66.7,0.9,0.5,13.5,0.3,0.4,1.8,2.1,48.9,4,2,2,0,,True,"[1098, 682]",200,224711,image/jpeg,21535,,5.0,15.0,14.8,14.8,0,74,74
phase08-live-hls-30min-20260718,290,1784367666.296,1453.253,steady_state,running,1450.1,21626,21610,0,15.01,21610,37,35,2,,models/yolo11m.pt,crop_rect,640,49.2,66.8,0.8,0.5,14.4,0.3,0.4,1.7,2.1,49.2,3,2,2,0,,True,"[1098, 682]",200,223424,image/jpeg,21610,,5.001,14.997,14.997,14.997,0,75,75
phase08-live-hls-30min-20260718,291,1784367671.297,1458.253,steady_state,running,1455.1,21701,21685,0,15.02,21685,37,35,2,,models/yolo11m.pt,crop_rect,640,40.9,66.7,0.8,0.5,14.1,0.3,0.4,1.7,2.1,40.9,3,2,2,0,,True,"[1098, 682]",200,227265,image/jpeg,21685,,5.0,15.0,15.0,15.0,0,75,75
phase08-live-hls-30min-20260718,292,1784367676.297,1463.254,steady_state,running,1460.1,21776,21760,0,14.99,21760,37,35,2,,models/yolo11m.pt,crop_rect,640,49.5,66.8,0.8,0.5,14.6,0.3,0.4,1.6,2.0,49.5,7,2,2,0,,True,"[1098, 682]",200,211678,image/jpeg,21760,,5.001,14.997,14.997,14.997,0,75,75
phase08-live-hls-30min-20260718,293,1784367681.298,1468.254,steady_state,running,1465.1,21851,21835,0,15.01,21835,38,36,2,,models/yolo11m.pt,crop_rect,640,48.6,66.7,0.9,0.5,14.9,0.4,0.4,1.8,2.2,48.6,3,2,2,0,,True,"[1098, 682]",200,214366,image/jpeg,21835,,5.0,15.0,15.0,15.0,0,75,75
phase08-live-hls-30min-20260718,294,1784367686.298,1473.255,steady_state,running,1470.1,21926,21910,0,15.08,21910,39,37,2,,models/yolo11m.pt,crop_rect,640,49.4,66.6,0.9,0.5,15.9,0.3,0.4,1.6,2.0,49.4,3,2,2,0,,True,"[1098, 682]",200,203825,image/jpeg,21910,,5.001,14.997,14.997,14.997,0,75,75
phase08-live-hls-30min-20260718,295,1784367691.299,1478.255,steady_state,running,1475.1,22001,21985,0,14.99,21985,39,37,2,,models/yolo11m.pt,crop_rect,640,49.0,66.6,0.7,0.5,14.1,0.3,0.4,1.7,2.1,49.0,4,2,2,0,,True,"[1098, 682]",200,216732,image/jpeg,21985,,5.0,15.0,15.0,15.0,0,75,75
phase08-live-hls-30min-20260718,296,1784367696.299,1483.256,steady_state,running,1480.1,22076,22060,0,14.99,22060,39,37,2,,models/yolo11m.pt,crop_rect,640,48.1,66.7,0.6,0.5,14.6,0.4,0.4,1.6,2.0,48.1,7,2,2,0,,True,"[1098, 682]",200,204468,image/jpeg,22060,,5.001,14.997,14.997,14.997,0,75,75
phase08-live-hls-30min-20260718,297,1784367701.3,1488.256,steady_state,running,1485.1,22151,22135,0,14.96,22135,39,37,2,,models/yolo11m.pt,crop_rect,640,49.6,66.7,0.8,0.5,15.1,0.3,0.4,1.6,2.0,49.6,5,2,2,0,,True,"[1098, 682]",200,206786,image/jpeg,22135,,5.0,15.0,15.0,15.0,0,75,75
phase08-live-hls-30min-20260718,298,1784367706.3,1493.257,steady_state,running,1490.1,22226,22210,0,14.94,22210,39,37,2,,models/yolo11m.pt,crop_rect,640,49.7,66.7,0.8,0.5,15.7,0.3,0.4,1.6,2.0,49.7,6,2,2,0,,True,"[1098, 682]",200,204916,image/jpeg,22210,,5.001,14.997,14.997,14.997,0,75,75
phase08-live-hls-30min-20260718,299,1784367711.301,1498.257,steady_state,running,1495.1,22301,22285,0,15.0,22285,39,37,2,,models/yolo11m.pt,crop_rect,640,49.5,66.7,0.8,0.7,16.1,0.3,0.4,1.8,2.1,49.5,3,2,2,0,,True,"[1098, 682]",200,219531,image/jpeg,22285,,5.0,15.0,15.0,15.0,0,75,75
phase08-live-hls-30min-20260718,300,1784367716.301,1503.258,steady_state,running,1500.1,22376,22360,0,15.0,22360,39,37,2,,models/yolo11m.pt,crop_rect,640,46.8,66.7,0.9,0.5,14.5,0.4,0.4,1.7,2.1,46.8,3,2,2,0,,True,"[1098, 682]",200,219933,image/jpeg,22360,,5.001,14.997,14.997,14.997,0,75,75
phase08-live-hls-30min-20260718,301,1784367721.302,1508.259,steady_state,running,1505.1,22451,22435,0,15.02,22435,39,37,2,,models/yolo11m.pt,crop_rect,640,49.3,66.8,0.6,0.5,13.8,0.3,0.4,1.7,2.1,49.3,4,2,2,0,,True,"[1098, 682]",200,214097,image/jpeg,22435,,5.001,14.997,14.997,14.997,0,75,75
phase08-live-hls-30min-20260718,302,1784367726.302,1513.259,steady_state,running,1510.1,22526,22510,0,15.08,22510,39,37,2,,models/yolo11m.pt,crop_rect,640,47.6,66.8,0.8,0.5,26.3,0.3,0.4,1.7,2.1,47.6,3,2,2,0,,True,"[1098, 682]",200,228168,image/jpeg,22510,,5.0,15.0,15.0,15.0,0,75,75
phase08-live-hls-30min-20260718,303,1784367731.303,1518.259,steady_state,running,1515.1,22601,22585,0,14.97,22585,39,37,2,,models/yolo11m.pt,crop_rect,640,49.7,66.7,0.8,0.5,14.2,0.3,0.4,1.7,2.0,49.7,3,2,2,0,,True,"[1098, 682]",200,225953,image/jpeg,22585,,5.0,15.0,15.0,15.0,0,75,75
phase08-live-hls-30min-20260718,304,1784367736.303,1523.26,steady_state,running,1520.1,22676,22660,0,14.96,22660,39,37,2,,models/yolo11m.pt,crop_rect,640,48.0,66.7,0.8,0.5,25.8,0.3,0.4,1.7,2.1,48.0,4,2,2,0,,True,"[1098, 682]",200,198547,image/jpeg,22660,,5.001,14.997,14.997,14.997,0,75,75
phase08-live-hls-30min-20260718,305,1784367741.304,1528.26,steady_state,running,1525.1,22751,22735,0,15.0,22735,39,37,2,,models/yolo11m.pt,crop_rect,640,49.1,66.6,0.8,0.5,14.5,0.3,0.4,1.7,2.0,49.1,4,2,2,0,,True,"[1098, 682]",200,216628,image/jpeg,22735,,5.0,15.0,15.0,15.0,0,75,75
phase08-live-hls-30min-20260718,306,1784367746.305,1533.261,steady_state,running,1530.1,22826,22810,0,15.02,22810,39,37,2,,models/yolo11m.pt,crop_rect,640,49.8,66.7,1.0,0.5,16.7,0.3,0.4,1.7,2.1,49.8,3,2,2,0,,True,"[1098, 682]",200,221348,image/jpeg,22810,,5.001,14.997,14.997,14.997,0,75,75
phase08-live-hls-30min-20260718,307,1784367751.305,1538.261,steady_state,running,1535.1,22901,22885,0,15.02,22885,39,37,2,,models/yolo11m.pt,crop_rect,640,50.2,66.7,0.6,0.5,14.2,0.3,0.4,1.7,2.1,50.2,3,2,2,0,,True,"[1098, 682]",200,225917,image/jpeg,22885,,5.0,15.0,15.0,15.0,0,75,75
phase08-live-hls-30min-20260718,308,1784367756.305,1543.262,steady_state,running,1540.1,22976,22960,0,14.98,22960,39,37,2,,models/yolo11m.pt,crop_rect,640,41.9,66.7,0.9,0.5,14.4,0.4,0.4,1.6,2.0,41.9,5,2,2,0,,True,"[1098, 682]",200,209790,image/jpeg,22960,,5.001,14.997,14.997,14.997,0,75,75
phase08-live-hls-30min-20260718,309,1784367761.306,1548.262,steady_state,running,1545.1,23051,23035,0,14.99,23035,40,38,3,,models/yolo11m.pt,crop_rect,640,48.7,66.6,0.6,0.4,14.9,0.3,0.3,1.6,1.9,48.7,5,1,1,2,,True,"[1098, 682]",200,200752,image/jpeg,23035,,5.0,15.0,15.0,15.0,0,75,75
phase08-live-hls-30min-20260718,310,1784367766.307,1553.263,steady_state,running,1550.1,23126,23110,0,15.02,23110,40,38,2,,models/yolo11m.pt,crop_rect,640,49.5,66.6,0.6,0.5,14.5,0.3,0.4,1.9,2.3,49.5,4,2,2,0,,True,"[1098, 682]",200,196932,image/jpeg,23110,,5.001,14.997,14.997,14.997,0,75,75
phase08-live-hls-30min-20260718,311,1784367771.307,1558.263,steady_state,running,1555.1,23201,23185,0,14.93,23185,40,38,2,,models/yolo11m.pt,crop_rect,640,47.0,66.6,0.8,0.5,16.1,0.3,0.4,1.8,2.1,47.0,5,2,2,0,,True,"[1098, 682]",200,216126,image/jpeg,23185,,5.0,15.0,15.0,15.0,0,75,75
phase08-live-hls-30min-20260718,312,1784367776.307,1563.263,steady_state,running,1560.1,23276,23260,0,15.03,23260,40,38,2,,models/yolo11m.pt,crop_rect,640,49.9,66.6,0.8,0.5,14.2,0.3,0.4,1.8,2.2,49.9,5,2,2,0,,True,"[1098, 682]",200,201002,image/jpeg,23260,,5.0,15.0,15.0,15.0,0,75,75
phase08-live-hls-30min-20260718,313,1784367781.307,1568.264,steady_state,running,1565.1,23351,23335,0,15.01,23335,40,38,2,,models/yolo11m.pt,crop_rect,640,54.7,66.7,0.6,0.5,12.9,0.3,0.4,1.7,2.1,54.7,4,2,2,0,,True,"[1098, 682]",200,219891,image/jpeg,23335,,5.001,14.997,14.997,14.997,0,75,75
phase08-live-hls-30min-20260718,314,1784367786.308,1573.264,steady_state,running,1570.1,23426,23410,0,14.93,23410,40,38,2,,models/yolo11m.pt,crop_rect,640,48.7,66.6,0.9,0.5,23.1,0.3,0.4,1.7,2.1,48.7,3,2,2,0,,True,"[1098, 682]",200,226178,image/jpeg,23410,,5.0,15.0,15.0,15.0,0,75,75
phase08-live-hls-30min-20260718,315,1784367791.309,1578.265,steady_state,running,1575.1,23501,23485,0,14.99,23485,40,38,2,,models/yolo11m.pt,crop_rect,640,49.7,66.7,0.7,0.5,14.1,0.3,0.4,1.7,2.1,49.7,3,2,2,0,,True,"[1098, 682]",200,227135,image/jpeg,23485,,5.001,14.997,14.997,14.997,0,75,75
phase08-live-hls-30min-20260718,316,1784367796.309,1583.266,steady_state,running,1580.1,23576,23560,0,14.99,23560,40,38,3,,models/yolo11m.pt,crop_rect,640,48.5,66.6,0.8,0.5,15.5,0.4,0.4,1.7,2.1,48.5,5,2,2,1,,True,"[1098, 682]",200,214531,image/jpeg,23560,,5.001,14.997,14.997,14.997,0,75,75
phase08-live-hls-30min-20260718,317,1784367801.31,1588.266,steady_state,running,1585.1,23651,23635,0,15.01,23635,41,39,2,,models/yolo11m.pt,crop_rect,640,49.7,66.7,0.9,0.5,14.4,0.4,0.4,1.9,2.3,49.7,4,2,2,0,,True,"[1098, 682]",200,229216,image/jpeg,23635,,5.0,15.0,15.0,15.0,0,75,75
phase08-live-hls-30min-20260718,318,1784367806.31,1593.267,steady_state,running,1590.1,23726,23710,0,14.98,23710,41,39,2,,models/yolo11m.pt,crop_rect,640,49.1,66.7,0.9,0.5,14.2,0.3,0.4,1.7,2.1,49.1,3,2,2,0,,True,"[1098, 682]",200,218665,image/jpeg,23710,,5.001,14.997,14.997,14.997,0,75,75
phase08-live-hls-30min-20260718,319,1784367811.311,1598.267,steady_state,running,1595.1,23801,23785,0,15.0,23785,41,39,2,,models/yolo11m.pt,crop_rect,640,49.4,66.6,0.8,0.5,22.4,0.3,0.4,1.7,2.0,49.4,3,2,2,0,,True,"[1098, 682]",200,222371,image/jpeg,23785,,5.0,15.0,15.0,15.0,0,75,75
phase08-live-hls-30min-20260718,320,1784367816.311,1603.268,steady_state,running,1600.1,23876,23860,0,15.08,23860,41,39,2,,models/yolo11m.pt,crop_rect,640,49.6,66.7,0.8,0.6,14.8,0.3,0.3,1.7,2.1,49.6,5,2,2,0,,True,"[1098, 682]",200,230134,image/jpeg,23860,,5.001,14.997,14.997,14.997,0,75,75
phase08-live-hls-30min-20260718,321,1784367821.312,1608.268,steady_state,running,1605.1,23951,23935,0,14.99,23935,41,39,2,,models/yolo11m.pt,crop_rect,640,47.7,66.6,0.7,0.4,15.7,0.3,0.3,1.6,1.9,47.7,4,2,2,0,,True,"[1098, 682]",200,182960,image/jpeg,23935,,5.0,15.0,15.0,15.0,0,75,75
phase08-live-hls-30min-20260718,322,1784367826.312,1613.269,steady_state,running,1610.1,24026,24010,0,15.0,24010,41,39,2,,models/yolo11m.pt,crop_rect,640,47.6,66.6,0.7,0.5,14.7,0.4,0.4,1.7,2.1,47.6,3,2,2,0,,True,"[1098, 682]",200,220454,image/jpeg,24010,,5.001,14.997,14.997,14.997,0,75,75
phase08-live-hls-30min-20260718,323,1784367831.313,1618.269,steady_state,running,1615.1,24102,24085,0,15.0,24085,41,39,2,,models/yolo11m.pt,crop_rect,640,47.6,66.8,0.6,0.5,13.6,0.3,0.4,1.7,2.1,47.6,5,2,2,0,,True,"[1098, 682]",200,217008,image/jpeg,24085,,5.0,15.2,15.0,15.0,0,75,75
phase08-live-hls-30min-20260718,324,1784367836.313,1623.27,steady_state,running,1620.1,24177,24160,0,14.98,24160,41,39,2,,models/yolo11m.pt,crop_rect,640,45.7,66.6,0.8,0.5,23.8,0.3,0.4,1.8,2.1,45.7,6,2,2,0,,True,"[1098, 682]",200,215688,image/jpeg,24160,,5.001,14.997,14.997,14.997,0,75,75
phase08-live-hls-30min-20260718,325,1784367841.314,1628.27,steady_state,running,1625.1,24252,24235,0,15.01,24235,41,39,2,,models/yolo11m.pt,crop_rect,640,47.4,66.7,1.0,0.5,20.7,0.3,0.4,1.6,2.0,47.4,4,2,2,0,,True,"[1098, 682]",200,205852,image/jpeg,24235,,5.0,15.0,15.0,15.0,0,75,75
phase08-live-hls-30min-20260718,326,1784367846.314,1633.271,steady_state,running,1630.1,24326,24310,0,14.98,24310,41,39,2,,models/yolo11m.pt,crop_rect,640,41.8,66.6,0.9,0.5,15.7,0.3,0.4,1.7,2.1,41.8,4,2,2,0,,True,"[1098, 682]",200,209660,image/jpeg,24310,,5.001,14.797,14.997,14.997,0,75,75
phase08-live-hls-30min-20260718,327,1784367851.315,1638.271,steady_state,running,1635.1,24401,24385,0,15.0,24385,41,39,2,,models/yolo11m.pt,crop_rect,640,49.2,66.5,0.7,0.5,15.0,0.3,0.4,1.7,2.0,49.2,5,2,2,0,,True,"[1098, 682]",200,219839,image/jpeg,24385,,5.0,15.0,15.0,15.0,0,75,75
phase08-live-hls-30min-20260718,328,1784367856.315,1643.272,steady_state,running,1640.1,24476,24460,0,15.01,24460,41,39,2,,models/yolo11m.pt,crop_rect,640,50.0,66.7,0.9,0.5,14.7,0.3,0.4,1.7,2.0,50.0,3,2,2,0,,True,"[1098, 682]",200,220859,image/jpeg,24460,,5.001,14.997,14.997,14.997,0,75,75
phase08-live-hls-30min-20260718,329,1784367861.316,1648.273,steady_state,running,1645.1,24552,24535,0,14.95,24535,41,39,2,,models/yolo11m.pt,crop_rect,640,49.6,66.7,0.9,0.5,14.0,0.3,0.4,1.7,2.1,49.6,3,2,2,0,,True,"[1098, 682]",200,212072,image/jpeg,24536,,5.001,15.197,14.997,14.997,0,75,75
phase08-live-hls-30min-20260718,330,1784367866.317,1653.273,steady_state,running,1650.1,24627,24610,0,15.01,24610,41,39,2,,models/yolo11m.pt,crop_rect,640,49.6,66.7,0.8,0.5,15.1,0.3,0.4,1.7,2.1,49.6,3,2,2,0,,True,"[1098, 682]",200,224281,image/jpeg,24610,,5.0,15.0,15.0,15.0,0,75,75
phase08-live-hls-30min-20260718,331,1784367871.317,1658.274,steady_state,running,1655.1,24702,24685,0,14.99,24685,41,39,2,,models/yolo11m.pt,crop_rect,640,41.0,66.7,0.9,0.5,17.6,0.3,0.4,1.7,2.1,41.0,3,2,2,0,,True,"[1098, 682]",200,214649,image/jpeg,24685,,5.001,14.997,14.997,14.997,0,75,75
phase08-live-hls-30min-20260718,332,1784367876.317,1663.274,steady_state,running,1660.1,24776,24760,0,15.04,24760,41,39,2,,models/yolo11m.pt,crop_rect,640,47.1,66.6,0.9,0.5,24.4,0.3,0.4,1.8,2.1,47.1,3,2,2,0,,True,"[1098, 682]",200,221152,image/jpeg,24760,,5.0,14.8,15.0,15.0,0,75,75
phase08-live-hls-30min-20260718,333,1784367881.318,1668.274,steady_state,running,1665.1,24851,24835,0,15.01,24835,41,39,2,,models/yolo11m.pt,crop_rect,640,49.5,66.5,0.8,0.5,14.0,0.3,0.4,1.6,2.0,49.5,4,2,2,0,,True,"[1098, 682]",200,198298,image/jpeg,24835,,5.0,15.0,15.0,15.0,0,75,75
phase08-live-hls-30min-20260718,334,1784367886.318,1673.275,steady_state,running,1670.1,24926,24910,0,15.04,24910,41,39,2,,models/yolo11m.pt,crop_rect,640,49.3,66.7,0.7,0.5,14.0,0.3,0.4,1.6,2.1,49.3,5,2,2,0,,True,"[1098, 682]",200,205691,image/jpeg,24910,,5.001,14.997,14.997,14.997,0,75,75
phase08-live-hls-30min-20260718,335,1784367891.319,1678.275,steady_state,running,1675.1,25001,24985,0,15.06,24985,41,39,2,,models/yolo11m.pt,crop_rect,640,50.2,66.8,0.9,0.5,22.6,0.3,0.4,1.7,2.1,50.2,5,2,2,0,,True,"[1098, 682]",200,225920,image/jpeg,24985,,5.0,15.0,15.0,15.0,0,75,75
phase08-live-hls-30min-20260718,336,1784367896.319,1683.276,steady_state,running,1680.1,25076,25060,0,14.98,25060,41,39,2,,models/yolo11m.pt,crop_rect,640,46.4,66.7,0.6,0.5,27.3,0.3,0.4,1.7,2.0,46.4,3,2,2,0,,True,"[1098, 682]",200,219102,image/jpeg,25060,,5.001,14.997,14.997,14.997,0,75,75
phase08-live-hls-30min-20260718,337,1784367901.32,1688.276,steady_state,running,1685.1,25151,25135,0,15.0,25135,41,39,2,,models/yolo11m.pt,crop_rect,640,49.4,66.7,0.8,0.5,13.8,0.4,0.4,1.7,2.1,49.4,6,2,2,0,,True,"[1098, 682]",200,226313,image/jpeg,25135,,5.0,15.0,15.0,15.0,0,75,75
phase08-live-hls-30min-20260718,338,1784367906.32,1693.277,steady_state,running,1690.1,25226,25210,0,14.98,25210,41,39,3,,models/yolo11m.pt,crop_rect,640,42.4,66.7,0.9,0.5,14.3,0.4,0.4,1.6,1.9,42.4,4,1,1,2,,True,"[1098, 682]",200,175162,image/jpeg,25210,,5.001,14.997,14.997,14.997,0,75,75
phase08-live-hls-30min-20260718,339,1784367911.321,1698.277,steady_state,running,1695.1,25302,25285,0,15.01,25285,41,39,2,,models/yolo11m.pt,crop_rect,640,48.0,66.6,0.8,0.6,24.1,0.3,0.4,1.8,2.2,48.0,4,2,2,0,,True,"[1098, 682]",200,214089,image/jpeg,25285,,5.0,15.2,15.0,15.0,0,75,75
phase08-live-hls-30min-20260718,340,1784367916.321,1703.277,steady_state,running,1700.1,25377,25360,0,15.02,25360,42,40,2,,models/yolo11m.pt,crop_rect,640,49.8,66.8,0.7,0.5,14.2,0.3,0.4,1.7,2.0,49.8,5,2,2,0,,True,"[1098, 682]",200,211925,image/jpeg,25361,,5.0,15.0,15.0,15.0,0,75,75
phase08-live-hls-30min-20260718,341,1784367921.321,1708.278,steady_state,running,1705.1,25451,25435,0,14.98,25435,42,40,3,,models/yolo11m.pt,crop_rect,640,49.8,66.7,0.8,0.5,13.5,0.3,0.4,1.6,2.0,49.8,5,3,3,0,,True,"[1098, 682]",200,199712,image/jpeg,25435,,5.001,14.797,14.997,14.997,0,75,75
phase08-live-hls-30min-20260718,342,1784367926.322,1713.278,steady_state,running,1710.1,25527,25510,0,15.0,25510,42,40,2,,models/yolo11m.pt,crop_rect,640,49.8,66.6,0.7,0.5,22.9,0.3,0.4,1.7,2.1,49.8,3,2,2,0,,True,"[1098, 682]",200,223203,image/jpeg,25510,,5.0,15.2,15.0,15.0,0,75,75
phase08-live-hls-30min-20260718,343,1784367931.322,1718.279,steady_state,running,1715.1,25601,25585,0,15.01,25585,42,40,2,,models/yolo11m.pt,crop_rect,640,49.4,66.7,0.9,0.5,14.2,0.3,0.4,1.7,2.0,49.4,4,2,2,0,,True,"[1098, 682]",200,215773,image/jpeg,25586,,5.001,14.797,14.997,14.997,0,75,75
phase08-live-hls-30min-20260718,344,1784367936.323,1723.279,steady_state,running,1720.1,25677,25660,0,14.98,25660,42,40,2,,models/yolo11m.pt,crop_rect,640,47.8,66.6,0.6,0.5,14.5,0.3,0.4,1.6,2.0,47.8,4,2,2,0,,True,"[1098, 682]",200,210906,image/jpeg,25660,,5.0,15.2,15.0,15.0,0,75,75
phase08-live-hls-30min-20260718,345,1784367941.323,1728.279,steady_state,running,1725.1,25751,25735,0,15.0,25735,42,40,2,,models/yolo11m.pt,crop_rect,640,49.5,66.7,0.8,0.5,14.2,0.3,0.4,1.7,2.1,49.5,4,2,2,0,,True,"[1098, 682]",200,225653,image/jpeg,25735,,5.0,14.8,15.0,15.0,0,75,75
phase08-live-hls-30min-20260718,346,1784367946.323,1733.28,steady_state,running,1730.1,25826,25810,0,15.0,25810,43,41,2,,models/yolo11m.pt,crop_rect,640,46.4,66.6,1.0,0.5,24.4,0.4,0.4,1.8,2.2,46.4,4,2,2,0,,True,"[1098, 682]",200,233719,image/jpeg,25810,,5.001,14.997,14.997,14.997,0,75,75
phase08-live-hls-30min-20260718,347,1784367951.323,1738.28,steady_state,running,1735.1,25902,25885,0,15.01,25885,43,41,2,,models/yolo11m.pt,crop_rect,640,48.7,66.7,0.6,0.4,14.6,0.3,0.4,1.6,2.0,48.7,4,2,2,0,,True,"[1098, 682]",200,193582,image/jpeg,25886,,5.0,15.2,15.0,15.0,0,75,75
phase08-live-hls-30min-20260718,348,1784367956.324,1743.28,steady_state,running,1740.1,25977,25960,0,15.03,25960,43,41,2,,models/yolo11m.pt,crop_rect,640,48.0,66.6,0.9,0.5,18.7,0.3,0.4,1.6,2.0,48.0,3,2,2,0,,True,"[1098, 682]",200,203110,image/jpeg,25960,,5.0,15.0,15.0,15.0,0,75,75
phase08-live-hls-30min-20260718,349,1784367961.324,1748.28,steady_state,running,1745.1,26052,26035,0,15.07,26035,43,41,2,,models/yolo11m.pt,crop_rect,640,50.0,66.6,0.6,0.5,14.4,0.4,0.4,1.6,2.0,50.0,4,2,2,0,,True,"[1098, 682]",200,189085,image/jpeg,26036,,5.0,15.0,15.0,15.0,0,75,75
phase08-live-hls-30min-20260718,350,1784367966.324,1753.281,steady_state,running,1750.1,26127,26110,0,15.01,26110,43,41,2,,models/yolo11m.pt,crop_rect,640,47.8,66.7,0.7,0.5,15.2,0.3,0.4,1.7,2.1,47.8,4,2,2,0,,True,"[1098, 682]",200,221320,image/jpeg,26111,,5.001,14.997,14.997,14.997,0,75,75
phase08-live-hls-30min-20260718,351,1784367971.325,1758.281,steady_state,running,1755.1,26202,26185,0,15.06,26185,43,41,2,,models/yolo11m.pt,crop_rect,640,49.6,66.8,0.9,0.5,13.9,0.3,0.4,1.8,2.2,49.6,4,2,2,0,,True,"[1098, 682]",200,237562,image/jpeg,26186,,5.0,15.0,15.0,15.0,0,75,75
phase08-live-hls-30min-20260718,352,1784367976.325,1763.281,steady_state,running,1760.1,26277,26260,0,15.01,26260,43,41,2,,models/yolo11m.pt,crop_rect,640,48.6,66.7,0.6,0.4,22.9,0.4,0.4,1.7,2.1,48.6,4,2,2,0,,True,"[1098, 682]",200,230513,image/jpeg,26261,,5.0,15.0,15.0,15.0,0,75,75
phase08-live-hls-30min-20260718,353,1784367981.325,1768.282,steady_state,running,1765.1,26352,26335,0,15.02,26335,43,41,3,,models/yolo11m.pt,crop_rect,640,49.3,66.7,0.8,0.5,13.6,0.3,0.4,1.6,2.0,49.3,5,2,2,1,,True,"[1098, 682]",200,197578,image/jpeg,26336,,5.001,14.997,14.997,14.997,0,75,75
phase08-live-hls-30min-20260718,354,1784367986.325,1773.282,steady_state,running,1770.1,26427,26410,0,15.0,26410,43,41,2,,models/yolo11m.pt,crop_rect,640,38.3,66.8,0.9,0.5,24.3,0.3,0.4,1.7,2.1,38.3,4,2,2,0,,True,"[1098, 682]",200,220013,image/jpeg,26410,,5.0,15.0,15.0,15.0,0,75,75
phase08-live-hls-30min-20260718,355,1784367991.326,1778.282,steady_state,running,1775.1,26502,26486,0,14.92,26486,43,41,2,,models/yolo11m.pt,crop_rect,640,49.3,66.7,0.8,0.5,14.4,0.3,0.4,1.8,2.1,49.3,3,2,2,0,,True,"[1098, 682]",200,231226,image/jpeg,26486,,5.0,15.0,15.2,15.2,0,76,76
phase08-live-hls-30min-20260718,356,1784367996.326,1783.283,steady_state,running,1780.1,26577,26560,0,14.99,26560,43,41,2,,models/yolo11m.pt,crop_rect,640,48.9,66.6,0.9,0.5,15.8,0.3,0.4,1.6,2.0,48.9,4,2,2,0,,True,"[1098, 682]",200,203222,image/jpeg,26560,,5.001,14.997,14.797,14.797,0,74,74
phase08-live-hls-30min-20260718,357,1784368001.327,1788.283,steady_state,running,1785.1,26652,26635,0,15.05,26635,43,41,2,,models/yolo11m.pt,crop_rect,640,49.6,66.7,0.9,0.5,13.6,0.3,0.4,1.7,2.1,49.6,3,2,2,0,,True,"[1098, 682]",200,223374,image/jpeg,26635,,5.0,15.0,15.0,15.0,0,75,75
phase08-live-hls-30min-20260718,358,1784368006.327,1793.283,steady_state,running,1790.1,26727,26711,0,14.98,26711,43,41,2,,models/yolo11m.pt,crop_rect,640,49.8,66.7,0.6,0.5,16.6,0.3,0.4,1.7,2.1,49.8,4,2,2,0,,True,"[1098, 682]",200,227028,image/jpeg,26711,,5.0,15.0,15.2,15.2,0,76,76
phase08-live-hls-30min-20260718,359,1784368011.327,1798.284,steady_state,running,1795.1,26802,26785,0,14.99,26785,43,41,2,,models/yolo11m.pt,crop_rect,640,40.8,66.7,0.8,0.5,22.4,0.4,0.4,1.7,2.1,40.8,6,2,2,0,,True,"[1098, 682]",200,217612,image/jpeg,26785,,5.001,14.997,14.797,14.797,0,74,74
